l_orderkey,revenue,o_orderdate,o_shippriority
820962,419926.0763,1995-02-11,0
630307,415855.5458,1995-01-30,0
4607909,414722.4714,1995-02-27,0
3182468,410405.5494,1995-02-11,0
4868034,404208.2718,1995-02-20,0
1670759,394096.6203,1995-02-20,0
3021510,392182.0173,1995-02-04,0
4940928,391339.2508,1995-02-12,0
4046689,387831.7184,1995-02-07,0
2351270,387236.633,1995-03-03,0
725350,385547.2742,1995-03-02,0
2804001,378697.8367,1995-02-13,0
4080544,375241.436,1995-02-22,0
568514,370778.6535,1995-02-18,0
3283042,368517.6443,1995-02-08,0
1000004,367563.8124,1995-03-02,0
178727,358270.7436,1995-02-25,0
4366310,355731.3474,1995-02-25,0
2489856,355220.1752,1995-02-24,0
887427,355052.4968,1995-03-02,0
3943810,354633.4437,1995-02-15,0
915620,350339.1006,1995-02-11,0
1411522,348873.1414,1995-03-03,0
5608230,348456.3178,1995-01-25,0
5536290,346681.1072,1995-01-31,0
4204646,344230.7059,1995-02-04,0
3510692,344140.545,1995-02-16,0
3394532,344080.4137,1995-02-03,0
2672101,343955.8863,1995-02-28,0
5232164,343460.6726,1995-02-22,0
1145764,342858.0364,1995-02-17,0
5475975,342664.9961,1995-02-20,0
3456320,342213.1806,1995-02-13,0
2794307,340971.3589,1995-02-05,0
864000,340299.6171,1995-02-27,0
2042305,340090.4169,1995-01-20,0
5813603,337695.6948,1995-02-07,0
4093761,337572.9702,1995-01-26,0
4618913,336811.0583,1995-02-27,0
4736678,336651.4815,1995-03-03,0
2256518,336267.5074,1995-02-18,0
1162759,336060.8342,1995-02-20,0
600259,335714.6937,1995-02-13,0
3171521,334463.2035,1995-03-03,0
3604994,334075.5225,1995-02-26,0
4266053,333690.9337,1995-03-01,0
3472071,332465.548,1995-03-03,0
1624195,330833.8981,1995-01-23,0
3456230,330584.3718,1995-02-01,0
2097063,330376.3921,1995-02-22,0
177955,330285.2993,1995-03-01,0
3813895,329633.5358,1995-02-17,0
3056836,329281.7593,1995-02-20,0
5193702,328644.8019,1995-01-10,0
5111201,327864.1812,1995-02-19,0
1433444,327712.9293,1995-02-09,0
161062,327560.6089,1995-01-22,0
2752773,326908.5147,1995-02-20,0
3393632,326250.8228,1995-02-15,0
1324322,326184.0884,1995-02-22,0
5935620,326056.9434,1995-02-25,0
5942788,325725.1133,1995-02-24,0
4472710,323619.2649,1995-02-17,0
1562819,323415.4332,1995-02-22,0
1824391,322820.4112,1995-02-26,0
5435302,321607.7194,1995-02-24,0
956288,321536.3715,1995-01-31,0
3487105,321365.3288,1995-02-19,0
2355141,321340.8075,1995-02-17,0
937091,320854.2419,1995-02-22,0
4778278,320769.1868,1995-02-05,0
433543,320593.3057,1995-02-20,0
4603847,319382.5714,1995-02-25,0
1413862,319031.8886,1995-02-19,0
4015591,319002.8806,1995-02-15,0
4604002,318876.0192,1995-02-22,0
2011780,318277.1069,1995-02-16,0
3197254,316867.3197,1995-02-25,0
3142406,314911.3452,1995-03-03,0
2835174,313440.2474,1995-01-28,0
1279942,312138.6416,1995-02-27,0
748418,312087.1158,1995-02-25,0
5596161,311942.0912,1995-02-27,0
4911079,311907.3579,1995-01-01,0
5654501,311652.036,1995-02-13,0
951524,311455.5983,1995-02-21,0
4433667,311129.9593,1995-02-23,0
5714535,310551.6033,1995-02-19,0
4516868,310508.9898,1995-02-03,0
298661,310445.086,1995-02-03,0
5241317,309753.1326,1995-03-02,0
3627970,309665.035,1995-02-18,0
1466147,309554.3944,1995-02-22,0
2336643,308734.5041,1995-02-18,0
5555072,308281.4174,1995-02-03,0
1301347,307742.296,1995-02-02,0
5160645,307052.766,1995-01-18,0
3820229,306364.4551,1995-02-25,0
2381030,305303.1276,1995-02-08,0
3839968,305230.9314,1995-02-17,0
4286624,305142.9039,1995-01-28,0
3213159,304973.3532,1995-03-01,0
3324100,304956.248,1995-01-14,0
5569829,304874.5859,1995-01-16,0
5519969,304794.0972,1995-02-28,0
3103782,304282.5383,1995-02-27,0
352133,304035.847,1995-02-04,0
1923138,302496.7161,1995-03-02,0
1621031,302329.8852,1995-02-19,0
737191,302190.0251,1995-02-11,0
5808486,302167.8394,1995-02-20,0
498465,300369.2936,1995-02-27,0
2166274,300142.0374,1995-03-01,0
5294561,298923.3968,1995-02-19,0
5892514,298675.8816,1995-01-15,0
4579041,298361.7492,1995-02-12,0
924390,298266.748,1995-02-28,0
619268,296836.7009,1995-02-28,0
5535078,296544.5973,1995-02-14,0
5702880,296440.5498,1995-02-25,0
3291489,296398.5123,1995-02-15,0
55973,296290.0338,1995-02-15,0
948583,295987.145,1995-01-25,0
3521314,295907.1048,1995-01-13,0
2240643,295459.5479,1995-02-24,0
5437442,295446.8173,1995-02-06,0
2460612,295356.1482,1995-02-21,0
3990912,294221.975,1995-01-01,0
5001059,294001.4524,1995-02-16,0
1753668,293762.2428,1995-01-24,0
1653538,293490.4665,1995-01-16,0
5365990,293467.5034,1995-02-06,0
3149986,293231.0259,1995-02-05,0
292515,293165.5146,1995-01-30,0
5134951,292862.0678,1995-02-11,0
78916,292829.2556,1995-01-24,0
1724322,292809.7109,1995-02-28,0
2567781,292502.7449,1995-01-21,0
3679042,292483.9598,1995-02-26,0
3239938,292160.4034,1995-02-11,0
3805959,292050.1349,1995-02-22,0
4632644,292026.9708,1995-02-17,0
3359234,291844.9712,1995-02-09,0
415461,291400.1412,1995-02-19,0
237351,291282.0945,1995-02-28,0
3743301,291036.8348,1995-02-26,0
2800644,290601.413,1995-02-27,0
5555556,290305.874,1995-02-25,0
4030242,290193.949,1995-02-20,0
1267715,289794.9567,1995-02-21,0
4386593,289694.8314,1995-02-21,0
5466529,289594.8302,1995-03-02,0
3602311,289360.8109,1995-02-02,0
4830181,289321.5856,1995-02-28,0
2799269,289304.2008,1995-03-03,0
1497413,288912.637,1995-02-20,0
5525921,288708.1792,1995-02-12,0
1281540,288499.9956,1995-02-14,0
4023494,288236.1141,1995-02-20,0
2483172,288094.0451,1995-03-02,0
2778401,287575.5289,1995-01-01,0
5852871,287477.5976,1995-02-15,0
3017796,287223.4723,1995-01-24,0
2656353,286967.9954,1995-02-26,0
1102498,286692.5817,1995-02-28,0
2481798,286688.6406,1995-02-11,0
3751974,286465.594,1995-01-25,0
1353093,286137.3922,1995-02-24,0
4593410,285870.1261,1995-02-23,0
2795842,285686.8288,1995-02-15,0
1409445,285682.5926,1995-01-25,0
2990338,285291.1544,1995-02-28,0
4673252,285210.206,1995-02-24,0
4602305,284762.8201,1995-03-03,0
5952197,284696.7131,1995-02-19,0
4076839,284634.903,1995-02-26,0
2076419,283534.0206,1995-01-22,0
453216,283398.7096,1995-02-18,0
5790529,283197.0886,1995-02-16,0
4829443,282796.4971,1995-02-09,0
1944773,281659.2916,1995-02-23,0
3011303,281630.0502,1995-01-12,0
4152897,281420.6735,1995-03-03,0
2752356,281320.8724,1995-01-16,0
1887845,280560.9819,1995-02-28,0
5041601,280112.6938,1995-02-08,0
787460,279737.3996,1995-02-13,0
1555106,279543.7604,1995-03-03,0
4970948,279252.7866,1995-02-02,0
5638725,278903.777,1995-02-09,0
3670533,278783.0628,1995-01-31,0
5605157,278736.3758,1995-03-01,0
4599526,278706.9842,1995-01-25,0
4616231,278451.0695,1995-02-22,0
3311907,278398.1239,1995-02-27,0
274371,278374.6741,1995-03-01,0
2653408,278006.0809,1995-02-13,0
1529441,277857.5259,1995-03-02,0
139111,277786.3639,1995-02-27,0
3908802,277547.7086,1995-02-12,0
3001447,277527.068,1995-02-25,0
3063458,277509.2796,1995-02-12,0
2430433,277390.4562,1995-02-04,0
1388101,277364.1864,1995-02-25,0
5371840,277307.5352,1995-02-24,0
3811616,277244.8758,1995-02-10,0
4206275,277002.601,1995-03-03,0
5108353,276928.1122,1995-02-27,0
5250947,276753.3945,1995-02-28,0
410118,276612.8946,1995-02-13,0
5114242,276544.6478,1995-02-17,0
2765312,276448.9691,1995-02-23,0
935937,276173.0912,1995-02-27,0
5091810,275796.2206,1995-02-28,0
1644935,275784.4198,1995-03-02,0
2181696,275154.9762,1995-02-17,0
3327105,274990.9348,1995-02-28,0
1710215,274845.5653,1995-02-14,0
2099910,274695.2684,1995-02-10,0
5283975,274403.3612,1995-02-19,0
3042849,274214.1164,1995-02-12,0
3253188,274072.5688,1995-02-24,0
1996548,274068.3312,1995-02-24,0
3181315,274055.3978,1995-02-21,0
3313763,273871.4078,1994-11-27,0
4104773,273803.6851,1995-02-11,0
3262599,273485.0838,1995-02-10,0
4916228,273471.7987,1995-01-23,0
5186723,273457.0424,1995-02-14,0
2912164,273347.8953,1995-02-21,0
1552546,273079.1511,1995-02-22,0
5755617,272951.5677,1995-02-24,0
3104645,272927.6126,1995-02-17,0
4474341,272515.7712,1995-02-09,0
5897505,272278.5705,1995-01-17,0
4515552,272217.7452,1995-02-16,0
1364231,272007.1768,1995-01-21,0
3106791,271853.8656,1995-03-02,0
4965668,271778.0177,1995-02-22,0
1226308,271614.0856,1995-01-30,0
721988,271354.1762,1995-02-16,0
2618277,271304.5521,1995-02-07,0
1818531,271115.1011,1995-01-31,0
5807941,271014.1537,1995-03-01,0
3722465,270414.0401,1995-03-03,0
2286789,270242.769,1995-01-04,0
5275524,270142.886,1995-01-14,0
2740513,270122.4969,1995-03-01,0
1103232,270072.2717,1995-02-27,0
1838021,269909.9095,1995-01-18,0
2081380,269868.9047,1995-01-30,0
4360800,269776.1895,1995-03-02,0
5369415,269603.8552,1995-01-18,0
3859395,269363.9901,1995-02-24,0
1876102,269291.4587,1995-02-10,0
2725635,269043.2049,1995-02-28,0
4084418,268949.2335,1995-02-21,0
364069,268878.8165,1995-02-20,0
1745447,268795.1976,1995-03-03,0
1753728,268641.9515,1995-01-27,0
2291589,268582.8162,1995-02-22,0
3973954,268132.1797,1995-01-09,0
1538626,268057.802,1995-02-18,0
1461090,267948.7075,1995-02-26,0
4956480,267775.5237,1995-01-29,0
2279526,267421.6907,1995-01-09,0
548257,267384.772,1995-03-02,0
5167780,267302.7886,1995-03-01,0
4533063,267222.3238,1995-02-25,0
4387303,266448.6388,1995-01-31,0
4020737,266363.2125,1995-02-25,0
4429120,266354.9746,1995-01-24,0
5807301,266282.044,1995-03-01,0
4887075,266120.4627,1995-02-28,0
4430562,265886.6119,1995-02-25,0
1069923,265320.8345,1994-12-22,0
1633922,265047.8477,1995-03-01,0
3620709,264912.1673,1995-01-10,0
3388320,264822.1324,1995-03-02,0
1603617,264753.4195,1995-02-28,0
1042723,264747.7104,1995-02-13,0
3163553,264696.084,1995-02-08,0
3690503,264570.9563,1995-02-12,0
1413154,264331.9284,1995-01-09,0
5686052,264102.1668,1995-02-22,0
4224033,264097.3462,1995-01-06,0
2348262,264087.5225,1995-02-23,0
411520,263967.2569,1995-01-28,0
4891648,263797.9042,1995-01-08,0
3069990,263647.4549,1995-02-22,0
4985986,263343.3107,1995-02-16,0
5396806,263321.0752,1995-02-21,0
3507171,263178.778,1995-01-23,0
3579362,263174.4985,1995-02-15,0
5312453,263107.4308,1995-02-10,0
4762054,262987.2894,1995-02-12,0
2883779,262958.2381,1995-02-22,0
4400837,262880.9222,1995-02-22,0
3215783,262404.4995,1995-01-14,0
4759398,262027.9684,1995-01-31,0
2471364,262022.1276,1995-02-12,0
3189152,261790.9005,1995-01-06,0
4474049,261413.5124,1995-02-23,0
5884741,261195.9296,1995-02-26,0
4438311,261184.3834,1995-01-27,0
804998,261023.8208,1995-02-27,0
2270180,260992.3247,1995-02-21,0
2042272,260845.0056,1995-02-11,0
65986,260765.5585,1995-02-19,0
5667457,260688.9352,1995-02-04,0
3584484,260532.549,1995-02-15,0
5731777,260166.0238,1995-01-30,0
351590,260099.8787,1995-01-30,0
2109157,260083.0124,1995-02-24,0
5821826,259880.2599,1995-03-03,0
3749893,259486.6964,1995-02-19,0
5280261,259182.1263,1995-02-19,0
3254053,259081.0872,1995-02-20,0
843463,259055.3906,1995-02-10,0
3492804,258999.1959,1994-12-13,0
3545317,258710.715,1995-02-17,0
3344773,258574.2616,1995-03-02,0
2162823,258562.0424,1995-01-17,0
1462278,258430.7625,1995-02-10,0
5409632,258265.5904,1995-02-18,0
3597218,258129.8529,1995-02-21,0
5059173,258124.2054,1995-02-25,0
4833283,258015.1895,1995-02-14,0
3799648,257204.3073,1995-03-02,0
4955909,257129.2906,1995-01-27,0
1176613,257051.3115,1995-01-20,0
4117568,256945.7806,1995-02-04,0
5389703,256873.3453,1995-01-16,0
1866371,256558.4324,1995-02-23,0
4322661,256520.5255,1995-02-14,0
319844,256433.7114,1995-01-16,0
5425029,256373.0102,1995-02-19,0
4427969,256179.5348,1995-03-03,0
1969607,256138.1604,1995-02-27,0
3294660,256063.1613,1995-02-27,0
22849,255816.3236,1995-02-15,0
400007,255006.3053,1995-02-26,0
4739876,254781.2825,1995-02-08,0
2744548,254614.086,1995-01-24,0
4076644,254396.1978,1995-02-19,0
1691553,254097.3742,1995-02-25,0
3745888,253858.5464,1995-02-17,0
2936324,253719.3528,1995-02-09,0
1965248,253453.2554,1995-02-24,0
3116679,253311.8062,1995-02-19,0
3807173,253179.5204,1995-02-25,0
4969733,253065.2112,1995-02-21,0
363909,252999.9321,1995-02-26,0
536225,252794.9093,1995-01-28,0
1295748,252374.3885,1995-02-13,0
1727747,252192.535,1995-02-28,0
4942371,251937.3577,1995-03-02,0
4540064,251896.339,1995-01-27,0
5704517,251566.5562,1995-01-14,0
1005030,251489.9682,1995-02-14,0
983813,251374.6065,1995-02-26,0
5580738,251317.8394,1995-02-14,0
5418978,251276.3892,1995-02-24,0
3389184,251247.8373,1995-02-19,0
4499008,251227.6835,1995-01-16,0
748992,251054.6412,1995-02-27,0
1599430,250989.923,1995-01-29,0
2419616,250989.0452,1995-01-25,0
4162275,250888.8981,1995-01-31,0
3476837,250629.1744,1995-03-02,0
4298368,250420.8814,1995-02-17,0
5371687,250335.3839,1994-12-27,0
5456994,250304.895,1995-02-22,0
2179876,249871.8726,1995-03-01,0
5233029,249760.0868,1995-02-24,0
4978885,249725.9115,1995-01-12,0
3943143,249676.3212,1994-12-19,0
2905120,249577.8358,1995-01-06,0
5624548,249096.5656,1995-01-06,0
4240705,249064.5672,1995-01-09,0
4902432,249064.0696,1995-01-27,0
1344869,249036.8688,1995-02-05,0
1220039,248940.4892,1995-02-10,0
3234625,248915.3069,1995-02-17,0
5242048,248637.234,1995-01-13,0
4369792,248508.7564,1995-03-01,0
3325026,248370.7193,1995-03-01,0
3035396,248366.3283,1995-01-10,0
5406691,248233.7448,1995-02-28,0
3698150,248204.2785,1995-01-28,0
685568,248036.4505,1995-02-20,0
2696069,247916.1886,1995-02-01,0
4596103,247895.0705,1995-02-14,0
5017444,247841.3943,1995-01-27,0
416167,247816.8448,1995-02-22,0
5803590,247753.848,1995-02-15,0
1693442,247684.2235,1995-02-22,0
5376455,247604.7598,1995-02-19,0
318661,247361.9913,1994-12-31,0
3252064,247187.1347,1995-02-02,0
1040325,247001.8164,1995-02-22,0
4165859,246990.0459,1995-02-04,0
3359046,246801.5545,1995-02-10,0
5255461,246728.4431,1995-02-28,0
2675074,246684.2075,1995-02-19,0
5778084,246496.8065,1995-02-22,0
4833473,246475.5634,1995-01-17,0
1590823,246311.4081,1995-01-24,0
5998627,246292.0654,1995-02-21,0
251077,246269.8126,1995-02-18,0
1499461,246195.4383,1995-02-08,0
4656484,246172.9684,1995-02-09,0
2161511,246170.0863,1995-01-07,0
682371,246041.2285,1995-02-24,0
4262048,245894.2788,1995-01-15,0
3455653,245773.8284,1995-01-30,0
2136772,245728.0823,1995-02-05,0
2705796,245668.611,1995-02-15,0
2009184,245617.58,1995-01-15,0
2855584,245512.0364,1995-02-20,0
1447395,245444.5201,1994-12-18,0
3507558,245338.9429,1995-03-03,0
2508832,245239.6599,1995-01-23,0
5297987,245097.9342,1995-02-03,0
2169537,245090.8049,1995-02-14,0
4251270,245082.3312,1995-01-24,0
5059553,244984.319,1995-02-11,0
159777,244801.6554,1995-02-28,0
4342436,244704.8699,1995-02-18,0
952768,244665.4104,1995-03-03,0
5974055,244653.914,1995-02-08,0
4754976,244544.4,1995-02-27,0
3066757,244465.489,1995-01-08,0
972038,244361.8758,1995-02-11,0
597922,244311.9259,1995-01-21,0
1713189,244234.9469,1995-01-21,0
2733607,243985.39,1995-02-26,0
592577,243901.3862,1995-02-27,0
1564582,243810.337,1995-02-08,0
5214598,243760.4264,1995-01-16,0
569123,243712.4172,1995-01-06,0
4720994,243601.835,1995-02-20,0
3908389,243395.7906,1995-01-31,0
4184993,243372.0334,1995-03-03,0
2910944,243267.2136,1995-02-25,0
3661987,243227.9032,1995-02-18,0
5315712,243197.3392,1995-02-26,0
3367621,242725.1338,1995-02-27,0
4240678,242724.4676,1995-02-10,0
3121475,242493.8764,1995-02-08,0
5093031,242282.8328,1995-02-07,0
5928865,242164.0084,1995-02-03,0
2212419,242135.1886,1995-02-27,0
644128,241759.195,1995-02-07,0
4837346,241596.5014,1995-02-17,0
701154,241555.835,1995-02-23,0
3634118,241541.1537,1995-02-14,0
1422210,241477.3199,1995-02-19,0
1078017,241464.2873,1995-02-01,0
5094180,241458.6362,1995-01-24,0
4485223,241444.0422,1995-02-18,0
3103584,241277.937,1995-01-16,0
3650626,241266.3871,1995-01-01,0
2404289,241148.5434,1995-03-02,0
2575584,241128.3765,1995-02-16,0
1151238,241092.1744,1995-02-08,0
5328164,241064.7987,1995-02-24,0
3648677,241030.9188,1995-03-01,0
1079910,240548.5333,1995-02-18,0
4922502,240512.577,1995-01-17,0
1377286,240465.4629,1995-01-28,0
5397635,240424.5202,1995-01-21,0
3651173,240346.9132,1995-02-19,0
3389538,240239.74,1995-01-31,0
5628551,240171.1525,1995-02-13,0
5075557,240150.8672,1995-03-02,0
1331138,240109.4862,1995-02-26,0
1663360,240088.8497,1995-01-25,0
4515778,240027.3463,1995-01-22,0
2086435,240009.4615,1995-02-24,0
1823078,239980.5132,1995-01-26,0
3434022,239872.389,1995-02-27,0
3847073,239649.0726,1995-02-21,0
5283269,239569.1026,1995-01-22,0
2349728,239566.5595,1995-02-09,0
2209863,239436.5333,1995-01-04,0
4621601,239412.4862,1995-02-13,0
605953,238693.6625,1995-02-18,0
2271395,238632.2378,1995-01-17,0
269091,238599.0056,1995-02-18,0
4279776,238426.3313,1995-02-19,0
1047108,238426.195,1995-02-28,0
5434055,238350.5257,1995-01-08,0
4103970,238333.2621,1995-03-01,0
3359908,238298.907,1995-02-01,0
5862533,238294.9582,1995-02-12,0
2636130,238255.0525,1995-02-01,0
3414498,238050.0921,1995-02-26,0
3315685,237963.8492,1995-02-09,0
4467200,237955.9088,1995-01-07,0
3435809,237931.3705,1995-02-28,0
1437573,237898.3191,1995-01-23,0
5490468,237891.3888,1995-03-03,0
3617028,237867.4125,1994-12-22,0
5339874,237737.7567,1995-02-23,0
4749924,237707.2166,1995-02-10,0
5329569,237671.1179,1995-03-03,0
2199360,237649.9285,1995-02-03,0
379751,237632.8973,1995-03-01,0
829987,237613.2223,1995-03-01,0
5720740,237522.5706,1995-01-17,0
3653190,237455.1961,1995-03-03,0
3559366,237435.6766,1995-01-30,0
4249249,237253.455,1995-02-12,0
731812,237197.7558,1995-02-19,0
3176581,236993.718,1995-01-23,0
3480839,236858.0573,1995-01-27,0
1311040,236741.5127,1995-02-24,0
5672359,236531.3185,1995-02-18,0
2934240,236468.9868,1995-03-02,0
3812931,236386.7406,1995-02-16,0
434084,236358.9665,1995-02-10,0
3694850,236186.0659,1994-12-23,0
5901249,235898.374,1994-12-18,0
2328963,235697.063,1995-01-12,0
2058625,235678.784,1995-02-16,0
5198945,235525.4211,1995-02-03,0
5066371,235434.0592,1995-02-19,0
5261828,235275.6727,1995-02-19,0
580740,235220.4296,1995-01-12,0
200420,235208.749,1995-01-19,0
5890692,235069.5222,1995-02-23,0
258246,235032.8163,1995-02-08,0
4945927,235000.4358,1995-01-14,0
3037414,234933.8345,1995-01-25,0
4582631,234791.662,1995-02-15,0
3331393,234772.3513,1995-03-02,0
2701317,234756.8619,1995-02-03,0
5214819,234667.7731,1995-03-01,0
467172,234590.5528,1995-02-04,0
1367750,234576.0447,1995-01-11,0
5592738,234540.8041,1995-02-02,0
2330245,234422.0284,1995-03-02,0
3827202,234397.9013,1995-01-25,0
4616197,234334.3821,1994-12-27,0
4783046,234240.323,1995-02-14,0
3355780,234103.9479,1995-02-09,0
1831175,234061.3175,1995-03-02,0
3785827,233992.2896,1995-02-19,0
2556484,233914.2096,1995-01-02,0
3640773,233887.739,1995-02-26,0
1977729,233849.3967,1995-01-31,0
4711232,233685.6732,1995-02-01,0
5562375,233613.285,1995-02-14,0
178052,233602.1172,1995-01-28,0
21989,233573.6555,1995-02-11,0
3278979,233528.6088,1995-02-17,0
1447429,233525.4715,1995-02-19,0
5945827,233371.3062,1995-01-27,0
3904294,233351.5069,1995-03-03,0
4026176,233088.9743,1995-01-29,0
2563425,233063.4742,1995-02-13,0
5377670,232865.6773,1995-02-20,0
4868612,232855.2113,1995-02-25,0
3965445,232809.4667,1995-02-04,0
501536,232744.8739,1995-03-03,0
1054951,232633.1664,1995-01-08,0
2586374,232623.0582,1995-02-25,0
2294944,232582.6864,1995-02-11,0
4650851,232485.956,1995-02-01,0
5056292,232245.0086,1995-02-28,0
624035,232229.6945,1995-01-18,0
3871718,232118.1023,1995-02-24,0
4447361,232080.417,1995-02-04,0
5553542,231914.7864,1995-02-05,0
4551681,231903.369,1995-02-28,0
2853734,231669.0024,1995-02-06,0
5967683,231588.1086,1995-01-08,0
1527937,231527.1783,1995-02-04,0
3756263,231509.2381,1995-02-06,0
5813956,231464.3143,1995-02-16,0
1628578,231359.5267,1995-01-25,0
3636163,231349.676,1995-01-26,0
1091746,231314.5368,1995-02-27,0
4584129,231188.7978,1995-02-25,0
4231459,231036.112,1995-02-25,0
2528707,231024.5758,1995-02-23,0
3389698,231002.2482,1995-02-20,0
45059,230798.1463,1995-02-04,0
5884324,230711.1077,1995-02-25,0
3291395,230643.4641,1995-02-16,0
4692449,230630.9572,1995-02-14,0
1819975,230587.1338,1995-02-26,0
2170916,230519.3948,1995-02-07,0
3569794,230391.174,1995-02-14,0
2250657,230336.6996,1995-02-05,0
264007,230328.6714,1995-02-28,0
5439943,230322.9937,1995-01-02,0
5199171,230251.6269,1995-01-29,0
2078752,230235.4953,1995-01-30,0
2913668,230035.4138,1995-02-20,0
974695,229677.4346,1995-02-24,0
3386177,229555.2754,1995-02-12,0
2830465,229425.8658,1995-01-31,0
247040,229373.5758,1995-02-24,0
3598629,229283.5776,1995-01-16,0
1566854,229273.1912,1995-02-08,0
1178947,229270.2248,1995-01-31,0
5820960,229269.1761,1995-01-04,0
5039458,229108.3439,1995-01-28,0
5991841,229094.9184,1995-02-01,0
5810119,229014.107,1995-02-09,0
4626343,228900.9169,1995-02-15,0
534439,228891.0576,1995-03-03,0
3202209,228663.835,1995-02-19,0
526179,228595.5162,1995-02-07,0
924071,228275.7889,1995-02-22,0
3392579,228251.0347,1995-01-23,0
474407,228248.6637,1995-01-23,0
4432647,228204.7127,1995-01-10,0
1363457,227987.8582,1995-02-05,0
2978340,227814.9248,1995-02-15,0
528320,227560.4837,1995-02-19,0
3501088,227493.8361,1995-01-19,0
2896256,227415.6147,1995-02-17,0
2978048,227350.3529,1995-02-10,0
1842819,227322.3871,1995-02-26,0
669666,227295.0532,1995-02-26,0
5719847,227201.4528,1995-02-28,0
214757,227133.0212,1995-02-25,0
3697443,227115.4405,1995-02-23,0
2048226,227040.2555,1995-01-28,0
4640036,227038.6488,1995-02-26,0
3301476,227020.5192,1995-02-01,0
2447041,226735.0743,1995-02-18,0
2011078,226627.1004,1995-02-04,0
5896929,226611.9029,1995-02-10,0
2061797,226570.7539,1995-02-10,0
83267,226434.005,1995-02-01,0
5748100,226384.7569,1994-12-16,0
1388769,226283.0164,1995-02-28,0
4192454,226247.5216,1995-01-13,0
2954144,226227.7422,1995-02-24,0
1564775,226227.2992,1995-03-03,0
1134662,226216.0272,1995-01-15,0
4554560,226020.3635,1995-03-01,0
2125767,226016.0645,1995-02-01,0
5367200,226014.7015,1995-02-08,0
4913189,225993.5315,1995-02-23,0
1616452,225940.4838,1995-02-27,0
4682689,225921.712,1995-02-28,0
2572518,225913.3101,1995-01-28,0
4096261,225794.3684,1995-02-20,0
2892225,225746.4023,1995-02-13,0
4512678,225697.1737,1995-01-23,0
5084132,225671.0886,1995-03-02,0
636001,225669.1353,1995-03-01,0
2273507,225594.404,1995-03-03,0
551143,225534.2492,1995-01-17,0
3557504,225499.8678,1995-02-20,0
4943938,225495.0068,1995-02-24,0
1832805,225392.33,1995-02-03,0
4414886,225325.9166,1995-01-08,0
2986848,225288.1737,1995-02-06,0
5892261,225233.3084,1995-01-25,0
772550,225201.6821,1995-02-20,0
2765956,225056.051,1995-01-21,0
335014,224975.2359,1995-01-10,0
841345,224896.3254,1995-03-02,0
614626,224836.8247,1995-01-18,0
5024965,224724.5171,1995-02-07,0
3006562,224661.8356,1995-02-22,0
5994118,224600.0828,1995-02-28,0
1218369,224417.8752,1995-02-10,0
3335554,224309.6434,1994-12-27,0
2633445,224040.865,1995-01-19,0
3413638,223853.0366,1995-01-23,0
3373637,223800.2259,1995-01-07,0
3748835,223787.1632,1995-01-30,0
4561473,223685.5545,1995-01-12,0
5884738,223600.6289,1995-01-29,0
4810820,223538.3942,1995-02-20,0
3721794,223487.7128,1995-02-05,0
5417351,223317.0327,1995-03-01,0
1083682,223269.9469,1995-02-20,0
937600,223250.0143,1995-02-03,0
5337701,223149.543,1995-02-22,0
3951169,223035.4307,1995-03-03,0
4897796,223027.8619,1995-02-09,0
1712324,222973.4196,1995-02-10,0
5306691,222773.9,1995-02-24,0
3849796,222733.3515,1995-01-27,0
5488065,222729.2022,1995-01-25,0
1300004,222710.8669,1995-01-13,0
5252035,222701.7008,1995-01-10,0
3408487,222676.0279,1995-01-08,0
3785058,222662.0754,1995-01-24,0
1022689,222640.0332,1995-01-14,0
1417824,222639.7656,1995-02-08,0
3015015,222623.9994,1995-01-20,0
5367232,222509.502,1995-02-04,0
1261058,222454.1093,1995-02-26,0
5629412,222384.5477,1995-02-13,0
4382503,222332.6752,1995-02-20,0
2024743,222294.1496,1995-01-28,0
1387783,222126.7965,1995-02-22,0
2896836,222120.2672,1995-02-27,0
580160,221891.6994,1995-01-11,0
1875620,221865.2728,1995-02-01,0
350212,221812.7532,1995-02-16,0
5683905,221770.4576,1995-01-13,0
1942309,221508.1663,1995-02-05,0
2036769,221502.5527,1995-02-03,0
3796385,221466.4475,1995-02-08,0
2413377,221434.9451,1995-02-22,0
5769894,221421.8134,1995-02-15,0
3326563,221413.2134,1995-03-01,0
5970342,221402.6369,1995-01-30,0
5940257,221325.8947,1995-02-28,0
2154919,221311.9608,1995-02-13,0
1160839,221306.1704,1995-02-01,0
3378144,221154.9906,1995-02-15,0
2488769,221093.691,1995-02-04,0
5966754,221090.5682,1994-12-21,0
1438982,221006.451,1995-02-05,0
94914,220827.8755,1995-02-15,0
3428934,220759.3952,1995-02-24,0
5685125,220713.4081,1995-02-28,0
1160416,220693.3186,1995-02-17,0
469826,220665.0926,1995-02-23,0
1938466,220539.5704,1995-02-25,0
2817030,220526.0527,1995-01-04,0
2363589,220424.8004,1995-02-12,0
5698532,220416.4126,1995-02-26,0
5812070,220280.2583,1995-01-02,0
1773573,220220.5898,1995-02-21,0
420772,220112.4311,1995-02-17,0
4494567,220068.8794,1995-02-16,0
5146887,219788.3596,1995-02-05,0
5666054,219761.0872,1995-03-03,0
2197024,219720.8364,1995-01-14,0
4604197,219716.915,1994-12-27,0
1398660,219473.4858,1995-02-18,0
5911495,219451.2375,1995-01-25,0
5462466,219393.7195,1995-02-03,0
236647,219347.3689,1995-02-26,0
3109953,219331.2225,1995-03-01,0
3049863,219243.2842,1995-02-13,0
2339239,219064.7122,1995-03-01,0
2116999,219040.3943,1995-01-13,0
2262628,219022.5992,1995-01-06,0
433063,219011.5561,1995-01-20,0
2513314,218846.8866,1995-02-14,0
675493,218748.8709,1995-01-10,0
3639617,218650.7228,1995-02-27,0
2946372,218555.631,1995-02-19,0
2647203,218430.9001,1995-02-07,0
2634756,218382.9346,1994-12-22,0
336228,218228.9877,1995-02-13,0
3516899,218134.1495,1995-01-30,0
1519906,218044.388,1995-01-07,0
4989250,217861.1034,1995-02-08,0
4314822,217638.2329,1995-03-02,0
3037028,217308.2873,1995-02-09,0
5145600,217119.0348,1995-01-03,0
490372,217079.2241,1995-02-19,0
1461890,216931.2482,1995-02-17,0
1486402,216851.3932,1995-02-18,0
2719076,216737.2089,1995-02-06,0
3408226,216611.721,1995-02-12,0
643559,216569.142,1995-01-03,0
4174242,216537.0885,1995-01-17,0
2333061,216411.0091,1995-01-12,0
4114404,216376.7315,1995-02-15,0
4634497,216343.4666,1995-03-03,0
575589,216328.6534,1995-02-04,0
2896871,216236.293,1995-01-06,0
2948707,216133.8732,1995-02-10,0
1274725,216123.3192,1994-12-19,0
409697,215857.2758,1995-02-14,0
2260835,215827.4025,1995-02-22,0
5029447,215798.5545,1995-02-22,0
4865253,215790.2496,1995-02-20,0
2553700,215745.1629,1995-02-19,0
4519651,215715.8256,1995-02-14,0
3336834,215655.0051,1995-01-02,0
2640644,215518.5919,1995-02-23,0
1044897,215128.9879,1995-02-23,0
4357570,215096.1906,1995-01-11,0
3780771,215090.3955,1995-02-06,0
2944806,215064.6455,1995-02-07,0
631908,215052.8826,1995-02-20,0
5824034,214998.7006,1995-02-13,0
2637536,214970.3746,1995-02-12,0
4666756,214884.745,1995-02-27,0
433255,214846.1736,1995-02-13,0
3921253,214839.6188,1995-02-09,0
1184801,214782.1202,1995-03-02,0
329792,214723.2028,1995-02-21,0
3209027,214722.7186,1995-03-02,0
831590,214520.8108,1995-03-03,0
1502279,214511.2226,1995-01-22,0
4069575,214424.7869,1995-01-11,0
5655301,214397.6356,1994-12-16,0
1546052,214391.8409,1994-12-29,0
5282051,214343.5211,1995-02-26,0
1913925,214308.5991,1995-03-01,0
716579,214306.9536,1995-03-03,0
3464000,214302.0038,1995-02-05,0
4773089,214249.9322,1995-02-22,0
4156544,214098.5837,1995-02-22,0
1121985,214089.3222,1995-02-14,0
5896548,214022.5028,1995-02-27,0
1398406,214010.2923,1995-01-13,0
1206662,213910.3484,1995-02-11,0
1839169,213900.7498,1995-02-18,0
338372,213856.6166,1995-03-03,0
4148803,213835.3738,1995-01-02,0
1145793,213682.2242,1995-02-15,0
3063136,213585.864,1995-01-13,0
3048325,213466.1391,1995-02-25,0
3405671,213360.1699,1995-01-17,0
3356864,213334.0583,1995-01-27,0
3741248,213229.7111,1995-01-24,0
3656448,213212.8032,1995-02-19,0
2030791,213183.3996,1995-02-08,0
427459,213169.5047,1995-02-17,0
3066212,213152.349,1995-02-15,0
619361,213103.9192,1995-02-09,0
975975,213069.1277,1995-02-22,0
2587361,212967.5816,1995-02-04,0
4421604,212840.8833,1995-02-02,0
1968608,212753.3394,1995-01-30,0
5078436,212745.9726,1995-02-07,0
3709955,212699.2478,1995-02-14,0
5361538,212648.9641,1995-02-22,0
4823267,212564.4508,1995-02-12,0
1838658,212550.6727,1995-02-06,0
5135520,212331.808,1995-02-16,0
4394886,212247.3092,1995-01-30,0
3972551,212183.2905,1995-02-03,0
570437,212079.2348,1995-02-08,0
4259875,212054.4212,1995-01-25,0
3939524,212032.0956,1995-02-07,0
5643622,212028.328,1995-02-26,0
541510,212022.1934,1995-02-28,0
2908227,211977.9896,1995-02-25,0
2068481,211952.7039,1995-02-25,0
2377925,211752.7647,1995-02-11,0
600997,211718.7591,1995-02-05,0
3608643,211706.9484,1995-03-02,0
778946,211668.8005,1995-01-22,0
2453249,211612.3724,1995-03-01,0
608198,211608.3147,1995-01-18,0
675686,211600.555,1995-01-08,0
4565958,211595.6339,1995-02-15,0
55815,211523.5136,1995-01-14,0
4127973,211495.8246,1995-02-03,0
5209925,211474.864,1995-02-02,0
887366,211369.0393,1995-02-07,0
101671,211362.2206,1995-02-03,0
4758690,211347.1714,1995-02-24,0
5005920,211247.2234,1995-02-12,0
2299142,211174.6206,1995-02-03,0
2957505,211117.9217,1995-02-17,0
2520293,210965.3922,1995-01-22,0
5075495,210944.7442,1995-02-26,0
4482624,210915.4606,1995-01-23,0
25095,210886.7473,1995-01-26,0
593124,210821.9592,1995-02-17,0
595271,210802.0926,1995-02-11,0
5499558,210698.3986,1995-02-18,0
5690501,210572.694,1995-03-01,0
3493728,210566.809,1995-01-25,0
2287073,210540.8924,1995-02-12,0
2007778,210535.5195,1995-02-14,0
5118881,210523.3586,1995-01-31,0
1837957,210523.2667,1995-03-03,0
4868832,210490.1098,1995-02-09,0
787938,210489.578,1994-12-25,0
4166724,210462.4289,1994-12-16,0
3403301,210461.1688,1995-02-20,0
2571874,210439.038,1995-01-29,0
5675239,210372.1321,1995-02-28,0
5239716,210355.1707,1995-02-20,0
4714433,210320.7856,1994-12-15,0
5914630,210278.1706,1995-02-17,0
2297027,210276.8802,1994-12-16,0
3556515,210268.353,1995-02-05,0
5643331,210133.8989,1995-02-02,0
5411236,210101.3746,1995-02-25,0
4950657,210046.7454,1995-02-06,0
5250567,209972.0424,1995-01-16,0
3205699,209956.5408,1995-02-06,0
2480514,209948.88,1994-12-17,0
1327682,209895.3183,1995-01-29,0
5116418,209802.8665,1995-02-14,0
3734437,209739.9525,1995-01-09,0
1225250,209699.3324,1995-01-26,0
1011174,209671.1845,1995-01-21,0
472419,209647.6521,1995-02-15,0
1232001,209620.1184,1995-02-21,0
5408803,209618.3718,1995-02-24,0
3719046,209582.6696,1995-01-25,0
3406790,209581.041,1995-01-01,0
1318048,209561.6856,1995-02-16,0
1671873,209416.5807,1995-02-08,0
2090244,209362.909,1995-02-25,0
2421922,209344.3733,1995-02-02,0
4372832,209241.0096,1995-02-06,0
3145889,209141.4566,1995-02-18,0
3503008,209080.9976,1994-12-24,0
262081,209002.9546,1995-02-23,0
1788995,208837.1488,1995-01-15,0
1320740,208798.2833,1995-01-29,0
4721602,208776.4161,1995-02-14,0
4029090,208749.954,1995-02-13,0
5843047,208739.4982,1994-12-21,0
4657317,208620.6668,1995-01-21,0
1645891,208596.0238,1995-02-12,0
2376387,208459.8884,1995-02-27,0
1447650,208370.1633,1995-01-25,0
1158790,208286.0856,1995-01-21,0
4907172,208285.3398,1995-01-30,0
579586,208217.6524,1995-02-21,0
1144769,208212.1385,1995-01-26,0
3099846,208196.313,1995-01-26,0
3196448,208107.9981,1995-02-11,0
2508359,208105.6807,1995-01-22,0
5798018,208085.897,1995-02-06,0
4884417,207993.9282,1995-02-15,0
182083,207948.7804,1995-02-15,0
3700516,207940.567,1995-02-08,0
2049538,207916.097,1995-02-07,0
2213477,207712.7244,1995-02-21,0
2706208,207709.3478,1995-02-08,0
2245092,207596.0568,1995-01-31,0
4759718,207580.5665,1995-02-24,0
4300998,207536.1342,1995-01-24,0
2451078,207493.5018,1995-02-11,0
5837888,207471.327,1995-02-10,0
2711489,207411.1342,1995-01-15,0
1857059,207408.2995,1995-01-23,0
4978277,207389.308,1994-12-16,0
4409859,207363.2864,1994-12-22,0
4910662,207170.21,1994-12-31,0
4666275,207162.5963,1995-03-03,0
1091651,207097.2497,1995-01-20,0
2423395,207077.3743,1995-02-22,0
2825351,207062.093,1995-02-25,0
3614919,207034.5406,1995-02-21,0
616325,206984.7384,1995-02-13,0
1031428,206954.2072,1995-02-01,0
2864193,206930.773,1995-02-04,0
20641,206919.3264,1995-02-20,0
5088640,206897.1132,1994-12-13,0
5089255,206891.4174,1994-12-30,0
5255171,206879.4883,1995-01-20,0
1938500,206870.1308,1995-02-20,0
703590,206850.5551,1995-02-14,0
2068422,206806.8443,1995-03-02,0
2390308,206792.8149,1995-01-19,0
433666,206679.2009,1995-02-27,0
4122529,206626.8752,1995-01-28,0
4978436,206591.5799,1995-01-28,0
751744,206465.7134,1995-01-07,0
2571590,206452.2112,1995-01-11,0
753824,206397.6291,1995-02-28,0
2065668,206359.8664,1995-02-25,0
5521409,206338.4136,1995-01-12,0
984608,206328.9648,1995-02-28,0
376865,206271.559,1995-02-27,0
5232163,206247.3372,1995-02-26,0
3587297,206212.3757,1995-03-01,0
3166594,206066.6832,1995-02-21,0
5067172,205997.084,1995-02-08,0
2985696,205985.4968,1995-01-23,0
4692518,205939.7757,1995-02-03,0
2479971,205936.7144,1995-02-02,0
2752867,205580.3787,1995-01-20,0
4609637,205578.3011,1995-01-25,0
509889,205549.3131,1995-02-03,0
4581600,205511.59,1995-02-08,0
1236933,205505.4717,1995-02-08,0
3042500,205473.1406,1995-02-02,0
2683233,205347.685,1995-02-05,0
3651969,205303.5323,1995-02-25,0
1103015,205244.3096,1995-03-03,0
4887463,205009.4199,1995-02-26,0
2602950,204945.8256,1995-02-10,0
4126119,204875.145,1995-03-01,0
2951204,204861.389,1995-01-04,0
2630080,204806.1872,1995-02-12,0
1683264,204756.41,1994-12-21,0
3068354,204748.6967,1995-02-21,0
1986433,204730.2001,1995-02-03,0
2431781,204700.5451,1995-01-29,0
2954530,204697.4324,1995-01-30,0
4908966,204562.6748,1995-02-13,0
5678722,204434.7018,1995-02-24,0
4491489,204418.7769,1995-03-03,0
1232103,204291.4754,1995-01-06,0
2069573,204266.4278,1995-02-25,0
1865350,204264.9644,1995-01-09,0
997733,204203.4614,1995-03-01,0
4470118,204158.6508,1995-01-17,0
2078341,204110.3432,1995-03-02,0
4303040,203841.7222,1995-02-15,0
5952998,203818.6507,1995-01-23,0
4968321,203816.4708,1995-02-16,0
448705,203775.9688,1995-02-01,0
5976388,203741.8952,1995-02-19,0
3768581,203642.1542,1995-02-17,0
3730118,203394.1262,1995-02-17,0
207808,203279.3792,1995-01-06,0
3585029,203264.9612,1995-02-05,0
4855938,203224.8059,1994-12-29,0
5075621,203162.5203,1995-02-27,0
396551,203127.4236,1995-01-20,0
5601859,203045.9908,1995-02-11,0
3129382,203029.03,1995-01-26,0
536385,202988.19,1995-01-26,0
1207141,202896.2604,1995-02-26,0
4083299,202890.5656,1995-01-08,0
5938022,202871.1172,1995-02-18,0
4942179,202865.2395,1995-03-01,0
3634885,202807.6759,1995-02-13,0
5180837,202781.3933,1995-01-12,0
22561,202721.8729,1995-01-21,0
479936,202721.4911,1994-12-19,0
2279970,202714.8474,1994-12-09,0
4687488,202663.6014,1995-02-15,0
3154562,202598.4706,1994-11-27,0
2382340,202558.066,1995-01-21,0
4760678,202557.2922,1995-01-09,0
5746561,202484.5577,1995-01-08,0
919812,202473.3977,1995-02-05,0
5844580,202454.0908,1995-02-17,0
1740803,202451.5106,1995-02-11,0
4989377,202417.6772,1995-02-10,0
2993986,202353.5444,1995-01-23,0
2168519,202343.3428,1995-02-18,0
3092322,202322.4003,1995-02-03,0
550177,202320.5093,1995-02-22,0
3352071,202282.6964,1995-02-19,0
2960416,202199.6328,1995-02-17,0
2486978,201902.6557,1995-02-12,0
3043234,201842.9295,1995-02-03,0
851782,201794.1615,1995-02-24,0
2250305,201771.0463,1995-02-28,0
2374306,201609.3594,1995-02-08,0
3220454,201538.7622,1995-02-04,0
129893,201529.5026,1995-02-13,0
4283463,201485.2648,1994-12-01,0
1327043,201363.8622,1995-02-21,0
1523237,201333.4246,1995-02-18,0
2088866,201178.947,1995-02-13,0
257863,201157.5776,1995-02-09,0
1822595,201130.1254,1995-02-09,0
3653799,201051.9754,1995-02-15,0
2597409,201035.3748,1994-12-20,0
4945828,200840.056,1995-02-09,0
574279,200816.3464,1995-02-12,0
3986882,200684.9516,1995-01-24,0
5196352,200616.6674,1995-01-02,0
4175909,200575.0815,1995-02-27,0
3966656,200482.578,1995-02-14,0
5222752,200390.8068,1995-02-06,0
3500550,200368.0158,1995-01-15,0
1269826,200331.9096,1995-02-23,0
1486657,200320.1607,1995-02-02,0
2443235,200228.3576,1994-12-18,0
2754278,200182.6524,1995-02-08,0
1547013,200180.2105,1995-01-26,0
1705857,200112.2284,1995-01-24,0
4935330,200097.2976,1995-01-13,0
4825024,200020.8212,1995-01-26,0
2325796,199946.725,1994-12-25,0
1955366,199900.1418,1995-01-11,0
1946144,199805.6885,1995-02-09,0
4241159,199730.9436,1995-03-02,0
4321026,199696.0238,1995-03-01,0
4527140,199677.4885,1994-12-12,0
863138,199654.442,1995-03-03,0
3973798,199638.6642,1994-12-28,0
1019719,199501.6324,1995-01-17,0
1321346,199455.2844,1995-02-07,0
1895239,199435.6891,1995-02-25,0
3264483,199406.3031,1995-01-15,0
2937891,199315.5998,1995-01-14,0
4591456,199214.4689,1995-01-11,0
3561636,199180.0743,1995-02-02,0
2311555,199137.2988,1995-02-01,0
21155,199134.5517,1995-02-06,0
1011905,198943.0065,1995-02-28,0
3097889,198841.3611,1995-02-17,0
439683,198694.6392,1995-02-19,0
2276707,198658.3908,1995-02-15,0
1617156,198576.3645,1995-03-02,0
3858721,198378.6036,1995-01-18,0
2653765,198377.4958,1995-02-16,0
1962627,198359.064,1995-01-07,0
5347,198353.7942,1995-02-22,0
3654534,198345.7449,1995-02-25,0
3045126,198240.5433,1995-02-03,0
4114181,198163.8396,1995-02-17,0
5387394,198122.607,1995-02-13,0
182117,198101.0901,1995-03-02,0
4494084,197977.9656,1995-01-09,0
968132,197956.612,1995-03-01,0
2978181,197898.125,1995-02-25,0
1590535,197713.9665,1995-02-13,0
734306,197608.0316,1995-01-07,0
4815044,197462.0457,1995-02-15,0
1791943,197394.6781,1995-02-05,0
2381859,197393.5169,1995-01-14,0
4271173,197372.6508,1995-01-05,0
3805824,197254.0902,1995-02-26,0
1418533,197246.9698,1995-02-20,0
1532998,197178.9354,1995-02-20,0
2763040,197169.431,1995-02-28,0
3117027,197106.777,1995-02-06,0
2718374,197087.6867,1995-02-10,0
1309506,196963.6248,1995-02-24,0
4168486,196932.5551,1995-02-20,0
3885504,196832.5489,1995-01-25,0
5965797,196771.5221,1995-02-01,0
3158371,196768.7754,1995-01-06,0
4716549,196711.7521,1995-02-04,0
5761894,196691.844,1995-01-26,0
4812930,196691.7748,1995-02-05,0
4411617,196647.3094,1995-02-20,0
4417155,196550.8095,1995-02-09,0
2565030,196477.3999,1995-01-28,0
104160,196312.9927,1994-12-20,0
786883,196239.8075,1995-03-03,0
2936836,196234.6515,1995-02-08,0
4027969,196227.4067,1995-01-26,0
5960550,196203.2444,1995-02-25,0
4960386,196167.411,1995-02-03,0
3221249,196115.308,1995-01-19,0
3846849,196101.9127,1994-12-17,0
349184,196080.7292,1994-12-28,0
4416422,196070.0111,1995-02-26,0
4867043,196054.5191,1995-02-02,0
1610689,196027.7392,1995-02-05,0
5026982,195968.7924,1995-01-21,0
4040451,195966.5232,1995-02-27,0
1860641,195708.9562,1995-01-25,0
4555108,195598.7568,1995-02-28,0
2167907,195594.2532,1994-12-19,0
3916966,195520.2888,1994-12-27,0
916679,195352.1087,1994-12-29,0
4108481,195319.6294,1994-12-29,0
895587,195290.6563,1995-02-19,0
5692133,195233.02,1995-02-19,0
1351622,195225.8181,1995-02-13,0
3284229,195147.3636,1995-01-28,0
1197856,195139.658,1995-01-31,0
2694949,195096.1317,1994-12-08,0
2175140,195044.4201,1995-02-03,0
1050084,195036.3966,1995-02-14,0
3390820,194977.8795,1995-02-03,0
1414049,194965.8558,1995-03-02,0
5332450,194944.8375,1995-01-16,0
528359,194929.6372,1995-02-12,0
3565286,194914.2097,1995-02-03,0
1451494,194907.9495,1995-01-15,0
3678148,194869.0858,1995-02-21,0
4506593,194858.2014,1995-02-19,0
4835713,194825.8634,1994-12-29,0
5747909,194820.816,1995-01-31,0
5977383,194771.001,1994-12-21,0
2923973,194752.6283,1995-01-14,0
3150052,194718.0754,1995-03-02,0
1532195,194635.4844,1995-02-05,0
4758564,194597.8783,1995-01-10,0
2569093,194595.6672,1995-01-19,0
5638080,194558.1524,1995-01-27,0
2416164,194547.894,1994-12-28,0
3373984,194530.1615,1995-02-12,0
580806,194426.5384,1995-02-19,0
5773922,194413.1817,1994-12-28,0
2090023,194226.02,1994-12-20,0
2432711,194119.6586,1995-01-04,0
1518054,194079.6303,1995-02-14,0
4911621,193893.2528,1995-01-31,0
1761347,193887.9365,1995-03-02,0
1449701,193849.5466,1994-12-28,0
442912,193810.9328,1995-03-02,0
2443397,193796.6435,1994-12-29,0
5180902,193737.767,1995-02-10,0
1880711,193730.9693,1995-01-03,0
3103168,193613.1994,1994-12-27,0
2032295,193482.7686,1995-01-23,0
3947489,193472.6888,1995-02-28,0
1994215,193444.5816,1995-02-26,0
2177156,193280.0608,1995-03-01,0
1633285,193276.5951,1995-01-09,0
5744646,193129.1182,1995-02-27,0
74822,193088.227,1995-02-14,0
808866,193045.8503,1995-02-15,0
1820449,193036.2432,1995-02-06,0
4573766,193001.4252,1995-01-27,0
612358,193000.9215,1995-02-14,0
1159329,192995.3349,1995-02-06,0
5119042,192956.6415,1995-01-29,0
2200929,192933.4014,1995-01-27,0
2079143,192747.1144,1995-01-16,0
3468068,192600.5862,1995-01-31,0
287458,192575.9458,1995-02-16,0
4495938,192528.6788,1995-01-31,0
4949282,192505.959,1995-01-12,0
3738533,192448.9393,1995-01-05,0
409316,192446.1355,1995-01-12,0
4310919,192423.5126,1995-01-08,0
1082561,192410.564,1995-02-18,0
3698563,192393.2308,1994-12-28,0
5182433,192385.68,1995-02-06,0
3917063,192326.4024,1995-01-30,0
5467396,192306.8283,1995-02-17,0
4379973,192255.0474,1994-12-30,0
1319270,192252.5634,1995-03-02,0
4371200,192233.7791,1995-02-02,0
1576896,192216.2563,1995-01-14,0
4557894,192009.6117,1995-02-10,0
4540387,192005.4724,1995-03-01,0
2014051,191965.8939,1995-02-07,0
4013062,191949.9815,1995-01-03,0
2606532,191942.9723,1995-01-27,0
5655330,191903.9418,1995-02-14,0
890406,191841.3707,1995-02-27,0
2730530,191738.6551,1994-12-20,0
2830725,191606.268,1994-12-12,0
493732,191563.6656,1994-12-15,0
3123845,191492.0238,1995-02-27,0
4436231,191409.8355,1995-01-28,0
4476900,191266.2307,1995-02-24,0
5625190,191222.1925,1995-02-15,0
3028199,191200.3518,1995-02-18,0
844517,191179.3271,1995-02-21,0
898915,191158.7634,1995-01-15,0
94246,191105.5725,1995-02-19,0
4248647,191098.8458,1995-02-07,0
4110081,191080.7031,1995-02-18,0
1071109,191063.9496,1995-01-11,0
4719751,191061.4183,1995-02-14,0
81569,190975.3775,1995-02-11,0
1593569,190950.5254,1995-01-15,0
2275907,190941.0636,1995-02-11,0
5504513,190907.7883,1995-02-15,0
5765542,190868.0536,1995-02-11,0
4375463,190774.6433,1994-12-26,0
5117861,190637.1017,1995-02-24,0
4813442,190632.7842,1995-02-01,0
5925569,190613.5084,1995-02-09,0
1888359,190598.156,1995-02-27,0
608291,190558.8476,1995-01-08,0
944710,190496.3558,1995-01-26,0
2253184,190454.674,1995-02-05,0
5445699,190376.6372,1995-02-13,0
5251940,190351.396,1994-12-09,0
648870,190333.6628,1995-01-27,0
2162977,190293.0584,1995-01-30,0
5398087,190289.8222,1995-02-03,0
1007399,190197.2418,1995-01-29,0
4399235,190192.8527,1995-01-30,0
3520036,190130.6589,1995-02-04,0
2092513,190128.3426,1995-02-26,0
3932676,190110.425,1995-01-11,0
3247975,190026.2062,1995-02-15,0
3206311,189925.7624,1995-02-28,0
5243013,189924.4711,1995-02-11,0
28773,189880.3284,1995-02-11,0
5898081,189877.352,1995-01-12,0
974051,189841.9282,1995-01-19,0
2967392,189838.1582,1994-12-03,0
5925089,189774.5154,1995-01-26,0
1248932,189751.1851,1995-02-24,0
404193,189729.8893,1995-01-13,0
2296549,189653.7603,1995-01-13,0
3457894,189650.683,1995-02-08,0
725413,189649.5601,1995-03-02,0
3497767,189616.0554,1995-01-30,0
1175526,189561.9663,1995-01-15,0
2324898,189528.6882,1995-01-12,0
3363232,189517.2852,1995-01-19,0
5690022,189508.5854,1995-02-09,0
2148228,189298.9944,1995-02-13,0
4402535,189228.9582,1994-12-27,0
2193348,189177.4682,1995-02-14,0
3895458,189158.8186,1995-02-09,0
5549316,189123.0513,1995-02-26,0
20805,189098.0303,1995-01-11,0
3755840,189080.281,1995-02-10,0
4583841,188902.2664,1995-02-23,0
5399617,188896.9851,1995-02-24,0
4960644,188817.9007,1994-12-13,0
5622529,188794.6902,1995-01-17,0
1006946,188724.9314,1995-01-06,0
524294,188723.4498,1995-01-31,0
5967970,188572.5724,1995-01-22,0
2636198,188570.0029,1995-02-28,0
2949858,188521.4708,1995-01-30,0
1155393,188507.1624,1995-01-27,0
5199238,188459.7417,1995-02-25,0
3466561,188416.2836,1995-02-15,0
4028965,188353.5097,1995-02-18,0
2144836,188306.6118,1994-12-30,0
5625152,188298.9631,1995-01-28,0
3056932,188276.7479,1995-02-26,0
2915299,188250.1459,1995-02-01,0
4224197,188236.5456,1995-02-11,0
3303491,188206.4406,1995-03-03,0
4988647,188175.1348,1995-02-26,0
4449092,188151.702,1995-01-30,0
5636,188146.959,1995-02-16,0
3387620,187993.1539,1995-02-19,0
3935138,187940.1928,1995-02-26,0
1129123,187939.7371,1995-01-23,0
1617828,187842.1922,1995-01-25,0
3568996,187761.644,1995-02-10,0
360833,187722.7384,1995-01-03,0
2198528,187548.6897,1995-02-09,0
5459010,187535.1784,1995-01-28,0
1809063,187469.08,1995-01-27,0
4777923,187361.9436,1994-12-24,0
1510150,187306.5483,1995-03-03,0
1078432,187292.0544,1995-03-02,0
5968257,187250.8929,1995-01-13,0
3421927,187196.7156,1995-01-16,0
1052290,187195.6831,1995-03-01,0
1872387,187120.4564,1995-02-27,0
1502305,187118.0384,1995-02-02,0
5725443,187088.2088,1995-01-08,0
1672230,187001.8729,1995-02-01,0
4981216,186970.0742,1995-01-29,0
2025892,186940.2879,1995-02-23,0
3955556,186889.973,1994-12-21,0
2407203,186866.4008,1995-01-22,0
4142369,186822.0876,1994-12-27,0
2942887,186816.7562,1995-02-09,0
4896676,186790.0116,1995-02-18,0
4925255,186626.5934,1995-02-24,0
5504967,186580.1471,1995-01-24,0
2141153,186577.0505,1995-02-27,0
226592,186564.6566,1995-02-25,0
4217184,186519.5448,1995-02-24,0
363874,186516.6148,1995-02-03,0
3679877,186497.0684,1994-12-05,0
3949797,186473.7402,1995-02-28,0
3132577,186304.6596,1995-01-29,0
3633090,186300.4956,1995-02-03,0
2028645,186295.9099,1995-02-11,0
153571,186287.0264,1995-01-13,0
3888228,186233.9046,1995-01-19,0
1115719,186224.8409,1995-01-23,0
4621158,186110.3816,1995-01-19,0
492327,186067.7193,1995-02-13,0
4808545,186039.8182,1995-02-14,0
1052423,185982.4463,1995-01-31,0
4702053,185877.7238,1995-02-27,0
2654209,185850.6043,1995-02-10,0
2272612,185805.5284,1994-12-27,0
3737542,185801.3458,1995-01-15,0
5304613,185678.9365,1995-02-19,0
5518627,185539.7858,1995-02-12,0
3326241,185525.7408,1995-02-04,0
5634788,185522.5467,1995-02-25,0
2567233,185419.0438,1995-01-22,0
4902560,185394.5466,1995-01-26,0
2040835,185379.5368,1995-01-02,0
2902597,185336.1042,1995-02-15,0
408389,185211.1441,1995-01-11,0
5299491,185207.142,1995-02-26,0
2488037,185163.1852,1995-01-12,0
355779,185142.085,1995-01-15,0
2698499,185102.82,1995-01-31,0
1101059,185090.0349,1995-02-24,0
4140164,185057.0674,1995-01-09,0
514084,185054.1842,1995-02-25,0
1428006,184974.0832,1995-01-11,0
4969155,184941.9079,1995-02-20,0
3149671,184907.4191,1995-02-14,0
2444962,184785.6054,1994-12-23,0
4721860,184720.723,1994-12-13,0
5902503,184716.9342,1995-02-14,0
2682369,184680.6425,1995-02-20,0
2812934,184672.0508,1995-02-06,0
5530308,184651.8743,1994-12-27,0
2686277,184544.0057,1995-02-10,0
4111552,184489.5372,1995-02-12,0
1099010,184412.5314,1995-02-04,0
4244359,184367.4691,1995-01-22,0
3209889,184325.6013,1994-12-22,0
4215041,184324.4192,1994-12-31,0
1644422,184314.0784,1995-02-21,0
5022439,184312.3586,1995-01-19,0
2527780,184287.7902,1994-12-01,0
5284262,184273.9893,1995-02-14,0
3652358,184174.073,1995-02-26,0
3130400,184122.7437,1995-02-12,0
1837831,184073.2006,1994-12-30,0
5478403,183933.3518,1995-01-05,0
1903201,183914.3314,1995-02-07,0
3131493,183869.8497,1995-02-06,0
2321729,183740.4672,1995-02-24,0
5969575,183642.7117,1995-02-20,0
3019488,183581.89,1995-02-12,0
3103810,183531.6591,1995-01-28,0
2121603,183497.9286,1995-01-25,0
3993575,183434.0966,1994-12-28,0
4743365,183428.32,1995-02-14,0
1567201,183394.0049,1995-02-18,0
4193345,183264.1251,1995-02-04,0
4642,183212.1954,1995-02-27,0
287136,183120.0369,1995-02-28,0
974337,183068.7945,1995-01-05,0
338916,183066.1476,1995-02-28,0
5231043,182968.5868,1994-12-03,0
2964772,182950.7733,1995-02-13,0
3696196,182945.6204,1995-01-29,0
2976326,182927.028,1994-12-28,0
2005698,182743.3978,1995-02-10,0
4139361,182743.0606,1995-01-25,0
649378,182730.3266,1995-01-19,0
1967908,182718.8212,1995-02-18,0
5636545,182678.1208,1995-01-27,0
5531686,182597.2848,1995-01-31,0
1814916,182595.3117,1995-02-02,0
2899877,182564.2775,1995-03-01,0
3985827,182548.2622,1995-02-23,0
1890117,182497.6636,1995-02-28,0
855462,182434.6518,1994-12-30,0
5264385,182401.4814,1995-01-14,0
3707456,182348.2791,1995-01-20,0
5665635,182339.4454,1995-02-25,0
2577474,182287.4576,1995-02-05,0
475652,182259.7329,1995-02-15,0
5935552,182204.4552,1995-01-20,0
4731047,182115.3526,1995-01-25,0
1113060,182074.8043,1994-12-23,0
3157668,182000.7628,1995-02-06,0
2289222,182000.5576,1994-12-24,0
4883815,181981.8928,1995-02-28,0
3547331,181946.7484,1995-02-16,0
3291719,181880.9292,1994-12-26,0
4379523,181879.5102,1994-12-17,0
2132231,181838.404,1995-02-07,0
5839908,181770.3139,1995-02-19,0
2376355,181769.218,1995-02-01,0
5757223,181699.4199,1995-01-26,0
1359107,181675.5422,1995-02-07,0
5564515,181593.8753,1995-01-22,0
391168,181587.5922,1995-01-19,0
5513829,181521.8448,1995-02-27,0
2257636,181519.8986,1995-01-24,0
851013,181453.2902,1995-03-02,0
3452452,181447.0448,1995-01-18,0
2409187,181424.2788,1995-03-01,0
810112,181409.7152,1995-01-29,0
2993702,181370.4303,1995-02-08,0
3051457,181355.8224,1995-03-01,0
1824902,181352.888,1995-02-11,0
1615654,181329.111,1995-02-12,0
3544583,181274.3558,1995-02-09,0
3825476,181232.6885,1995-01-26,0
1720195,181154.4085,1995-02-10,0
4543042,181127.5592,1994-12-31,0
5850944,181077.831,1994-12-24,0
5566403,181076.8024,1995-02-09,0
867396,180998.6358,1995-02-22,0
2291780,180952.4019,1995-01-15,0
3134721,180925.0718,1995-01-15,0
391808,180897.2378,1995-02-16,0
381376,180809.2243,1995-02-12,0
1823043,180773.6929,1995-02-01,0
1362082,180771.6188,1995-02-24,0
4657925,180733.8457,1995-02-08,0
4353057,180669.4663,1995-02-04,0
2956610,180594.5892,1995-02-03,0
4275207,180511.0184,1995-01-31,0
5243840,180495.8671,1995-02-02,0
4336739,180480.1335,1995-01-23,0
394757,180467.5334,1994-12-24,0
1116359,180298.6712,1995-02-03,0
4920965,180230.8705,1995-02-13,0
848807,180223.8175,1995-02-06,0
1311872,180093.176,1995-01-22,0
2775105,180082.4919,1995-02-15,0
4495906,179965.5966,1995-02-24,0
5670145,179939.063,1995-01-27,0
2520998,179887.5141,1995-01-05,0
1292000,179859.9696,1995-02-12,0
1499459,179810.8153,1995-02-24,0
4760487,179785.7532,1995-02-23,0
2825280,179783.5926,1995-02-15,0
5161893,179623.3864,1995-02-19,0
3917920,179593.3629,1995-02-13,0
4110658,179567.8419,1995-01-05,0
5795623,179528.7054,1995-02-28,0
3309921,179523.8928,1995-02-06,0
2933986,179404.913,1995-01-18,0
4872224,179350.2372,1995-02-24,0
1898342,179349.7957,1995-02-13,0
5813829,179278.5144,1995-02-07,0
3825316,179262.5534,1995-02-22,0
4694212,179246.3752,1995-02-05,0
5745990,179197.4738,1995-02-11,0
5314947,179121.2842,1994-12-25,0
1720454,179103.492,1995-01-06,0
3844774,179094.3135,1995-01-30,0
5110304,179086.5857,1994-12-28,0
3945351,179018.9844,1995-01-21,0
1003746,178990.1946,1995-02-03,0
1211490,178969.5858,1995-01-21,0
4701664,178964.5545,1995-01-04,0
583747,178879.206,1995-02-06,0
3105730,178867.3984,1995-01-11,0
5393575,178831.9241,1995-01-19,0
4760578,178807.6694,1995-01-22,0
5851266,178782.3879,1995-02-05,0
2425312,178779.6918,1995-02-13,0
4604288,178716.6927,1995-02-06,0
1220102,178642.3202,1995-01-02,0
3434436,178639.1857,1995-02-26,0
3052224,178535.4067,1995-02-26,0
4227968,178532.5902,1994-12-12,0
4210692,178523.3075,1995-03-02,0
4408421,178495.6222,1995-02-21,0
5552033,178464.913,1995-02-12,0
961856,178445.8968,1995-02-05,0
3677702,178368.4452,1994-12-24,0
2508263,178361.0896,1995-03-03,0
3308320,178355.8032,1995-02-20,0
4901669,178349.887,1995-02-05,0
3254788,178231.506,1995-02-14,0
2246337,178095.1884,1995-02-13,0
411749,178072.4314,1995-02-09,0
253252,178043.1817,1995-02-18,0
2112929,178029.2483,1995-01-29,0
4165380,178006.4265,1995-03-02,0
4193638,177955.6761,1995-02-11,0
933477,177884.7918,1994-11-29,0
5993703,177866.2622,1994-12-16,0
597830,177861.8278,1995-02-17,0
3949189,177745.7022,1995-01-20,0
5346567,177743.3663,1995-02-07,0
4785381,177659.0675,1995-01-09,0
1865735,177603.0391,1995-02-11,0
2299362,177598.8312,1995-02-02,0
1453318,177536.4525,1995-03-03,0
2518976,177517.4976,1995-01-26,0
1896512,177480.3024,1995-02-25,0
2644869,177400.9473,1995-02-07,0
5847362,177391.0814,1995-02-02,0
3016518,177382.6806,1995-01-26,0
3500324,177319.4552,1995-01-04,0
4449826,177303.9964,1995-01-09,0
2792679,177276.9792,1995-02-01,0
85218,177187.0261,1994-12-15,0
4892421,177168.7427,1995-02-27,0
417633,177166.2389,1994-12-22,0
1094822,177154.83,1995-02-09,0
2803203,177131.4018,1995-02-02,0
2926498,177127.6622,1995-02-10,0
4599814,177121.7351,1995-01-24,0
673088,177119.4386,1994-12-17,0
4355013,177084.1652,1995-02-13,0
1054210,177002.5876,1995-01-28,0
44102,176880.0206,1995-01-14,0
524546,176813.5516,1995-02-22,0
1376736,176743.7518,1994-12-23,0
3140002,176687.0026,1995-02-27,0
3611751,176625.5612,1995-02-16,0
4068321,176596.9587,1995-02-20,0
5324577,176589.899,1995-01-26,0
478849,176574.9513,1995-02-06,0
3051268,176467.0713,1995-02-27,0
860516,176438.3348,1995-01-21,0
2144034,176417.1181,1995-01-29,0
2387872,176398.2653,1995-02-02,0
5587013,176298.7224,1995-02-22,0
1504576,176226.471,1995-01-12,0
4017607,176197.0698,1995-02-10,0
2958980,176118.337,1995-01-04,0
795392,176033.9718,1995-01-29,0
513601,176026.7596,1995-01-02,0
1726310,175994.5917,1995-02-24,0
2954118,175915.4044,1995-02-28,0
4646084,175819.1142,1995-01-06,0
4321222,175763.1396,1994-12-28,0
4020871,175753.0982,1995-03-02,0
876003,175751.6436,1995-02-06,0
5651842,175748.31,1994-12-12,0
3287010,175704.3532,1995-01-25,0
4795556,175683.6318,1995-02-18,0
1401953,175588.3494,1995-02-06,0
3180000,175569.0372,1995-02-05,0
4870626,175556.1607,1995-02-01,0
3354816,175547.056,1995-02-08,0
1620773,175471.7407,1994-12-28,0
3252481,175432.9748,1995-01-04,0
1405063,175390.6026,1995-01-19,0
2639876,175381.464,1995-02-13,0
1182468,175271.5668,1995-01-30,0
3675457,175213.7808,1995-01-02,0
2008326,175184.9102,1995-02-04,0
4310789,175142.8971,1995-01-16,0
4256737,175073.0351,1995-02-18,0
4356773,175024.7084,1995-02-27,0
2714019,174992.9044,1994-12-25,0
4960547,174977.6254,1994-12-23,0
3244609,174914.6809,1995-01-21,0
159362,174864.8332,1995-02-28,0
141892,174827.3204,1995-03-01,0
3639555,174780.6969,1995-01-20,0
3421061,174711.8128,1995-02-07,0
2243488,174697.3032,1995-01-26,0
12066,174687.5728,1995-02-07,0
4064608,174562.736,1995-02-05,0
110021,174542.6286,1995-02-26,0
522916,174445.2736,1994-12-26,0
2366083,174435.0658,1995-02-19,0
116102,174430.3866,1995-02-26,0
140775,174269.4728,1995-02-25,0
5928998,174261.1022,1995-01-27,0
3092709,174209.4698,1995-01-08,0
4222951,174185.5996,1995-02-10,0
4113218,174180.8409,1995-01-31,0
391906,174174.0153,1995-02-14,0
1447270,174166.992,1994-12-14,0
4819781,174121.1017,1995-01-28,0
5891813,174098.9722,1994-12-31,0
5748096,174090.6604,1995-02-14,0
526694,174085.1448,1994-12-01,0
2434052,174068.7557,1995-02-10,0
1595013,173997.5908,1995-02-02,0
1496231,173874.836,1995-02-24,0
4074406,173859.8174,1995-02-14,0
4982790,173829.6369,1994-12-23,0
628421,173808.3379,1995-02-13,0
4444864,173744.1153,1995-01-07,0
4317604,173740.3198,1995-02-20,0
949606,173731.5032,1995-02-09,0
4743490,173724.99,1995-01-16,0
4166693,173692.3002,1995-01-29,0
959748,173642.0418,1995-02-24,0
1385315,173640.6701,1995-01-07,0
2946464,173629.0919,1994-12-24,0
1633344,173545.1164,1995-02-23,0
2484385,173517.8132,1995-02-02,0
1960322,173461.6984,1994-11-30,0
3114851,173418.9476,1995-02-18,0
5803717,173370.4102,1995-02-18,0
607813,173363.2497,1994-12-24,0
4853249,173346.796,1994-12-18,0
455974,173321.7447,1995-01-02,0
4588064,173307.2448,1995-02-09,0
1415780,173230.044,1995-01-27,0
4764384,173205.8307,1995-02-22,0
1952358,173165.9448,1995-02-07,0
2466437,173161.3738,1995-02-05,0
3874277,173081.1744,1995-01-29,0
1205825,173077.1966,1995-02-23,0
4397760,173069.9128,1995-03-01,0
1427204,173058.2678,1995-01-04,0
2439234,172995.7944,1994-12-30,0
948320,172912.0125,1995-03-02,0
3821793,172885.1366,1995-02-22,0
2013728,172873.377,1995-01-17,0
2741287,172809.2398,1995-02-24,0
2049797,172796.0718,1995-01-16,0
3651557,172745.5929,1995-02-15,0
2822977,172679.5614,1995-01-17,0
5393126,172678.7396,1995-02-08,0
2585830,172620.0978,1995-02-10,0
1589185,172605.8019,1995-01-17,0
1636613,172605.4309,1995-02-05,0
3877127,172605.2878,1995-01-06,0
1882983,172596.1081,1995-02-05,0
4764099,172578.176,1995-01-12,0
3461282,172475.1575,1994-12-24,0
3786439,172430.8394,1995-02-22,0
3745153,172414.9234,1995-02-24,0
1127299,172414.206,1995-01-29,0
4696357,172386.3866,1995-02-10,0
5927847,172368.9112,1995-02-14,0
350659,172289.267,1995-02-13,0
1325091,172241.712,1995-02-13,0
5862055,172228.658,1995-03-01,0
3317731,172220.9152,1995-01-25,0
2643397,172149.3952,1995-02-16,0
5621892,172145.7403,1995-02-10,0
3870082,172138.4514,1995-02-15,0
825569,172061.9245,1995-02-16,0
2692068,172060.5696,1995-03-02,0
3000547,172044.702,1994-12-21,0
1869543,171982.4344,1995-01-16,0
803556,171977.4724,1994-12-30,0
5750052,171966.1599,1995-01-24,0
2277351,171951.5752,1995-02-28,0
4955975,171895.9584,1995-02-20,0
5320388,171751.3824,1995-01-28,0
1703047,171749.9619,1995-01-28,0
2081667,171716.4047,1995-03-03,0
4181024,171643.11,1995-02-22,0
5002663,171629.6528,1995-02-13,0
2991648,171622.0715,1995-01-24,0
4754337,171609.4638,1994-11-23,0
3071970,171574.4196,1995-02-11,0
199328,171461.3857,1995-02-12,0
3315812,171437.126,1994-11-21,0
3815748,171433.4146,1995-03-03,0
5962721,171425.6599,1995-01-24,0
3973889,171379.7766,1995-02-21,0
2148675,171346.7727,1995-02-23,0
1785447,171222.5392,1995-01-13,0
3842407,171216.413,1994-12-20,0
5603844,171184.2268,1995-03-01,0
5437219,171137.9196,1994-12-26,0
4597089,171131.1296,1995-02-23,0
4000451,171096.4158,1994-12-29,0
4346240,171052.1523,1995-02-06,0
3698883,171044.904,1995-01-29,0
5489732,170945.1754,1995-02-01,0
2939522,170927.1609,1995-02-25,0
561666,170883.5904,1995-01-05,0
2937217,170878.2141,1995-02-17,0
765060,170869.2286,1995-02-12,0
2801125,170759.8046,1995-02-22,0
2662471,170710.047,1995-02-07,0
958854,170613.1204,1995-01-06,0
4677223,170597.7828,1995-01-10,0
5270375,170548.3185,1995-01-17,0
5030757,170515.0396,1995-02-20,0
5797058,170514.045,1994-12-16,0
5924321,170482.5768,1995-02-19,0
5633319,170459.7067,1995-02-08,0
1546753,170389.9736,1994-12-14,0
3673152,170318.2076,1995-02-18,0
2946563,170291.4957,1995-02-23,0
5538528,170238.238,1994-12-24,0
1379335,170175.2021,1995-02-15,0
4252359,170124.5071,1995-02-21,0
3376675,170113.1097,1995-03-03,0
1194593,170088.438,1994-12-28,0
4451815,170062.4381,1995-02-12,0
5634407,170039.6072,1995-03-03,0
1590787,170003.7669,1995-03-02,0
5543201,169966.5205,1995-02-26,0
1340675,169963.4025,1995-02-25,0
752166,169909.299,1995-01-27,0
2543655,169905.1046,1995-02-10,0
2926017,169863.1952,1995-01-02,0
1843521,169812.4647,1995-01-24,0
553540,169802.5834,1995-01-28,0
5653507,169723.6708,1995-01-16,0
3729921,169681.4588,1994-12-18,0
2630145,169605.4135,1995-02-18,0
4328071,169519.4174,1994-12-30,0
5041954,169472.4882,1994-12-20,0
686980,169387.3528,1995-01-25,0
5789378,169369.3785,1995-02-10,0
5583555,169341.8893,1995-02-21,0
1054084,169322.3304,1994-12-20,0
474469,169307.2471,1995-02-20,0
766082,169274.4939,1995-01-13,0
3916387,169208.0258,1994-12-30,0
4606817,169187.6903,1995-02-28,0
4363974,169160.5195,1995-01-14,0
2488929,169149.2856,1994-12-17,0
192551,169113.7657,1995-02-06,0
1902818,169113.3976,1995-02-27,0
2920135,169073.2348,1995-02-02,0
4802274,169056.9321,1995-02-14,0
2042148,169041.9166,1995-02-28,0
825541,169035.5429,1995-02-28,0
1668129,169026.9139,1995-01-05,0
3707717,169013.9208,1994-12-22,0
4150310,168957.5628,1995-02-24,0
1509575,168952.9769,1995-02-21,0
3811269,168895.2093,1994-12-17,0
4128967,168884.7966,1995-01-30,0
4512038,168883.0765,1995-02-03,0
5256038,168794.8656,1994-12-31,0
5059936,168792.4828,1995-01-11,0
5452230,168768.4653,1994-12-09,0
5191459,168761.788,1995-01-11,0
751332,168721.4456,1995-02-16,0
1655810,168719.1209,1995-03-01,0
1174881,168712.9821,1995-01-07,0
334951,168685.8724,1995-02-03,0
9537,168613.2549,1995-02-14,0
2955874,168606.8645,1995-01-27,0
5555298,168605.376,1995-01-21,0
4227169,168596.0996,1995-01-09,0
2224706,168547.7128,1995-01-08,0
4756609,168539.2095,1995-02-11,0
2161345,168490.814,1994-12-31,0
1361666,168487.5894,1994-11-21,0
3333574,168481.712,1994-11-27,0
1111780,168444.5411,1995-03-02,0
1362820,168393.2087,1995-01-03,0
2727073,168331.6237,1995-03-01,0
2313956,168326.4511,1995-02-24,0
1067047,168317.3863,1995-01-28,0
5091136,168281.2685,1994-12-08,0
5054112,168274.4542,1995-02-05,0
309280,168262.326,1994-12-16,0
227238,168194.299,1995-02-16,0
4167586,168145.6867,1995-02-22,0
707585,168082.9776,1995-02-05,0
2357248,168064.9538,1995-02-01,0
1887685,168052.271,1995-03-01,0
3978689,168011.7484,1995-01-29,0
4885509,168005.1905,1995-02-23,0
3658598,167922.8948,1995-01-22,0
3024321,167909.1416,1995-02-17,0
2870691,167875.3181,1995-01-08,0
5783206,167857.8634,1995-02-24,0
5857381,167809.8663,1995-01-20,0
939203,167787.7794,1995-02-11,0
3042915,167779.3597,1995-03-01,0
3765984,167776.0216,1994-12-28,0
1271777,167771.1666,1995-02-16,0
2805958,167760.0583,1995-02-14,0
305542,167722.9004,1995-01-08,0
641159,167691.2388,1995-01-31,0
409604,167487.6836,1995-03-02,0
5654145,167478.3992,1995-02-27,0
2917186,167444.6468,1995-02-09,0
2004802,167301.9676,1995-01-30,0
1860741,167288.1325,1994-12-26,0
4589347,167270.0145,1995-02-13,0
2106401,167215.4595,1995-02-06,0
1534660,167184.5994,1995-02-05,0
3648514,167182.8326,1995-01-01,0
1456934,167177.6739,1995-01-01,0
2968384,167174.4773,1995-01-28,0
5951552,167161.2514,1995-02-23,0
1349411,167114.7198,1995-02-14,0
1323908,167091.9361,1995-02-16,0
5694279,167071.1728,1995-02-17,0
1035111,167069.9786,1995-02-28,0
4977025,167035.74,1994-12-27,0
1867680,167004.357,1995-02-27,0
3985761,166973.1403,1995-01-17,0
4313250,166955.653,1994-12-23,0
3458,166864.5878,1994-12-22,0
1357507,166801.9786,1995-02-22,0
4432640,166798.1996,1995-02-19,0
5638817,166753.2036,1995-02-21,0
633058,166736.4223,1995-01-29,0
3853987,166731.0555,1995-01-21,0
2585859,166585.1563,1995-01-20,0
2488486,166566.2212,1995-02-01,0
5138820,166561.1766,1995-01-15,0
3056647,166554.3124,1995-02-09,0
865892,166489.9756,1994-12-05,0
1928837,166480.6872,1995-01-01,0
4165351,166361.3622,1995-01-31,0
2549153,166336.795,1995-02-13,0
67843,166328.7856,1995-01-04,0
2229698,166304.3725,1995-01-19,0
5711236,166289.762,1995-02-24,0
995776,166230.768,1995-01-28,0
3266371,166141.497,1995-03-03,0
520481,166119.2605,1995-02-06,0
104482,166065.5018,1995-02-20,0
1276867,165994.423,1995-01-09,0
4422689,165964.5954,1995-03-02,0
4051527,165935.0393,1995-02-28,0
5605538,165892.0526,1995-02-21,0
5316482,165810.2763,1995-03-02,0
5673728,165793.8672,1995-01-11,0
4592807,165791.8742,1995-01-15,0
5500579,165785.0656,1994-12-12,0
3818210,165752.1527,1994-12-07,0
1053986,165746.0474,1995-01-06,0
4536512,165729.3509,1994-12-25,0
3472358,165716.1886,1995-02-03,0
346850,165713.1556,1994-12-22,0
3148578,165673.3542,1995-03-03,0
2019014,165666.5996,1995-01-19,0
3500517,165640.0526,1995-02-26,0
2188801,165598.0392,1995-01-11,0
3433603,165597.9516,1995-01-02,0
663207,165573.7329,1995-01-18,0
5664229,165573.6632,1995-01-30,0
4915270,165570.4737,1995-02-02,0
1747650,165505.1934,1995-02-05,0
3816837,165458.8928,1995-03-03,0
3123712,165390.303,1995-03-02,0
4070720,165376.3004,1995-02-15,0
1930850,165249.4512,1995-02-03,0
1019559,165226.264,1994-12-17,0
1199459,165181.9278,1995-02-28,0
500358,165171.9468,1995-03-01,0
4157606,165132.1506,1995-02-21,0
2199106,165127.3985,1995-01-13,0
3021669,165120.417,1995-01-01,0
143008,165082.8756,1995-01-20,0
3669604,165067.8379,1995-01-05,0
4304609,165056.4737,1995-01-26,0
1197250,164951.9512,1994-12-11,0
5138502,164927.634,1995-02-07,0
5740550,164880.7085,1995-01-29,0
2052516,164816.0428,1995-01-08,0
5681857,164814.4532,1995-01-13,0
4280164,164781.5562,1995-01-19,0
2035744,164770.9938,1995-02-18,0
1375170,164743.372,1995-01-06,0
5104422,164719.2059,1995-01-13,0
4692352,164629.4567,1995-02-05,0
3837988,164617.1751,1995-02-19,0
5765,164573.505,1994-12-15,0
3050754,164557.0071,1994-12-15,0
5017863,164540.559,1995-01-14,0
5109856,164450.0268,1994-12-28,0
3019398,164368.0479,1995-01-19,0
2466085,164311.4826,1995-02-26,0
5147936,164282.4819,1995-02-12,0
273602,164249.812,1995-02-09,0
3118049,164219.1057,1995-02-19,0
1661920,164202.4308,1995-01-19,0
4497728,164188.062,1995-01-04,0
5474017,164181.6104,1995-01-12,0
5553859,164143.341,1995-01-20,0
2376101,164137.9712,1995-02-24,0
2844260,164100.064,1995-03-01,0
5758150,163970.825,1995-01-11,0
1900449,163968.1246,1995-02-07,0
4973381,163959.624,1995-02-22,0
4435009,163780.7808,1995-01-29,0
3935942,163754.6174,1994-12-26,0
3530722,163738.7948,1995-01-20,0
3954144,163684.3432,1994-12-11,0
3824262,163600.6904,1994-12-14,0
3253767,163599.1224,1994-12-11,0
1370662,163552.1623,1995-02-17,0
5897026,163493.5203,1995-01-08,0
1208325,163493.097,1995-01-12,0
3213089,163465.9839,1995-02-16,0
1989347,163460.6414,1995-02-07,0
4636129,163388.8246,1994-12-24,0
5706753,163328.3316,1995-02-06,0
5813377,163279.3012,1995-02-21,0
2023873,163216.6222,1995-02-14,0
3830021,163214.2812,1995-02-18,0
2017767,163161.523,1995-01-12,0
2251206,163060.7511,1995-02-25,0
2307303,163055.616,1995-01-21,0
2072740,162976.9107,1995-02-24,0
1387232,162973.381,1995-02-18,0
5683462,162971.0138,1995-01-17,0
277632,162940.1178,1995-01-26,0
601027,162934.0984,1995-02-25,0
2479525,162797.32,1995-03-02,0
134113,162772.6422,1994-12-27,0
1896738,162740.3648,1994-12-19,0
5173568,162715.7262,1995-01-23,0
3180643,162690.3396,1995-01-09,0
2973350,162689.1089,1995-02-08,0
4932929,162683.601,1995-02-09,0
509217,162670.4299,1995-01-10,0
1237861,162601.5052,1994-12-22,0
5049797,162585.092,1995-02-03,0
4747366,162504.2992,1995-01-26,0
1093185,162379.8246,1995-02-25,0
836865,162360.1504,1994-12-28,0
4919809,162351.0801,1995-01-13,0
4671392,162333.421,1995-01-20,0
1772999,162253.9191,1995-02-20,0
4098915,162179.1489,1994-12-18,0
3278400,162171.2189,1995-01-13,0
3311936,162127.6682,1995-02-04,0
438342,162111.6196,1995-02-26,0
4692704,162090.7274,1995-02-11,0
1086566,162090.2421,1994-12-06,0
5166886,162055.3837,1995-01-05,0
3994530,162027.1128,1995-02-12,0
1565344,161934.781,1995-02-06,0
4729217,161919.2193,1995-02-03,0
2061318,161910.0754,1995-01-23,0
1958086,161898.772,1995-01-22,0
4963840,161784.1293,1995-01-27,0
1555392,161749.164,1995-01-01,0
3278658,161748.5884,1995-02-18,0
4008642,161738.605,1995-02-04,0
4856321,161738.1032,1995-02-25,0
4211460,161701.2729,1995-01-02,0
718178,161631.3316,1994-11-19,0
4506022,161619.8253,1995-03-01,0
4097447,161552.1934,1995-03-03,0
3455044,161550.9894,1995-01-04,0
264966,161544.488,1995-01-21,0
2139650,161536.5224,1995-02-23,0
2255461,161477.6717,1995-01-01,0
2313635,161464.8635,1995-02-23,0
2379301,161441.3155,1995-02-17,0
426695,161375.6645,1995-02-23,0
3994820,161361.3145,1995-01-05,0
712807,161185.8444,1995-01-27,0
381379,161174.8167,1995-01-23,0
4173222,161158.7548,1995-01-06,0
1073604,161140.0674,1995-03-03,0
266725,161130.4102,1995-02-21,0
4064835,161116.8624,1995-02-04,0
1303109,161108.5304,1995-01-07,0
1787651,161108.4655,1995-01-25,0
722085,161085.0006,1995-01-10,0
3199719,161073.7512,1994-12-12,0
5118882,161040.9702,1995-02-08,0
3647655,161021.2408,1995-02-05,0
3346149,160991.6817,1995-02-27,0
3488933,160984.2482,1995-01-20,0
1829316,160943.5444,1995-01-30,0
4903010,160924.8136,1995-02-14,0
3913479,160923.068,1995-01-27,0
3716039,160886.8325,1995-01-05,0
5272321,160845.5168,1995-02-17,0
5333637,160828.0961,1995-01-10,0
2882528,160794.5082,1995-01-30,0
5835844,160775.0338,1995-01-16,0
3903239,160762.1554,1995-02-07,0
3068295,160736.0236,1995-01-17,0
5585953,160705.599,1995-01-15,0
4956326,160655.3606,1995-02-27,0
4105191,160653.966,1995-01-30,0
1191303,160651.5558,1995-01-21,0
3441313,160625.74,1995-01-15,0
1759010,160600.1882,1995-02-21,0
2346757,160591.5984,1995-01-16,0
3355076,160512.6744,1995-03-01,0
2438752,160466.1765,1995-02-23,0
488903,160429.862,1995-02-26,0
74177,160409.6947,1994-12-12,0
4283141,160390.192,1995-02-12,0
5064930,160346.131,1995-02-18,0
2378753,160328.4376,1995-01-24,0
5335459,160301.8,1995-01-27,0
66752,160290.6293,1995-01-19,0
3401125,160285.9419,1995-01-22,0
5292385,160263.3924,1995-03-01,0
3638659,160237.429,1995-02-22,0
3484676,160216.145,1995-01-21,0
3656160,160191.7874,1995-02-06,0
252929,160161.9063,1995-03-03,0
5934214,160130.0277,1995-01-21,0
2659680,160111.6734,1995-02-01,0
2686753,160065.6698,1995-01-08,0
754055,160059.1482,1994-12-16,0
4937888,160026.6342,1995-01-09,0
200900,160018.6608,1995-01-23,0
2851751,159969.6382,1994-12-09,0
5052355,159968.0538,1995-02-03,0
2434017,159955.6593,1994-12-15,0
2265828,159929.0163,1995-02-08,0
793762,159904.3092,1995-01-25,0
5836739,159820.6753,1995-03-02,0
5051841,159806.9072,1995-01-14,0
2569893,159779.2296,1995-02-15,0
4084326,159771.057,1994-11-22,0
5535680,159765.3644,1995-02-12,0
2078913,159728.1586,1995-01-23,0
5938279,159681.498,1995-02-11,0
1032320,159680.2165,1995-01-06,0
2410215,159628.5258,1995-01-26,0
1365188,159539.614,1995-02-04,0
4537988,159494.4414,1994-12-20,0
5281349,159485.1982,1995-02-17,0
3394563,159357.1372,1995-01-17,0
5652608,159282.6375,1995-02-19,0
2934372,159279.7485,1995-02-11,0
5940839,159261.6871,1995-01-27,0
4665920,159244.4092,1995-01-25,0
2848807,159238.68,1995-01-12,0
200099,159221.4603,1995-01-27,0
4762594,159210.3984,1995-02-22,0
2772035,159145.4648,1995-02-28,0
5914853,159132.1452,1995-02-24,0
1987685,159082.2219,1995-01-05,0
5136160,158968.3627,1995-01-29,0
123748,158956.1246,1995-02-28,0
498305,158948.6903,1995-01-04,0
970082,158898.8543,1995-03-03,0
1785028,158889.8016,1994-12-28,0
894949,158824.9985,1995-02-11,0
147426,158810.5416,1995-02-26,0
4958724,158758.1226,1994-12-11,0
1279813,158675.2803,1995-03-01,0
2928775,158664.0725,1995-02-21,0
114790,158643.7863,1995-02-13,0
2679173,158568.9645,1995-02-07,0
4532000,158547.2014,1995-01-23,0
4767937,158530.5935,1995-02-22,0
248834,158477.4544,1995-02-02,0
5329730,158473.4636,1994-12-30,0
5995781,158366.4804,1995-02-17,0
874149,158364.7916,1995-02-05,0
4853575,158281.8935,1995-02-22,0
5425600,158251.5108,1995-01-26,0
1912097,158199.6458,1995-01-28,0
2481056,158186.2471,1995-02-12,0
1955524,158151.1435,1994-12-15,0
3856387,158127.2226,1995-01-22,0
4006277,158097.6941,1995-01-06,0
1871554,158095.4505,1995-01-09,0
3579045,158074.5154,1995-02-09,0
356481,158015.9705,1995-01-29,0
4657156,157988.8003,1995-02-02,0
3619492,157973.574,1995-02-05,0
1768423,157926.77,1994-12-28,0
2365216,157899.6067,1995-02-20,0
2342528,157882.8922,1995-01-18,0
1331397,157821.8403,1995-01-16,0
4912193,157817.212,1995-02-24,0
5851782,157800.0567,1995-02-05,0
4985024,157764.744,1995-02-14,0
3491395,157700.3539,1995-02-25,0
4619458,157676.8962,1994-12-24,0
5196513,157666.1027,1995-03-02,0
703907,157574.2849,1995-01-10,0
4767655,157524.1632,1995-01-04,0
2265029,157519.9104,1995-02-11,0
1402566,157518.3901,1995-01-22,0
3540901,157481.5286,1995-02-27,0
5939873,157406.786,1995-01-06,0
4347777,157388.918,1995-02-16,0
4735043,157381.7868,1995-02-24,0
1354950,157380.5696,1995-01-25,0
2638818,157367.1377,1995-01-29,0
3220389,157334.6695,1994-12-10,0
2232322,157334.2221,1995-01-12,0
4799334,157292.4549,1995-02-02,0
1779234,157168.8234,1994-12-18,0
2067360,157127.465,1995-01-26,0
2291717,157071.1928,1995-01-29,0
198503,157033.8003,1995-01-27,0
2372131,157012.1246,1994-12-23,0
2680452,156998.2542,1995-01-31,0
1368704,156987.2512,1995-02-04,0
4363266,156984.5948,1995-02-27,0
3583203,156978.3046,1995-01-20,0
3820864,156900.1408,1995-02-15,0
4332999,156899.4518,1994-12-23,0
252321,156869.647,1995-01-14,0
3571650,156827.5756,1995-01-30,0
974754,156826.0326,1995-01-20,0
2437828,156669.4467,1994-12-31,0
1773441,156606.517,1995-01-31,0
5705190,156573.8268,1995-03-01,0
690016,156573.7226,1994-12-20,0
2753602,156553.0248,1995-02-10,0
2130880,156537.1872,1995-02-16,0
3766148,156423.508,1995-01-29,0
3665895,156413.839,1995-01-02,0
1120774,156406.1229,1995-01-29,0
1242241,156368.096,1995-01-17,0
522789,156361.6792,1995-01-13,0
1547873,156342.0058,1995-02-01,0
2724832,156336.4388,1994-12-20,0
2882017,156295.2033,1995-02-06,0
3261696,156291.6284,1995-02-05,0
3975943,156218.152,1995-01-23,0
726755,156214.1927,1995-01-11,0
2842535,156178.5949,1995-02-05,0
1089603,156087.5552,1995-01-27,0
2791847,156072.0332,1995-02-22,0
1304515,156040.8046,1995-03-03,0
1531810,156028.0068,1995-01-03,0
1931302,156007.233,1995-01-19,0
5124993,155970.044,1995-01-29,0
5998659,155955.9914,1995-01-30,0
2856166,155889.4466,1994-12-28,0
4624709,155880.7922,1994-12-26,0
3176962,155751.9432,1994-12-29,0
70820,155743.2708,1995-02-22,0
5057093,155708.6364,1995-02-19,0
5540450,155667.1204,1995-01-02,0
2216995,155663.7028,1994-12-24,0
5472391,155658.9478,1994-12-28,0
238695,155644.2981,1995-01-27,0
4166820,155603.8842,1995-01-28,0
718342,155577.1763,1995-02-19,0
3107108,155547.1278,1995-01-29,0
3042374,155521.715,1995-01-18,0
776229,155491.7828,1995-02-04,0
1392865,155484.651,1995-01-20,0
3536965,155471.7186,1995-02-26,0
3633413,155402.4499,1995-02-03,0
4271681,155357.4545,1995-01-22,0
2766116,155288.2388,1994-12-20,0
4092611,155276.6532,1995-01-20,0
1787526,155245.5259,1995-01-11,0
4187655,155221.5095,1995-01-20,0
5432741,155221.2221,1995-01-13,0
1521699,155209.6494,1995-01-16,0
4862951,155200.828,1995-01-27,0
2661637,155183.0112,1995-01-23,0
1646790,155167.7439,1995-02-12,0
2830595,155099.2546,1995-02-03,0
2526530,155097.8902,1994-12-25,0
467939,155078.4311,1995-02-02,0
2197573,154976.6368,1995-02-22,0
4194213,154919.1879,1995-01-30,0
3794183,154868.9214,1995-03-02,0
5764327,154839.2189,1995-02-02,0
5941925,154835.445,1995-02-23,0
233893,154830.6968,1995-02-21,0
3049280,154810.642,1995-02-28,0
5873669,154806.685,1995-02-24,0
1327619,154804.3926,1995-02-15,0
2825222,154779.2681,1995-02-23,0
1238402,154747.6847,1994-12-13,0
2559109,154630.0223,1995-02-28,0
739975,154622.9988,1995-01-26,0
3430752,154616.639,1995-02-27,0
5314241,154609.1208,1994-12-26,0
834055,154601.7106,1995-01-12,0
5230469,154598.5062,1995-02-18,0
4686375,154516.958,1995-01-29,0
1370531,154487.904,1995-01-15,0
223297,154480.8222,1995-03-03,0
1841668,154469.5983,1994-12-27,0
5175204,154466.4993,1995-02-13,0
4159649,154429.7122,1995-02-09,0
4708451,154346.5382,1995-01-20,0
5268774,154317.5349,1995-01-18,0
5979684,154260.4308,1995-01-02,0
4508259,154218.4958,1995-01-26,0
3048999,154189.212,1994-12-08,0
4758432,154176.0176,1995-01-21,0
5232484,154122.9005,1995-01-21,0
1284774,154067.1618,1994-12-28,0
1257798,154062.1148,1995-01-25,0
3177027,154054.569,1995-02-27,0
755142,154049.0633,1995-02-10,0
807809,154046.872,1995-01-21,0
2410116,154001.0502,1995-02-19,0
4140033,153999.187,1995-01-05,0
2851682,153770.0563,1995-02-09,0
3406148,153761.878,1995-01-29,0
3911141,153746.1867,1995-02-24,0
5496833,153702.6528,1994-12-22,0
4367650,153647.1056,1995-02-24,0
4747810,153619.4946,1995-01-09,0
3240800,153608.1758,1994-12-16,0
65156,153504.5964,1995-02-07,0
1710209,153452.4862,1995-01-17,0
1757794,153439.6904,1995-02-02,0
1648036,153425.8944,1995-03-02,0
3282976,153421.5656,1994-12-03,0
501313,153355.1033,1995-02-25,0
1783430,153340.2482,1995-01-07,0
3280711,153328.9165,1995-01-15,0
842340,153309.4095,1995-02-06,0
2858881,153301.4598,1994-12-21,0
1942689,153299.8388,1995-01-22,0
1532356,153276.9794,1994-12-11,0
5406626,153246.2893,1995-02-10,0
4498692,153229.7501,1995-02-04,0
4728098,153226.6095,1995-02-14,0
5690434,153210.5866,1995-02-10,0
4091463,153201.379,1995-01-13,0
761703,153194.018,1994-12-19,0
2618658,153142.2513,1995-01-16,0
3515748,153134.9477,1995-02-23,0
5176675,153122.0227,1995-01-12,0
1102082,153104.3597,1995-01-29,0
552549,153065.3802,1995-02-28,0
5159878,153040.0861,1994-12-11,0
5529414,153013.3276,1995-01-06,0
4154407,152990.9866,1995-02-13,0
4262182,152917.1384,1995-02-22,0
2205158,152881.2615,1995-01-10,0
1997606,152841.2577,1995-02-04,0
2105415,152819.6742,1995-01-19,0
4799143,152782.6467,1994-12-17,0
3634916,152765.337,1995-01-17,0
3981793,152712.9456,1995-01-10,0
1763748,152702.0921,1994-12-22,0
325731,152672.3762,1995-01-16,0
1371365,152665.0668,1995-01-06,0
5945958,152648.8116,1995-02-21,0
4138340,152645.9555,1995-02-03,0
4026823,152633.1865,1995-02-25,0
1802305,152569.4023,1995-02-24,0
1791750,152555.3367,1995-03-03,0
964193,152549.275,1995-02-21,0
4706019,152543.239,1995-02-07,0
3085283,152516.0985,1994-12-31,0
2098849,152458.9717,1995-02-27,0
1124193,152444.4759,1995-01-21,0
4261539,152409.3342,1994-12-06,0
5122468,152347.2264,1995-02-04,0
1246784,152280.7005,1994-12-07,0
3754919,152268.247,1995-02-21,0
4705600,152244.9267,1995-01-11,0
3334916,152215.1744,1995-01-11,0
2219077,152197.5207,1995-02-07,0
5074630,152136.8629,1994-12-14,0
5911588,152113.7972,1995-03-03,0
3273344,152107.1224,1995-01-06,0
1426563,152106.2961,1995-01-31,0
1762311,152100.1822,1995-02-27,0
728161,152021.5344,1994-12-09,0
5595906,152016.9599,1995-02-06,0
3595203,152015.7269,1995-01-04,0
3680289,152014.7286,1994-12-31,0
3624135,151950.624,1995-02-26,0
2193478,151947.8549,1995-01-13,0
5047589,151857.4203,1995-02-27,0
4974850,151737.4668,1995-03-02,0
3869477,151684.2788,1995-02-27,0
3818945,151675.3546,1994-12-11,0
3386755,151652.327,1995-02-02,0
4855488,151596.497,1995-01-09,0
1379142,151596.2698,1995-02-25,0
4681444,151564.162,1994-12-07,0
3925953,151522.4305,1995-02-13,0
5056385,151522.2156,1995-02-10,0
2732006,151507.4561,1995-01-23,0
921509,151503.2262,1995-02-02,0
769638,151439.6003,1995-02-09,0
865735,151437.4296,1995-01-13,0
4584903,151420.1802,1995-02-14,0
3086438,151317.679,1994-12-26,0
5573158,151261.1434,1995-02-23,0
1033474,151255.82,1995-01-30,0
944645,151246.3224,1995-02-24,0
4171970,151222.7522,1995-01-27,0
360935,151172.367,1994-12-04,0
450083,151165.4666,1995-02-23,0
5615362,151161.6279,1995-02-27,0
2056870,151145.645,1994-12-27,0
4225223,151144.1673,1995-01-27,0
3013893,151140.422,1995-03-01,0
121863,151113.3488,1995-01-22,0
5990883,150953.5427,1995-02-14,0
5084807,150949.8936,1995-02-28,0
1057799,150895.9953,1995-02-07,0
3600647,150895.4408,1995-01-22,0
1466274,150793.1613,1995-02-21,0
1947488,150785.6246,1995-03-01,0
2851524,150730.7178,1995-01-04,0
3798720,150702.468,1995-01-09,0
5812994,150668.974,1995-01-28,0
2811012,150612.5064,1995-01-31,0
1913314,150603.3684,1995-01-27,0
4672805,150590.6692,1995-02-12,0
4688773,150590.1582,1995-02-11,0
5721927,150588.3774,1995-03-01,0
3500545,150578.7448,1995-03-02,0
1309760,150539.3429,1995-01-28,0
5503591,150538.3262,1995-01-27,0
3345414,150506.7198,1995-02-12,0
1308326,150440.3219,1995-02-25,0
3018338,150432.5818,1995-02-02,0
2343297,150390.615,1994-12-26,0
2697638,150378.497,1995-02-12,0
4996549,150321.2436,1995-01-15,0
1408231,150308.4864,1995-02-24,0
4216132,150284.0509,1995-01-02,0
818275,150281.1444,1995-01-01,0
867264,150259.6436,1995-01-16,0
5445126,150228.4653,1995-02-15,0
5411334,150167.1779,1995-01-27,0
3680225,150129.9783,1995-01-19,0
4954308,150096.4254,1995-02-19,0
340870,150067.3086,1995-03-03,0
11138,150049.5919,1995-02-27,0
3462914,150032.0404,1994-12-14,0
5420389,150022.2803,1995-01-26,0
4911750,149955.3373,1994-12-31,0
3292320,149931.77,1995-01-28,0
3041475,149879.0677,1995-02-11,0
5416679,149729.0854,1995-01-15,0
5681191,149683.1746,1995-02-02,0
130982,149627.1954,1995-03-01,0
663010,149618.116,1995-02-05,0
4641959,149595.8698,1995-01-28,0
445575,149482.2211,1995-01-15,0
3410438,149460.6696,1995-02-10,0
4700164,149369.0968,1995-01-19,0
3699619,149344.5763,1995-02-14,0
3835394,149320.2071,1994-12-30,0
2992069,149282.5328,1994-12-18,0
3987873,149242.056,1995-02-27,0
3736388,149236.441,1995-02-21,0
4302144,149214.2998,1995-02-19,0
441536,149179.1495,1995-02-19,0
5849216,149078.6112,1994-11-29,0
4205957,149059.0212,1995-01-18,0
4933829,149052.756,1995-02-04,0
4930757,148990.5678,1995-02-20,0
4403527,148957.5204,1995-02-13,0
1004612,148903.9206,1995-01-18,0
5772418,148871.202,1995-02-26,0
5588356,148861.6794,1995-01-19,0
3453506,148835.9563,1995-02-13,0
1807424,148831.8902,1995-02-21,0
2822688,148812.6994,1995-02-15,0
2231942,148796.4766,1995-01-14,0
1025184,148787.8796,1994-12-31,0
5898946,148775.6856,1995-01-21,0
1855298,148715.8737,1994-12-30,0
4627043,148710.2754,1994-12-30,0
5647138,148707.2631,1995-02-19,0
196642,148555.403,1995-02-27,0
1615747,148529.0656,1995-02-09,0
2452640,148524.7692,1995-01-21,0
4187173,148479.0552,1995-01-28,0
5569157,148468.0968,1995-02-23,0
3950529,148464.6966,1995-02-20,0
1151303,148445.043,1995-02-04,0
3801509,148397.1944,1995-02-18,0
1919876,148396.5126,1995-01-20,0
848390,148386.9263,1995-02-28,0
1219520,148384.2719,1995-02-06,0
1063906,148370.709,1994-12-27,0
837923,148347.104,1995-02-11,0
4081156,148345.98,1995-02-12,0
1310819,148283.0986,1994-12-14,0
4880710,148260.314,1995-02-11,0
4432674,148217.9068,1994-12-27,0
207585,148214.0486,1995-02-20,0
1716835,148141.4408,1995-01-28,0
2001539,148121.4701,1995-02-26,0
5033890,148113.882,1995-01-12,0
382405,148081.2918,1995-01-06,0
3600100,148066.266,1994-12-20,0
2978052,148021.151,1995-01-16,0
3727041,148015.2312,1995-01-25,0
4968064,147996.8886,1994-12-05,0
2374566,147988.3096,1995-03-02,0
2942629,147956.286,1995-02-08,0
556099,147879.787,1995-01-31,0
78692,147837.8186,1995-03-01,0
5066723,147815.3269,1995-01-18,0
2389511,147780.0722,1995-02-16,0
4083875,147722.742,1995-02-17,0
3527905,147714.7437,1994-12-29,0
3815842,147695.8937,1995-02-12,0
1558566,147690.3256,1995-02-23,0
83173,147670.6238,1995-03-02,0
494145,147624.6819,1994-12-30,0
4914244,147597.966,1995-02-22,0
4956228,147584.314,1995-01-16,0
1479399,147554.6374,1995-01-27,0
5573798,147544.5488,1995-02-18,0
850855,147471.6552,1995-01-27,0
4931367,147455.995,1995-01-13,0
930787,147431.2792,1995-02-26,0
4433925,147422.038,1994-12-25,0
1874340,147413.1166,1995-02-10,0
2824320,147362.2356,1995-02-08,0
4853892,147348.296,1995-01-10,0
3075587,147324.8564,1995-02-13,0
570406,147310.17,1995-02-14,0
3953829,147276.8892,1995-01-19,0
2128390,147245.4998,1995-02-15,0
2931714,147181.6006,1994-12-28,0
3376322,147158.6091,1995-02-04,0
765893,147133.9434,1995-02-08,0
4292770,147062.443,1995-02-20,0
3566342,147062.175,1995-01-23,0
1048514,147055.292,1995-01-14,0
477025,147050.1734,1995-02-04,0
1050277,147008.0431,1995-01-27,0
3465670,146952.0094,1995-01-04,0
5406372,146934.6252,1995-02-24,0
5604002,146919.0998,1994-11-20,0
4011907,146903.0946,1995-02-23,0
3403814,146880.4932,1995-01-07,0
2061825,146846.4268,1995-01-20,0
3259489,146813.0941,1995-02-05,0
4546433,146812.0112,1995-02-22,0
2433859,146809.9638,1995-03-03,0
4076229,146782.0186,1994-12-18,0
926787,146740.008,1995-01-10,0
1438214,146733.1316,1995-02-03,0
1512966,146701.9665,1995-01-09,0
836710,146682.6696,1994-12-13,0
1633187,146667.8098,1995-01-10,0
2059142,146641.4932,1995-02-17,0
1040451,146615.745,1995-02-22,0
871173,146612.6696,1994-12-24,0
1948259,146594.718,1995-01-29,0
4291590,146586.808,1995-01-09,0
3239907,146547.5829,1995-01-24,0
3225382,146542.6848,1995-01-30,0
1365767,146527.2164,1995-03-02,0
1743425,146517.7125,1995-02-19,0
738340,146508.9385,1995-01-31,0
4972259,146488.4858,1995-01-02,0
2977959,146459.0077,1995-01-15,0
4620903,146409.755,1995-02-18,0
1312295,146333.8958,1995-01-03,0
2595329,146327.5356,1994-12-01,0
3775590,146323.3856,1994-12-24,0
3206630,146303.2044,1994-12-29,0
383874,146218.5943,1995-02-09,0
261699,146199.2318,1995-03-02,0
3117767,146147.654,1995-01-07,0
2645028,146145.8664,1995-02-21,0
2380769,146119.9735,1995-02-11,0
1020292,146117.5566,1995-01-16,0
1442503,146113.1064,1995-01-17,0
1689344,146103.4668,1994-12-20,0
1948423,145996.8148,1994-12-29,0
3289829,145985.8788,1995-01-08,0
4456838,145959.2645,1994-11-29,0
4075424,145903.3332,1995-01-01,0
4295875,145896.8996,1995-02-05,0
5324224,145858.0253,1995-02-19,0
3028097,145833.4627,1995-02-11,0
5574949,145824.3269,1995-02-20,0
1894147,145799.872,1995-01-10,0
4849189,145793.7398,1994-12-01,0
3998115,145787.6941,1995-01-17,0
4591207,145763.7811,1994-12-05,0
2685248,145723.0728,1995-01-27,0
5367142,145693.1976,1995-02-12,0
3152967,145670.1143,1995-01-14,0
425059,145669.5522,1995-01-11,0
1428261,145656.565,1995-01-05,0
5358823,145646.218,1995-01-01,0
5051840,145625.6249,1994-12-28,0
1716356,145625.5254,1995-01-06,0
799365,145570.7191,1995-01-02,0
5687521,145569.6544,1995-02-12,0
1462052,145521.1922,1995-01-14,0
3694915,145508.4406,1995-01-22,0
1122147,145459.5847,1995-02-05,0
4433955,145426.1238,1995-02-28,0
5516896,145378.1238,1995-02-28,0
2515617,145366.146,1995-01-22,0
5807104,145321.8908,1995-01-24,0
5991618,145319.3632,1995-02-04,0
3810208,145317.6528,1995-01-30,0
2043617,145294.2272,1995-01-27,0
5093312,145261.0724,1995-02-04,0
2849670,145259.481,1994-12-29,0
4209537,145258.6352,1995-02-07,0
1192229,145173.427,1995-01-16,0
4238885,145171.3216,1995-01-27,0
5024416,145151.6362,1994-12-25,0
2012199,145090.5949,1995-02-23,0
3663523,145069.4627,1995-01-13,0
3491203,145064.8472,1995-03-03,0
804035,144997.1976,1994-11-20,0
2289380,144994.1953,1995-01-28,0
1543687,144986.3348,1995-02-25,0
1797319,144959.6736,1994-12-19,0
5428962,144866.6535,1994-12-18,0
1042759,144861.8677,1995-01-09,0
2253350,144824.5157,1995-01-21,0
2775456,144823.7053,1995-02-10,0
4889765,144742.6018,1995-03-01,0
1822279,144728.346,1995-01-08,0
3333920,144692.2974,1995-02-09,0
3504389,144670.6996,1994-12-22,0
1246565,144659.5758,1995-02-07,0
603943,144652.5604,1994-12-10,0
3585510,144622.4636,1995-01-13,0
1090406,144622.3601,1995-02-01,0
3834339,144618.8728,1995-02-02,0
523618,144585.0348,1995-01-02,0
1041286,144574.5879,1995-03-03,0
5107744,144574.528,1994-12-04,0
4179780,144550.6331,1995-01-19,0
2855648,144548.3334,1995-01-29,0
1492995,144541.1386,1995-02-26,0
3361253,144532.755,1994-12-18,0
5150279,144447.2255,1994-11-28,0
3054337,144442.1357,1995-01-17,0
980869,144415.4446,1995-02-05,0
2764964,144415.22,1995-01-08,0
3967430,144370.0246,1994-11-27,0
5951111,144367.7987,1995-01-20,0
3865799,144331.8182,1994-12-14,0
3339328,144331.2266,1995-02-13,0
362183,144330.7158,1995-02-25,0
1207911,144330.1565,1995-01-20,0
2644998,144318.3096,1995-02-15,0
3166784,144299.5656,1995-01-28,0
2271205,144285.541,1995-03-01,0
3610916,144269.2683,1994-12-22,0
486917,144246.6638,1995-02-25,0
4877120,144212.8495,1995-01-30,0
1710790,144191.5564,1995-01-09,0
3945798,144184.719,1994-11-25,0
2471813,144180.8046,1994-12-22,0
5163554,144166.0731,1995-02-03,0
239554,144152.6004,1995-01-12,0
1653410,144144.7881,1995-02-13,0
4891937,144135.5759,1994-12-25,0
448672,144107.8702,1995-01-27,0
1209799,144084.0012,1995-01-11,0
1694723,144025.2053,1995-02-04,0
5025862,143983.9946,1995-01-29,0
186215,143958.7836,1995-02-13,0
2070243,143956.5081,1995-02-19,0
3224673,143935.5932,1995-01-09,0
4687717,143873.5067,1995-02-17,0
5993157,143820.7028,1995-02-16,0
4525056,143805.2779,1995-01-21,0
4783555,143786.6135,1994-12-11,0
5316229,143772.1488,1995-01-31,0
2966336,143742.3627,1995-01-20,0
5250563,143705.1349,1995-01-28,0
1342243,143682.943,1994-12-16,0
827459,143638.676,1995-01-13,0
4869507,143638.1237,1995-02-06,0
5108932,143609.8174,1994-12-26,0
3055111,143601.9132,1995-01-13,0
3155074,143592.578,1994-12-27,0
2761122,143525.4897,1995-02-14,0
955619,143502.8369,1995-01-04,0
49184,143498.577,1995-03-02,0
1898758,143437.005,1995-01-04,0
3372450,143404.8395,1995-01-24,0
1002081,143380.2982,1994-12-15,0
5088807,143337.7444,1995-02-09,0
1664869,143323.1375,1995-02-13,0
1476194,143273.634,1995-02-01,0
5224069,143258.6889,1995-01-25,0
5036544,143241.4623,1995-01-20,0
3246695,143195.6434,1995-02-21,0
2368993,143177.219,1995-03-01,0
3669734,143159.6592,1995-01-20,0
146626,143140.3928,1995-01-24,0
5414753,143119.5272,1995-01-20,0
1521283,143104.4066,1995-02-01,0
428421,143097.0584,1995-02-06,0
4726753,143086.7718,1995-02-04,0
5389350,143060.818,1995-02-13,0
1924807,143020.0856,1995-01-24,0
4669408,142990.733,1995-02-13,0
4529281,142922.323,1995-02-05,0
4821217,142919.6214,1995-02-26,0
1521378,142913.1709,1995-02-22,0
2678055,142866.9534,1995-02-23,0
3005892,142864.3516,1995-01-17,0
1487874,142740.8567,1995-02-28,0
4367747,142736.8624,1995-02-14,0
4017026,142730.0774,1995-03-03,0
2080898,142678.1204,1995-02-26,0
1195970,142661.1916,1995-01-20,0
102566,142656.2344,1995-02-24,0
692517,142613.292,1994-11-23,0
369700,142594.4592,1994-12-24,0
5836610,142573.6127,1995-02-22,0
5352417,142559.221,1995-01-30,0
5134595,142547.1582,1995-02-28,0
5807393,142540.7022,1995-02-13,0
5337539,142487.897,1995-02-25,0
4368832,142477.5854,1995-01-11,0
1956230,142472.5098,1995-01-03,0
547872,142425.0278,1994-12-29,0
3165888,142389.1344,1995-01-02,0
3211143,142342.9194,1994-11-16,0
3321895,142322.4928,1994-12-10,0
4720035,142317.5781,1995-02-04,0
1605602,142273.0969,1995-01-18,0
436613,142233.3317,1995-01-21,0
5654119,142220.7009,1995-01-20,0
3051879,142127.9888,1995-01-06,0
1243716,142072.2966,1994-12-23,0
1023714,142052.7864,1995-02-16,0
5557312,142035.4704,1995-02-26,0
4823713,142020.9712,1995-02-20,0
4756418,142008.3114,1995-01-09,0
4634689,141960.0058,1995-02-10,0
4115233,141954.6371,1994-12-10,0
3296103,141938.376,1995-01-22,0
885058,141917.8226,1995-02-06,0
1208451,141904.0304,1995-01-07,0
3187750,141833.5394,1995-01-29,0
1299170,141802.376,1995-03-01,0
101696,141757.048,1995-02-24,0
1034340,141747.5196,1994-12-23,0
5174598,141729.7122,1995-02-02,0
5140164,141716.146,1995-02-24,0
2127397,141693.7172,1995-03-03,0
1292258,141668.1158,1995-02-05,0
4755041,141655.278,1995-02-06,0
1375590,141649.9714,1995-02-21,0
747811,141629.6245,1994-12-20,0
5330821,141531.6902,1995-01-23,0
1560868,141525.6186,1995-01-24,0
2175269,141500.2564,1995-02-28,0
6564,141476.8706,1995-01-22,0
4509222,141451.291,1995-01-22,0
2641539,141411.2227,1994-12-24,0
2751553,141410.5314,1995-03-02,0
2853123,141377.8188,1995-01-16,0
4684007,141362.2764,1995-01-03,0
23936,141339.968,1994-12-18,0
4998816,141332.6582,1995-01-16,0
2353094,141315.0507,1995-01-04,0
5094754,141236.0552,1995-02-13,0
4466178,141222.3964,1995-01-10,0
5715332,141162.4478,1994-12-13,0
2399618,141136.772,1995-01-05,0
3973862,141038.1231,1994-12-31,0
3532736,140998.4834,1995-02-05,0
3788992,140979.3801,1995-02-10,0
3394055,140925.2368,1994-11-20,0
844294,140869.7544,1995-02-24,0
4143397,140869.386,1995-01-18,0
4694818,140796.5136,1995-01-21,0
273478,140735.0218,1995-01-09,0
2209957,140724.2323,1995-03-01,0
4407908,140699.8042,1995-02-08,0
3422181,140546.8396,1995-02-16,0
444291,140506.7286,1995-02-15,0
1586949,140495.0184,1995-02-15,0
5405088,140488.1662,1994-12-19,0
3469444,140450.4534,1994-11-28,0
3491201,140432.5202,1994-12-21,0
2417952,140391.6236,1995-01-02,0
3754052,140386.9816,1994-12-07,0
2199943,140382.0255,1995-02-16,0
611489,140354.914,1995-01-29,0
4738561,140352.6136,1995-02-09,0
3728163,140301.3736,1994-12-29,0
2862402,140294.2882,1994-12-05,0
4555975,140277.263,1995-02-28,0
409632,140273.8389,1995-01-26,0
1329415,140248.359,1995-02-06,0
1611552,140233.2335,1995-01-20,0
3671620,140196.5593,1995-01-19,0
3708608,140155.9825,1995-03-03,0
2715394,140119.7574,1994-12-22,0
398343,140111.1086,1995-02-04,0
2473218,140100.0918,1995-02-19,0
5015877,140089.3149,1995-01-12,0
3834341,140045.5766,1995-02-06,0
2719108,140027.6096,1995-01-29,0
1285313,140019.8252,1995-02-20,0
141697,140000.6595,1995-02-14,0
1141127,139944.9328,1994-12-17,0
4636166,139903.9338,1994-12-20,0
598627,139866.0431,1995-01-07,0
1501127,139838.8069,1995-01-05,0
1262660,139814.0176,1995-02-01,0
873699,139808.3076,1995-02-09,0
2331943,139769.757,1995-01-22,0
5395363,139716.1071,1995-01-22,0
3820257,139696.3524,1994-12-14,0
1544224,139643.5374,1995-01-26,0
3016836,139629.3492,1995-01-13,0
5233634,139627.1241,1994-12-23,0
4354787,139606.5928,1995-01-07,0
2386374,139578.4099,1995-02-17,0
3153632,139576.53,1995-01-23,0
4801346,139562.606,1995-02-20,0
3444256,139524.8762,1994-12-31,0
2344259,139488.2196,1995-02-26,0
3759396,139485.9221,1995-01-22,0
3838438,139466.7925,1995-02-20,0
3965698,139465.8104,1995-01-24,0
3337863,139459.9727,1994-12-10,0
5591172,139455.1987,1995-02-25,0
2460358,139453.3594,1995-02-16,0
3806336,139440.5314,1995-02-28,0
5205153,139363.5921,1995-02-02,0
5865797,139357.429,1995-02-10,0
630498,139353.0278,1994-11-23,0
340038,139327.5069,1994-12-28,0
4727264,139310.4417,1995-02-14,0
106529,139247.3136,1995-02-16,0
3358595,139240.7891,1995-01-17,0
2919683,139236.5132,1995-02-16,0
258177,139217.1423,1995-01-10,0
2005731,139170.8121,1995-02-20,0
2656673,139138.0442,1994-12-30,0
5828517,139137.8728,1995-02-06,0
1523556,139132.548,1994-12-24,0
5200519,139126.795,1994-12-05,0
538114,139112.4482,1994-12-25,0
5169669,139104.632,1994-12-11,0
3095365,139085.397,1994-12-25,0
3060866,139059.6858,1995-02-19,0
248258,139022.2605,1995-02-18,0
1223367,138965.0664,1995-02-22,0
1523781,138964.6427,1995-01-10,0
5865382,138964.0258,1995-02-23,0
2192292,138941.5099,1995-02-05,0
2396645,138916.4391,1995-02-13,0
4190017,138883.2801,1995-01-29,0
5089027,138835.9823,1995-02-11,0
2548870,138826.2616,1994-12-12,0
1831491,138808.674,1995-03-03,0
3553444,138800.5202,1995-02-22,0
507267,138767.3244,1995-02-24,0
1567139,138759.735,1994-12-07,0
4780482,138694.4515,1995-01-19,0
2905954,138666.6811,1995-02-09,0
5205348,138660.9936,1995-02-27,0
5086435,138556.2048,1994-12-22,0
3255201,138529.5216,1995-01-23,0
256226,138502.3027,1995-01-16,0
1028897,138446.8185,1995-01-09,0
3035361,138444.7877,1995-01-18,0
4348352,138405.2851,1995-02-05,0
4854535,138379.2948,1995-02-01,0
4911239,138307.7223,1995-02-26,0
1486182,138299.5726,1995-02-09,0
1604418,138289.3794,1995-01-02,0
247909,138264.7962,1995-01-14,0
932165,138263.9201,1994-11-15,0
338501,138206.0275,1995-01-10,0
5190436,138095.4172,1995-01-28,0
1863521,138085.3113,1995-01-26,0
1896551,138065.8168,1995-01-31,0
4283619,137984.5494,1994-12-15,0
4449571,137827.068,1995-01-06,0
3247298,137825.6932,1995-01-01,0
4349955,137785.5334,1995-01-15,0
3370694,137774.928,1995-01-09,0
5404932,137732.501,1995-01-17,0
1002404,137636.4448,1995-02-09,0
5536483,137622.6326,1995-01-28,0
1841570,137620.8096,1995-02-25,0
1727269,137617.64,1995-02-08,0
5438340,137604.2868,1995-01-23,0
3049089,137494.2912,1995-02-24,0
1611590,137490.9415,1994-12-14,0
2810693,137474.3624,1994-11-14,0
3631840,137472.543,1995-01-09,0
2955205,137469.3155,1994-12-22,0
1977954,137462.2552,1995-01-24,0
5109414,137457.6262,1995-02-11,0
3071968,137457.5216,1995-01-26,0
5850886,137453.4261,1994-12-25,0
562112,137440.4397,1995-02-08,0
4313925,137374.8784,1994-12-17,0
787558,137373.5745,1995-01-02,0
1720738,137334.4237,1995-01-05,0
757505,137263.7084,1995-02-11,0
5445766,137202.5992,1994-12-10,0
5945924,137201.5428,1995-03-03,0
5592517,137142.667,1995-01-11,0
880289,137118.129,1994-11-17,0
4863494,137093.8476,1995-02-03,0
3002663,137064.717,1995-01-07,0
2522272,137051.1205,1995-01-26,0
4167012,136996.6428,1995-02-28,0
5074752,136995.7086,1995-02-09,0
2875493,136991.2576,1995-01-06,0
5553857,136972.511,1995-02-18,0
3451489,136972.416,1994-12-09,0
1920645,136912.3168,1995-01-23,0
2710471,136911.47,1994-12-22,0
735425,136850.662,1995-02-12,0
947072,136842.6831,1995-01-16,0
5178663,136829.351,1995-01-19,0
5010369,136781.9102,1995-02-07,0
1904900,136763.136,1994-12-25,0
2397794,136727.2576,1994-12-09,0
2165029,136654.2038,1995-01-19,0
1544260,136635.42,1994-12-28,0
5670086,136572.4146,1994-12-19,0
5738752,136567.132,1995-02-22,0
1567777,136508.7234,1995-02-10,0
1450787,136501.9944,1995-01-05,0
5245095,136450.4867,1995-01-03,0
711140,136449.5576,1995-02-19,0
5628199,136445.9902,1995-02-23,0
1924644,136444.6278,1994-12-29,0
4650208,136441.6322,1995-01-31,0
4071520,136428.4066,1994-12-11,0
5557920,136422.0394,1995-02-10,0
818374,136386.7064,1995-02-09,0
5782210,136290.186,1995-01-22,0
2766752,136269.4617,1995-01-15,0
5450467,136240.9248,1994-12-31,0
1630882,136220.537,1994-12-09,0
660547,136191.121,1994-12-27,0
3619587,136187.6089,1995-01-26,0
3908262,136133.3022,1994-12-28,0
3698532,136110.4147,1995-02-02,0
4692608,136103.5897,1995-01-26,0
3152803,136078.164,1994-12-21,0
4854854,136076.326,1995-01-25,0
5612708,136074.2478,1995-02-14,0
5647622,136065.0366,1995-01-28,0
1636871,136043.4833,1994-12-23,0
5217121,136000.1444,1995-02-26,0
500773,135996.3,1994-12-22,0
4851201,135958.5718,1995-03-01,0
4113282,135911.7795,1995-02-10,0
2543105,135805.4772,1995-02-17,0
5686016,135781.0302,1995-01-29,0
5729798,135749.1,1995-02-23,0
1190147,135711.3154,1995-01-13,0
3220423,135671.508,1995-01-31,0
1338627,135667.3668,1995-01-06,0
1846848,135660.684,1995-01-13,0
1061251,135644.5036,1994-12-18,0
1171779,135605.5764,1995-02-17,0
2295425,135593.3856,1995-01-17,0
5562501,135576.7704,1995-01-10,0
2217408,135526.0522,1994-12-04,0
2121187,135505.9869,1995-02-07,0
315873,135496.4438,1995-02-23,0
4276131,135475.491,1995-02-02,0
4963493,135474.7504,1995-01-16,0
208451,135470.3971,1995-03-01,0
5462880,135456.541,1995-02-04,0
1017478,135456.283,1995-02-23,0
350850,135449.8696,1995-02-17,0
1290528,135432.056,1995-02-14,0
972768,135399.2516,1995-01-13,0
3019623,135391.009,1995-02-23,0
2788583,135384.1204,1995-01-24,0
2464003,135337.5929,1995-01-03,0
2803906,135326.51,1995-01-23,0
2841954,135314.5121,1995-03-02,0
3756576,135306.6962,1995-02-19,0
1187843,135280.9874,1995-02-02,0
599270,135231.7212,1995-01-26,0
1926853,135197.7883,1994-12-24,0
2676869,135148.6254,1995-01-23,0
205413,135096.9744,1995-01-13,0
1962818,135088.696,1995-02-26,0
694690,135056.0581,1995-02-06,0
5207971,134991.8092,1995-01-19,0
4919394,134989.4757,1995-01-09,0
1364197,134954.2726,1994-12-28,0
2486596,134932.102,1995-02-13,0
4667652,134924.4747,1995-01-31,0
2359269,134913.9391,1995-01-10,0
4357058,134872.4486,1994-12-15,0
5131298,134870.232,1995-01-20,0
2191712,134852.5249,1995-01-09,0
5392486,134844.6984,1995-02-04,0
3805857,134839.744,1995-01-13,0
1402209,134741.633,1995-03-03,0
1668295,134735.4546,1995-02-08,0
867718,134699.742,1994-11-23,0
162883,134688.2191,1995-02-17,0
3166982,134661.6416,1995-02-23,0
4405158,134654.1736,1994-12-14,0
458887,134653.2208,1995-01-02,0
4631906,134625.1836,1995-01-28,0
2957380,134617.9028,1995-01-20,0
4912001,134581.7702,1995-02-20,0
173126,134553.1909,1994-12-25,0
528675,134539.6836,1995-01-19,0
5172705,134493.1322,1995-01-14,0
4758597,134487.2337,1994-12-23,0
5413313,134450.1585,1995-02-05,0
33794,134415.3662,1995-02-23,0
1084804,134407.5627,1995-01-15,0
1083269,134388.7875,1995-02-06,0
1978880,134345.4249,1995-01-23,0
3834725,134331.3664,1995-02-14,0
1701223,134301.4248,1995-01-05,0
5657447,134286.2292,1995-01-25,0
992193,134206.8904,1995-01-29,0
3874500,134161.4672,1995-02-15,0
3375203,134149.9884,1994-12-16,0
5441159,134134.4791,1995-02-01,0
4047908,134069.1056,1995-02-08,0
4088676,134011.1342,1995-02-03,0
3545186,133999.7999,1995-01-26,0
5880865,133995.6331,1995-01-28,0
4563621,133994.9226,1994-12-23,0
5532326,133989.2736,1994-11-23,0
2666599,133897.304,1995-02-11,0
3295073,133877.7012,1995-02-24,0
5970082,133819.784,1995-01-23,0
4438980,133809.24,1995-01-26,0
5535523,133798.8064,1994-12-25,0
5228101,133776.3648,1995-01-03,0
5667428,133676.9844,1995-01-11,0
2566180,133670.5104,1995-02-09,0
5079303,133664.0758,1995-01-29,0
4874050,133637.9952,1995-02-15,0
5533989,133484.547,1994-12-16,0
2713698,133477.9458,1995-01-27,0
158214,133410.8868,1994-12-20,0
4730151,133399.926,1995-01-12,0
5634273,133386.2878,1995-02-06,0
5824197,133366.7026,1994-12-23,0
4974914,133358.9985,1995-01-01,0
5823206,133343.7628,1995-02-12,0
4290113,133274.8493,1995-02-09,0
1680131,133224.31,1994-12-19,0
3689504,133223.6514,1995-01-14,0
2159555,133221.0282,1995-01-31,0
4143494,133173.6276,1995-01-29,0
1091844,133166.6245,1995-01-06,0
5508673,133146.1338,1995-01-07,0
1274338,133139.7602,1994-12-27,0
639841,133120.8052,1995-02-10,0
1350662,133120.4709,1995-02-17,0
2558214,133076.556,1995-02-27,0
5244386,133060.9452,1995-01-17,0
4851076,133028.2193,1994-12-19,0
1829504,133003.8142,1995-02-26,0
2887075,132990.8338,1994-12-18,0
5764935,132958.2133,1994-12-03,0
5434341,132875.6648,1995-02-07,0
669094,132860.5949,1995-01-03,0
3085316,132850.3912,1995-02-05,0
3822949,132845.855,1995-02-26,0
2728740,132845.6581,1995-01-22,0
2868709,132815.9985,1994-12-06,0
741798,132790.689,1995-02-26,0
2536322,132760.7074,1995-01-17,0
535012,132715.9148,1995-02-28,0
4538752,132714.2802,1994-12-26,0
4141539,132710.0878,1995-02-07,0
1839873,132690.7092,1995-01-25,0
845574,132682.244,1995-01-15,0
1364672,132645.6813,1995-02-25,0
2364710,132638.6932,1995-02-05,0
5354983,132619.4573,1994-11-23,0
1029957,132595.46,1994-12-19,0
1958598,132553.8944,1994-11-30,0
4618275,132533.8121,1995-02-15,0
406054,132532.9494,1995-01-05,0
4496226,132528.8684,1995-02-28,0
1094881,132492.689,1995-02-10,0
4244483,132473.1222,1995-01-12,0
689027,132454.286,1995-02-01,0
2148387,132451.6315,1995-01-03,0
2770594,132448.2886,1995-01-24,0
3652997,132386.9995,1995-01-26,0
4684833,132345.5294,1995-01-22,0
9697,132319.2072,1995-01-27,0
2524513,132242.4587,1994-12-11,0
3617539,132239.1254,1995-01-16,0
2568900,132233.5235,1995-02-17,0
4418214,132217.547,1994-12-04,0
298404,132214.8734,1995-02-14,0
150689,132199.6929,1995-02-11,0
460163,132184.4849,1994-12-28,0
693891,132181.1831,1995-02-14,0
4947458,132174.1788,1994-12-13,0
362592,132139.584,1994-12-30,0
2196866,131963.8302,1995-02-09,0
2051875,131960.8427,1995-01-24,0
4424899,131957.7634,1995-01-12,0
365025,131932.769,1994-12-26,0
4589857,131917.6296,1994-11-29,0
2308994,131914.0251,1995-01-09,0
2039078,131911.445,1995-02-25,0
1577985,131845.9591,1995-01-19,0
416833,131805.7024,1995-01-26,0
2108737,131765.1246,1995-02-14,0
4877122,131728.2632,1995-03-01,0
3724896,131666.3108,1995-02-14,0
5687296,131624.2291,1995-02-02,0
934273,131603.85,1995-03-02,0
973701,131577.1731,1995-02-21,0
768800,131576.5104,1995-02-22,0
632928,131574.1028,1995-01-17,0
4455651,131560.1274,1995-02-10,0
5514978,131549.1328,1994-11-30,0
2726918,131547.8395,1995-02-05,0
3765412,131505.2326,1995-02-20,0
5238498,131474.5346,1995-01-31,0
4110562,131473.2846,1995-02-11,0
2925125,131462.4258,1995-02-26,0
4089732,131441.02,1995-01-27,0
1128452,131439.4866,1995-02-24,0
1524963,131433.0719,1995-02-02,0
5976295,131432.9118,1995-01-08,0
3799621,131428.3378,1995-02-26,0
1388839,131400.9916,1995-01-30,0
4324385,131396.292,1995-01-17,0
1811424,131386.7457,1995-01-18,0
2175840,131386.3838,1995-01-24,0
1205670,131326.6683,1994-12-31,0
4036740,131291.3096,1995-01-18,0
1966855,131290.1412,1995-01-21,0
1340545,131255.2848,1995-01-03,0
2210177,131130.0205,1994-12-21,0
4310371,131121.7905,1995-02-02,0
3750017,131102.378,1995-02-08,0
2214147,131026.4291,1995-01-21,0
1260546,131015.6834,1995-01-05,0
5679974,130996.1986,1995-02-16,0
4721665,130992.768,1995-02-07,0
1014595,130973.416,1995-01-27,0
1148608,130900.4406,1994-12-25,0
925061,130883.354,1995-02-24,0
1639235,130870.83,1995-01-22,0
986887,130840.785,1994-11-29,0
2701287,130817.066,1995-01-07,0
4516384,130814.3435,1995-01-29,0
779526,130800.3368,1995-02-13,0
3958948,130799.7586,1995-01-16,0
2981446,130771.0214,1995-01-27,0
1271847,130770.0438,1995-01-09,0
2971206,130766.0754,1995-01-14,0
5109313,130755.5364,1995-02-08,0
4062049,130753.558,1995-02-27,0
4387875,130638.7674,1994-12-14,0
4733893,130614.3886,1994-12-03,0
5700321,130585.4168,1994-12-23,0
205668,130521.4424,1994-12-14,0
3718306,130513.16,1994-12-19,0
633827,130506.6772,1995-01-13,0
5940359,130500.08,1995-02-22,0
2417154,130488.3058,1995-02-28,0
3708032,130445.3764,1995-01-01,0
2133157,130434.368,1995-01-20,0
1059719,130400.2788,1995-01-28,0
1477668,130327.2732,1995-02-20,0
1471137,130324.0994,1995-02-19,0
1564998,130323.3782,1995-01-30,0
3258983,130245.432,1995-01-21,0
2369664,130236.2586,1994-12-24,0
2641923,130231.6923,1994-12-22,0
937286,130199.195,1994-12-12,0
5495651,130178.541,1995-01-26,0
2451716,130165.7827,1995-01-18,0
1040070,130117.6756,1995-01-04,0
5662400,130099.0482,1995-02-16,0
2950241,130067.5367,1994-12-26,0
655879,130048.9158,1995-01-22,0
5503365,129998.4544,1995-03-02,0
2684163,129929.9239,1995-01-18,0
2100320,129929.9096,1995-02-15,0
2350818,129924.2056,1995-01-31,0
4704423,129918.3162,1994-12-25,0
4473251,129884.79,1995-02-15,0
3588198,129850.1096,1995-02-16,0
5944354,129828.9657,1995-01-20,0
1385829,129776.018,1995-02-11,0
5062819,129755.9988,1995-02-19,0
121953,129726.5584,1995-02-08,0
2111268,129726.1374,1995-02-15,0
2565252,129725.8948,1995-01-06,0
5866822,129704.0046,1995-02-24,0
2664352,129680.7112,1995-01-16,0
4388167,129672.4312,1994-12-19,0
5060993,129670.9993,1995-02-13,0
4509505,129668.7521,1994-12-24,0
525635,129657.6384,1995-01-16,0
351682,129603.0637,1995-01-13,0
4699751,129581.6893,1995-01-20,0
3438052,129515.8955,1995-02-25,0
3337255,129447.6792,1995-01-12,0
847013,129410.634,1995-01-15,0
50949,129400.5118,1995-02-05,0
4124929,129399.8826,1995-02-20,0
4166528,129392.4219,1994-11-12,0
1445959,129368.9093,1995-01-25,0
1765026,129359.4666,1994-12-28,0
895524,129341.1765,1995-02-03,0
1127174,129299.3352,1995-01-05,0
3340423,129288.5508,1995-01-26,0
2916736,129257.865,1995-01-08,0
3484160,129245.5112,1995-01-16,0
3282272,129242.811,1995-01-08,0
2656391,129183.697,1995-02-04,0
3319808,129163.6784,1995-01-16,0
4554915,129155.473,1995-02-12,0
1959427,129136.596,1994-12-31,0
5998116,129068.8752,1995-02-02,0
21606,128961.8567,1995-01-23,0
3413120,128957.9763,1995-02-28,0
5692674,128947.9369,1994-11-08,0
3928803,128938.9003,1995-02-04,0
1156932,128931.6483,1995-02-14,0
395713,128928.627,1995-01-25,0
1447205,128921.64,1995-02-25,0
4736224,128869.2851,1995-03-03,0
644645,128867.695,1995-02-14,0
1571395,128844.802,1995-01-18,0
3248801,128836.9421,1994-12-19,0
1919265,128801.1746,1994-12-21,0
4071399,128783.863,1995-02-22,0
304771,128743.3697,1995-02-01,0
5877348,128741.6136,1994-12-16,0
397830,128731.1896,1995-01-30,0
4857826,128730.677,1994-12-17,0
1719589,128720.298,1995-01-17,0
2954466,128714.0676,1995-02-23,0
3586245,128705.5434,1994-12-01,0
406368,128686.2098,1995-01-12,0
3074279,128679.6216,1995-01-14,0
3611267,128674.2776,1994-11-30,0
2447139,128666.8757,1995-01-05,0
4611841,128647.2122,1995-02-17,0
4316227,128575.5212,1995-02-15,0
3799108,128556.947,1995-01-08,0
3853024,128504.4008,1994-12-11,0
3029475,128465.3075,1995-02-16,0
666981,128442.5842,1995-02-19,0
4675366,128440.3774,1995-02-28,0
1739780,128422.849,1994-12-03,0
3525569,128392.9139,1995-02-10,0
5342146,128389.6525,1995-02-24,0
1185664,128374.491,1995-02-03,0
5740833,128358.2348,1995-02-09,0
566560,128312.233,1995-02-06,0
5024231,128263.458,1995-01-25,0
5260710,128242.2109,1995-01-18,0
2532803,128232.7909,1995-03-01,0
520359,128189.8781,1995-01-24,0
3721253,128183.6941,1995-01-28,0
184864,128166.0692,1995-02-16,0
3507107,128147.5779,1994-12-25,0
490215,128118.9758,1995-03-01,0
5299717,128061.8538,1995-01-29,0
4153637,128031.388,1995-01-27,0
4494020,128024.0091,1995-02-19,0
1990016,128004.6831,1995-02-17,0
2207623,127976.2367,1995-02-13,0
451137,127815.3756,1994-12-01,0
4176580,127789.5113,1995-01-06,0
5375073,127784.5506,1995-01-22,0
2448198,127769.252,1995-01-21,0
5893505,127755.2471,1994-12-11,0
3879269,127691.2504,1995-01-17,0
2343008,127691.0136,1995-02-25,0
5592551,127653.9138,1994-12-05,0
919236,127651.8445,1994-12-11,0
479143,127630.254,1995-01-22,0
2144834,127622.705,1995-02-26,0
1018502,127594.642,1994-12-13,0
2923425,127591.5576,1995-02-19,0
5632065,127591.4982,1995-01-18,0
167330,127570.888,1995-02-14,0
4067745,127494.4807,1994-12-27,0
5476544,127493.1764,1995-03-02,0
3073827,127467.8666,1994-12-15,0
123686,127418.7145,1994-11-25,0
5055652,127395.915,1994-12-23,0
1732135,127383.4009,1995-02-12,0
5045218,127364.799,1995-01-28,0
2045188,127301.2476,1995-02-24,0
3165188,127238.3432,1995-03-03,0
481734,127232.3454,1995-02-09,0
5954177,127204.1602,1995-01-30,0
1988707,127191.4283,1995-01-15,0
4065443,127170.5268,1995-02-10,0
3435047,127126.311,1994-12-21,0
3868101,127083.0672,1995-01-09,0
1655489,127082.5482,1995-02-25,0
1368256,127079.8476,1994-12-25,0
1046786,127072.6976,1995-02-16,0
2600866,127069.844,1995-01-14,0
669638,127063.6216,1995-02-25,0
3980709,127024.2012,1995-01-05,0
1982754,127021.3018,1995-02-01,0
1442917,126978.5716,1995-01-31,0
4085638,126902.973,1994-12-05,0
5528898,126865.2176,1995-01-18,0
2775303,126864.6015,1995-01-12,0
197831,126855.3114,1995-02-08,0
1499271,126798.8709,1995-01-26,0
166339,126732.5578,1995-01-25,0
5001703,126678.6627,1995-01-21,0
3024197,126638.9678,1995-01-12,0
3379332,126595.9188,1994-11-27,0
5598919,126582.2234,1995-01-15,0
3513602,126541.2122,1995-02-05,0
3741222,126501.773,1995-02-27,0
1504481,126485.4696,1995-03-01,0
3607143,126372.2886,1994-12-01,0
5326529,126353.8751,1994-12-02,0
649024,126347.9084,1995-02-14,0
5394113,126321.882,1994-12-16,0
3050049,126318.8646,1995-01-18,0
935460,126306.4639,1995-01-24,0
3378944,126273.12,1994-11-24,0
1720903,126256.4604,1995-02-13,0
100321,126242.5078,1995-01-31,0
4881447,126216.1214,1994-12-31,0
240039,126188.4458,1994-12-29,0
1115202,126164.5305,1995-01-29,0
4111684,126118.1287,1994-12-13,0
3306726,126096.5307,1995-01-31,0
1410183,126009.908,1994-12-19,0
3601792,125934.3708,1995-01-29,0
4705189,125928.0146,1995-02-24,0
5502241,125909.954,1995-01-11,0
756550,125869.743,1994-12-17,0
171297,125859.7596,1995-02-11,0
4104096,125794.0422,1995-02-05,0
899073,125771.836,1995-01-27,0
2925603,125758.897,1994-12-25,0
5326592,125699.5059,1994-12-31,0
4378341,125671.1859,1995-02-22,0
5526080,125647.8072,1995-01-04,0
3710240,125641.5999,1995-02-05,0
1790724,125625.9024,1994-12-09,0
1030151,125613.4148,1995-02-18,0
4033924,125606.847,1995-01-20,0
5448517,125598.6073,1995-02-18,0
614247,125594.524,1995-02-04,0
4923109,125589.4584,1995-03-01,0
5466914,125533.8329,1994-12-28,0
1667236,125513.7108,1995-01-28,0
4803554,125502.9194,1995-02-24,0
2171973,125496.8035,1994-11-23,0
1228706,125474.848,1995-02-03,0
5139654,125468.9,1994-12-03,0
4929351,125447.0838,1994-12-14,0
4307874,125431.7763,1995-01-01,0
2926055,125410.252,1995-01-24,0
5759463,125348.6985,1995-01-05,0
358567,125328.9105,1995-02-13,0
3277382,125328.0825,1994-12-20,0
35621,125322.0696,1994-12-23,0
3423879,125302.1616,1995-02-07,0
5317121,125177.4468,1995-01-22,0
842176,125128.2646,1995-02-10,0
5580964,125127.8576,1994-12-30,0
1903458,125123.247,1995-02-28,0
5676579,125116.094,1994-12-19,0
1147493,125094.6668,1995-02-10,0
1013508,125090.7148,1994-12-09,0
5001796,125075.5942,1995-01-09,0
5851173,125069.5,1995-02-19,0
3226689,125064.9057,1995-01-28,0
909317,125054.8726,1995-02-12,0
230052,125036.6872,1995-01-02,0
3715137,125022.6511,1995-03-03,0
3674756,125017.8436,1995-01-22,0
5189028,124992.772,1995-02-11,0
3318116,124986.266,1995-01-26,0
4843168,124961.9358,1994-12-27,0
1031619,124955.9457,1995-01-25,0
2471269,124930.7839,1994-12-23,0
3710884,124907.943,1995-02-23,0
4808580,124856.7445,1995-01-17,0
1548934,124847.667,1995-02-25,0
4281799,124819.9267,1995-02-20,0
4084611,124799.25,1995-02-26,0
5468614,124792.8337,1994-12-30,0
5705221,124694.1144,1995-01-27,0
4933251,124676.54,1995-02-13,0
3108068,124647.5274,1995-01-24,0
594787,124647.5032,1995-02-01,0
3841830,124612.9914,1995-01-20,0
1698054,124600.6586,1995-01-03,0
3611268,124547.4093,1995-01-31,0
1191526,124547.2755,1995-01-29,0
2417542,124528.0114,1995-01-19,0
3815011,124518.2484,1995-01-15,0
5790054,124517.0228,1995-01-11,0
2545537,124455.9892,1995-01-08,0
4900420,124399.1099,1995-02-28,0
1079077,124386.569,1995-01-19,0
5346401,124372.8672,1995-02-27,0
2899940,124369.6912,1995-02-09,0
1994087,124349.688,1995-01-27,0
2199140,124343.8348,1994-12-19,0
5443553,124135.0005,1995-01-26,0
1482725,124067.576,1995-02-28,0
2123780,124060.0347,1995-02-27,0
1698596,124052.7135,1995-02-07,0
5871331,124051.6845,1995-01-31,0
3758208,124046.29,1995-02-17,0
2581379,124033.5642,1995-01-21,0
1701283,123979.873,1995-01-20,0
5148899,123942.6136,1995-02-21,0
2445253,123930.6046,1994-12-16,0
3596609,123919.0641,1995-01-17,0
379137,123894.1452,1994-12-11,0
1416801,123872.7991,1995-02-23,0
4602400,123840.4191,1995-01-06,0
5604932,123766.3136,1995-01-11,0
999206,123754.1304,1995-02-02,0
2356546,123728.079,1995-02-16,0
4730085,123724.4078,1995-01-27,0
5869830,123712.1851,1995-01-23,0
4302981,123705.872,1995-02-22,0
2977440,123644.0351,1995-02-21,0
3539686,123636.4962,1995-02-06,0
109157,123570.6472,1995-02-11,0
242820,123570.5041,1994-12-31,0
2588032,123554.5587,1995-01-21,0
1446882,123544.3716,1994-12-16,0
3636451,123524.832,1994-12-31,0
4889478,123486.7695,1995-02-28,0
2427558,123484.4433,1994-12-12,0
2524420,123461.465,1995-01-17,0
2447874,123440.2065,1995-01-14,0
3857030,123435.407,1995-01-17,0
4238887,123430.023,1994-12-25,0
3992550,123417.208,1995-01-06,0
541159,123415.7298,1995-01-14,0
3698277,123397.3082,1995-02-08,0
5855232,123369.9228,1995-01-15,0
2175522,123347.955,1994-12-15,0
2107556,123326.3148,1994-11-28,0
3922690,123318.5406,1995-01-07,0
223044,123314.9695,1995-01-25,0
100934,123313.1764,1995-01-10,0
3965665,123311.6349,1995-02-16,0
4961861,123262.8246,1994-12-03,0
318692,123219.7866,1995-02-01,0
416198,123190.4796,1995-02-18,0
4762530,123187.7314,1995-01-21,0
738054,123186.1983,1995-02-26,0
1251968,123171.928,1994-12-28,0
4829316,123136.1842,1995-02-12,0
1038880,123079.431,1995-02-22,0
1810596,123071.8733,1994-12-29,0
4134979,122993.8499,1995-02-03,0
5654560,122947.2646,1994-12-13,0
1139910,122928.1687,1995-02-14,0
1689188,122916.3472,1995-01-14,0
3321988,122910.725,1995-03-02,0
4164805,122881.2226,1995-01-13,0
3823398,122864.5458,1994-12-18,0
4581153,122844.7248,1995-01-15,0
840871,122800.1478,1995-01-17,0
5721504,122793.5544,1994-12-04,0
385926,122787.075,1995-01-21,0
5961573,122734.0749,1994-12-16,0
3629510,122726.1989,1995-02-22,0
3926439,122669.0576,1995-01-14,0
2943296,122662.2078,1995-02-02,0
5582115,122615.5821,1995-01-04,0
711588,122610.6028,1994-12-20,0
2800865,122592.8794,1995-01-27,0
2498662,122588.865,1995-02-11,0
3254885,122565.3343,1995-01-31,0
5488258,122539.1194,1995-01-27,0
4835392,122529.456,1995-01-01,0
1671042,122528.0394,1995-02-04,0
2309507,122516.8562,1995-01-03,0
5862883,122507.1808,1995-02-03,0
3998532,122504.8594,1995-02-16,0
370023,122461.6224,1995-02-16,0
4898019,122426.5635,1995-02-28,0
3075655,122425.4936,1995-02-01,0
4617539,122414.5499,1995-03-01,0
4687072,122413.8668,1994-12-15,0
5339493,122409.625,1995-01-17,0
1062919,122345.3302,1995-02-19,0
183558,122336.198,1995-02-24,0
4515392,122287.13,1995-03-02,0
2456481,122269.7141,1995-03-02,0
819296,122268.5198,1995-01-06,0
5095175,122243.012,1994-11-28,0
4986945,122232.2861,1995-03-03,0
1879269,122209.0314,1995-02-03,0
420007,122177.562,1995-01-25,0
1640934,122177.054,1994-12-02,0
2245638,122175.8852,1995-01-06,0
2502720,122114.5487,1994-12-31,0
697475,122058.4249,1994-12-26,0
1732387,122045.3166,1995-01-29,0
4903394,122028.5683,1995-02-10,0
191237,121947.5614,1995-01-13,0
2568295,121873.9052,1995-01-24,0
4592231,121846.1188,1995-01-01,0
2320294,121844.8863,1995-03-01,0
3546405,121839.6002,1995-01-13,0
5502470,121808.5016,1995-01-19,0
1520583,121792.2193,1995-01-29,0
4529955,121788.3789,1995-01-18,0
3904869,121755.255,1995-02-26,0
4173925,121754.8916,1995-01-18,0
4485414,121744.6169,1995-01-31,0
5735267,121709.6004,1995-01-26,0
2999431,121678.1954,1995-02-05,0
4916096,121675.991,1995-02-17,0
648294,121662.218,1995-02-21,0
1875328,121617.9168,1995-01-19,0
4056036,121610.3196,1995-02-09,0
1281057,121572.849,1995-02-23,0
5240583,121559.298,1995-01-16,0
3690695,121550.5334,1995-02-15,0
1738115,121547.5487,1994-12-05,0
1828037,121535.0652,1995-01-24,0
4843269,121531.9758,1995-02-02,0
5372738,121464.2288,1995-03-02,0
3634087,121440.6058,1995-01-25,0
5494304,121409.7516,1994-12-27,0
343398,121376.9412,1995-02-01,0
3246496,121368.5213,1995-03-02,0
2741728,121351.0465,1995-02-16,0
1780132,121350.861,1995-01-29,0
3942374,121332.9964,1994-12-16,0
3044773,121322.2598,1995-02-16,0
607810,121285.1449,1994-12-25,0
2415200,121263.981,1995-02-21,0
1060390,121234.738,1995-03-03,0
1230310,121213.2256,1995-02-26,0
2553157,121161.7476,1994-11-26,0
1860547,121146.0971,1994-12-01,0
4573124,121143.8885,1994-12-23,0
108581,121105.6525,1995-01-26,0
24484,121071.2022,1995-01-12,0
3103367,121006.093,1994-12-22,0
1804448,120969.485,1995-01-07,0
124069,120939.934,1995-01-03,0
3565314,120934.7871,1995-01-29,0
4009763,120924.744,1994-12-05,0
4381220,120909.7988,1995-01-11,0
2012419,120869.6421,1995-01-23,0
3004967,120736.8761,1995-01-13,0
18370,120702.3938,1995-01-14,0
3347108,120620.0264,1995-03-01,0
4319648,120616.3528,1995-02-12,0
2491328,120561.7086,1995-01-12,0
644738,120508.6248,1994-11-20,0
2360448,120507.0402,1995-02-18,0
2440227,120501.1587,1995-02-17,0
5632612,120480.7622,1995-01-19,0
1820577,120480.0951,1995-01-24,0
969670,120424.3306,1995-02-27,0
5406630,120402.5177,1994-11-27,0
1299969,120396.6255,1995-01-17,0
5896416,120360.9279,1995-03-03,0
1536644,120335.553,1995-02-16,0
3858981,120325.0546,1995-01-06,0
45349,120318.7392,1995-02-12,0
81060,120302.2398,1994-11-26,0
4865732,120277.776,1994-12-18,0
5226818,120243.3728,1995-02-18,0
5345123,120228.5236,1995-02-06,0
257734,120199.5676,1994-11-12,0
1290434,120173.6901,1994-12-09,0
3385891,120172.4145,1995-02-10,0
1724931,120143.6924,1995-01-01,0
2275779,120121.6368,1995-02-17,0
4971299,120115.0168,1995-01-17,0
3955239,120114.3322,1995-02-26,0
3601542,120105.633,1995-02-05,0
2954720,120080.7888,1995-02-22,0
4410052,120073.12,1995-02-16,0
4318530,120033.7684,1995-02-10,0
2068034,120021.2437,1994-12-14,0
1684615,119984.9275,1995-01-11,0
344484,119975.2672,1995-02-03,0
620161,119963.2185,1995-01-06,0
2740994,119945.1237,1995-02-05,0
3827104,119914.051,1995-01-24,0
2751524,119906.2202,1994-12-25,0
4894407,119894.832,1994-12-19,0
1091904,119864.0344,1995-01-07,0
4574722,119859.3332,1995-02-22,0
4288484,119852.2128,1994-12-16,0
3614371,119822.8072,1994-12-25,0
3109063,119793.2589,1995-02-08,0
1762021,119776.4892,1995-02-10,0
2735264,119736.1148,1995-01-28,0
5097927,119693.0076,1995-01-01,0
5446083,119686.8192,1994-12-13,0
4373986,119667.9453,1995-02-13,0
5256167,119662.4946,1995-02-01,0
5201568,119610.8688,1995-01-11,0
3957927,119600.7702,1995-02-08,0
2161158,119594.0605,1995-02-01,0
1378661,119585.496,1995-01-05,0
558503,119529.995,1994-12-03,0
653764,119452.3084,1995-01-24,0
5707875,119451.7004,1994-12-14,0
4787780,119414.3619,1995-01-02,0
1731844,119410.1328,1995-02-02,0
1514695,119409.997,1994-12-10,0
3951335,119401.4932,1994-12-22,0
567104,119391.278,1995-02-10,0
262853,119385.877,1995-01-13,0
538469,119355.7312,1994-11-25,0
1683524,119332.5678,1995-01-22,0
1113574,119322.9564,1995-01-28,0
1823618,119281.9365,1995-02-26,0
9890,119277.3283,1995-02-22,0
1454245,119220.7797,1995-02-15,0
4668481,119162.0833,1995-02-05,0
485158,119154.4132,1995-03-01,0
5583971,119105.9672,1994-12-10,0
1644132,119079.3196,1995-02-18,0
2690214,119044.8505,1995-02-25,0
5567238,119043.6429,1995-01-15,0
4762598,119029.6828,1994-12-01,0
2724193,118991.949,1995-02-27,0
3441216,118964.3938,1994-12-31,0
3332801,118956.4758,1994-12-23,0
1006657,118940.6966,1995-02-12,0
1553088,118906.4804,1995-01-12,0
4106727,118889.9391,1995-01-01,0
2801345,118848.3572,1995-01-19,0
4031333,118791.1086,1995-03-02,0
1294274,118765.7858,1995-01-18,0
4933732,118732.5414,1994-12-05,0
1154275,118725.4977,1995-02-14,0
5839142,118722.9135,1995-02-12,0
97863,118675.209,1995-02-18,0
3033858,118650.898,1995-02-16,0
1106945,118640.5764,1994-12-22,0
809827,118608.296,1995-02-23,0
2972098,118605.5277,1995-01-25,0
5675747,118600.4228,1994-12-20,0
3409570,118598.9895,1995-01-26,0
5519140,118560.412,1995-02-10,0
4191968,118540.1062,1994-12-03,0
5774085,118537.484,1994-12-01,0
3123138,118532.1958,1995-01-30,0
1105060,118518.3985,1994-12-30,0
1017671,118499.5712,1994-12-15,0
5827013,118499.525,1995-02-13,0
1406087,118462.4363,1995-02-13,0
3067523,118419.933,1994-11-24,0
3816547,118412.4008,1994-12-19,0
4991814,118409.0882,1994-12-01,0
1043173,118354.7453,1995-01-15,0
5963236,118347.6684,1994-12-07,0
1706405,118291.7172,1995-02-18,0
2253383,118290.5095,1995-02-21,0
3790373,118280.5925,1995-03-02,0
2694274,118233.3961,1995-01-16,0
474309,118214.6335,1995-02-28,0
5742085,118204.6761,1994-11-20,0
489703,118125.654,1995-01-08,0
1062784,118124.5468,1995-03-02,0
5668832,118115.756,1995-01-04,0
3126432,118074.6406,1995-01-16,0
1431652,118037.4768,1995-01-17,0
5138721,118022.3002,1994-12-14,0
4863589,118009.9429,1995-01-17,0
4847206,118004.8424,1994-12-09,0
5815648,118002.1434,1995-01-03,0
2531456,117997.7586,1995-02-14,0
5206694,117991.142,1995-02-18,0
2457443,117899.8479,1995-03-03,0
3929095,117896.5445,1994-12-11,0
4830978,117892.229,1995-02-28,0
2675489,117863.8002,1994-12-17,0
4303814,117854.7412,1995-02-09,0
2044198,117850.72,1994-12-27,0
3356288,117850.4564,1995-01-09,0
233985,117842.5836,1995-01-30,0
1512388,117827.463,1994-12-03,0
1232386,117811.981,1995-02-24,0
2097734,117778.3986,1995-02-26,0
2756263,117777.9458,1994-11-30,0
5278567,117764.9996,1995-02-21,0
1461766,117730.2909,1995-01-27,0
5210944,117718.9722,1995-01-04,0
3734661,117699.6748,1995-01-19,0
3187175,117644.7224,1995-02-02,0
144675,117635.976,1995-01-23,0
3919943,117625.0726,1995-02-24,0
3762278,117591.5044,1995-02-08,0
450337,117564.2608,1994-12-21,0
2542242,117555.185,1994-12-26,0
4152417,117552.9804,1995-01-13,0
2327588,117541.9848,1994-12-07,0
32484,117534.4797,1995-02-05,0
5482339,117530.1518,1995-02-25,0
2448577,117481.8251,1995-02-24,0
1615300,117478.845,1994-12-26,0
4604289,117417.3796,1995-02-05,0
457543,117365.727,1995-02-04,0
4892743,117359.722,1995-02-04,0
165254,117358.6988,1995-01-09,0
4154914,117312.3666,1995-02-28,0
1450053,117301.41,1995-02-08,0
5771330,117278.2938,1995-01-14,0
5304966,117251.8585,1995-01-07,0
1357666,117230.8232,1995-01-05,0
597445,117229.6764,1995-01-08,0
4449223,117192.8754,1995-02-13,0
5586982,117184.0896,1994-11-29,0
2885344,117106.2895,1994-12-31,0
885953,117099.1852,1995-01-15,0
261028,117096.5636,1994-12-09,0
2940707,117070.6469,1994-12-12,0
1668481,117066.3019,1995-01-27,0
4071749,117052.376,1995-01-21,0
4925505,117035.7676,1995-01-17,0
3764518,117029.9756,1995-01-10,0
5294694,117021.3012,1995-02-19,0
2962372,117019.4517,1994-12-04,0
3549767,117007.8015,1994-12-12,0
3106144,117001.9229,1994-11-22,0
1967040,116996.8358,1994-11-29,0
1403908,116981.9668,1995-02-26,0
3659846,116976.224,1995-01-08,0
2517479,116966.703,1995-01-25,0
215207,116961.3706,1995-01-27,0
5321317,116961.134,1995-02-24,0
2969505,116936.5384,1995-02-06,0
2966723,116927.8172,1995-01-22,0
3340517,116927.6529,1995-02-13,0
3226372,116915.912,1995-01-16,0
4152515,116868.2448,1995-02-15,0
2710439,116819.935,1995-01-21,0
4120035,116796.4476,1995-03-03,0
4473216,116796.2232,1994-12-19,0
4302246,116790.2628,1994-12-13,0
5795330,116771.559,1995-01-10,0
2224548,116771.2292,1995-02-17,0
4811202,116752.5588,1995-02-02,0
3039969,116746.7866,1995-01-29,0
4674752,116717.2574,1995-02-28,0
1267910,116655.1134,1995-02-04,0
2937280,116639.1034,1995-02-27,0
1187298,116614.9784,1995-01-13,0
3676449,116606.4003,1995-01-28,0
916839,116582.2608,1994-12-28,0
3966948,116553.7254,1995-01-12,0
3426245,116541.0784,1995-02-02,0
354311,116535.4045,1994-12-02,0
4934726,116533.4562,1995-01-14,0
4188294,116517.774,1995-02-05,0
2625252,116460.6065,1995-02-13,0
4198691,116449.4058,1994-12-04,0
2940486,116408.4228,1995-02-21,0
5858148,116395.9413,1994-12-22,0
4341799,116378.7816,1995-02-20,0
5853251,116319.0701,1995-01-29,0
4486119,116291.8296,1995-02-04,0
5946724,116288.354,1994-12-02,0
1036132,116272.0982,1994-12-08,0
1087744,116254.7377,1995-01-08,0
840774,116217.8856,1995-02-20,0
1011524,116188.3088,1995-01-13,0
3226151,116169.6874,1995-02-11,0
3976102,116162.343,1994-12-11,0
5467142,116158.4544,1995-02-19,0
3553796,116154.3696,1995-01-06,0
3965831,116121.0083,1995-02-24,0
2799552,116103.3,1995-01-16,0
1894213,116085.8304,1994-11-22,0
5975493,116073.4572,1995-02-02,0
1771782,116040.0921,1995-01-30,0
5291296,116020.2449,1995-01-14,0
2065958,115951.7632,1995-01-11,0
1779687,115951.3876,1995-01-23,0
3361250,115922.2472,1995-02-21,0
959332,115909.6265,1995-01-20,0
2307456,115907.4273,1994-12-09,0
5817570,115851.3953,1995-01-26,0
510784,115839.8512,1995-02-16,0
4831362,115819.6339,1995-01-08,0
4779300,115788.6228,1995-02-06,0
5603078,115769.796,1995-01-09,0
4143878,115735.1192,1994-11-27,0
3312162,115725.6072,1995-02-21,0
1764800,115699.6968,1995-01-11,0
3992320,115668.895,1995-02-25,0
5573764,115638.8045,1994-12-15,0
1462945,115597.2078,1995-02-28,0
2040994,115587.279,1995-01-08,0
5698855,115584.1035,1995-02-27,0
930,115577.5746,1994-12-17,0
4667271,115565.3527,1995-03-01,0
3498084,115564.5558,1995-02-14,0
815104,115563.159,1995-02-16,0
2677895,115542.024,1995-02-20,0
3849764,115528.0172,1994-12-23,0
453984,115527.0777,1995-01-13,0
4673474,115524.7181,1995-02-25,0
2117255,115520.8025,1995-01-22,0
3033831,115478.06,1995-01-11,0
5228001,115447.8512,1995-01-16,0
3009122,115422.8946,1995-02-24,0
3302503,115414.533,1995-01-12,0
2062244,115399.4344,1995-01-09,0
4522624,115376.1348,1995-01-15,0
5820130,115243.0518,1995-01-17,0
2653766,115228.3485,1995-02-16,0
2862151,115221.827,1995-02-15,0
3044320,115220.8578,1995-01-17,0
316327,115209.5984,1995-02-08,0
3504800,115204.3608,1994-12-14,0
1852770,115200.7044,1995-01-10,0
1894822,115183.7152,1994-12-29,0
853729,115157.1808,1994-12-21,0
2600005,115155.0455,1995-03-03,0
3098883,115132.2552,1995-02-20,0
421090,115110.4067,1995-01-19,0
5273638,115084.7764,1995-01-08,0
3217472,115083.489,1995-02-27,0
5680353,115081.449,1995-02-07,0
839589,115013.9953,1995-01-23,0
3484193,115000.1025,1995-02-22,0
2817314,114981.33,1995-01-06,0
3523907,114935.9001,1994-12-08,0
562662,114934.5189,1994-12-17,0
3816576,114923.1336,1995-01-29,0
1613925,114913.6934,1994-11-14,0
190214,114879.9922,1995-02-07,0
5747072,114848.7168,1994-12-12,0
2414563,114816.6381,1995-01-07,0
1219971,114793.0011,1995-01-14,0
2340261,114736.4033,1995-02-28,0
1599236,114735.7199,1994-12-09,0
3235844,114713.802,1994-12-11,0
244709,114712.0148,1994-12-10,0
2172615,114696.1531,1994-12-15,0
424994,114679.0007,1995-02-01,0
122372,114661.4992,1995-01-09,0
4369154,114624.3202,1995-01-16,0
655813,114620.8358,1995-01-25,0
5339584,114592.6652,1995-02-18,0
993860,114589.357,1995-01-21,0
2089026,114544.078,1995-01-08,0
2910787,114529.3097,1995-01-22,0
4859367,114512.7975,1995-01-18,0
3661664,114503.5224,1995-01-07,0
3527559,114498.7716,1995-03-01,0
1205380,114494.8924,1995-02-16,0
2525570,114456.633,1995-02-12,0
2069989,114453.9404,1995-01-19,0
5345248,114440.0927,1995-03-03,0
656386,114407.028,1995-01-24,0
5193312,114404.22,1995-02-13,0
4914851,114398.8034,1995-01-17,0
4299618,114381.3668,1995-02-02,0
1690852,114344.4333,1995-01-21,0
2186820,114330.7984,1995-02-16,0
949702,114328.8666,1995-02-01,0
5264263,114314.4792,1994-12-29,0
4198083,114302.6892,1995-01-14,0
1256353,114241.082,1995-02-14,0
3106433,114220.0915,1995-02-16,0
1697093,114178.6324,1995-03-03,0
5071936,114173.5015,1994-12-28,0
3920420,114173.4747,1995-01-27,0
5517764,114158.2329,1995-02-03,0
4546881,114156.5884,1995-02-13,0
5172739,114146.1842,1994-11-27,0
2047296,114131.7062,1995-02-22,0
2127042,114124.6842,1994-12-11,0
1076577,114105.4469,1994-12-28,0
3537988,114105.2988,1995-02-23,0
4333985,114084.2401,1995-01-26,0
5354919,114008.0513,1995-01-25,0
3256544,114003.9799,1994-11-25,0
2022917,113981.9454,1995-01-14,0
4806822,113967.7,1994-12-31,0
3622311,113962.738,1995-02-05,0
2948129,113962.0343,1995-02-03,0
439076,113923.2591,1995-02-11,0
2713953,113888.144,1995-01-23,0
4243618,113873.8782,1995-01-21,0
3829093,113862.0835,1995-02-07,0
350530,113857.5443,1995-02-24,0
3557991,113856.1865,1995-02-05,0
5397763,113841.448,1994-12-25,0
2008388,113834.4771,1994-12-10,0
2572069,113832.3145,1995-02-15,0
31847,113818.9392,1994-12-19,0
3345219,113804.1274,1995-01-24,0
392165,113784.2155,1995-02-13,0
4206246,113771.2124,1994-11-25,0
2845543,113760.2881,1994-12-20,0
4871105,113702.5277,1995-02-04,0
2888224,113666.39,1995-01-31,0
1917890,113623.4458,1995-01-03,0
1726086,113610.4768,1994-11-27,0
5159750,113602.6896,1995-01-21,0
3076807,113574.34,1995-02-06,0
2590949,113568.836,1994-12-29,0
186758,113566.5778,1994-12-27,0
4826756,113487.6122,1995-02-16,0
1879042,113484.608,1995-01-17,0
1484004,113430.4518,1995-01-19,0
2180963,113394.3576,1995-01-30,0
1716545,113394.2185,1995-02-23,0
1520162,113385.1833,1994-12-28,0
4585158,113368.9618,1995-02-07,0
2070016,113356.5372,1995-02-17,0
4131782,113318.4495,1995-01-10,0
2852612,113292.75,1995-01-28,0
2135844,113290.3314,1995-01-25,0
2979521,113290.235,1995-01-15,0
221380,113217.8888,1994-12-23,0
1832161,113187.9366,1994-12-14,0
4315491,113181.0579,1994-12-25,0
714849,113164.87,1994-12-31,0
327842,113149.5932,1995-01-31,0
4095015,113128.5012,1995-01-11,0
4730180,113087.208,1995-02-09,0
707397,112991.1749,1995-01-28,0
2617799,112972.075,1994-11-27,0
8802,112949.7986,1995-02-01,0
4148384,112947.2646,1995-02-25,0
3149281,112932.7027,1995-01-18,0
4159589,112914.9843,1994-12-10,0
1151621,112911.7033,1994-12-13,0
2679335,112907.8812,1994-12-22,0
4981186,112892.7556,1995-02-10,0
2759041,112827.368,1995-02-10,0
729701,112805.6985,1995-01-05,0
1692129,112779.4385,1994-12-09,0
1618597,112756.8556,1995-02-02,0
196228,112728.6342,1995-01-24,0
3872614,112722.396,1994-12-11,0
2419425,112721.162,1995-01-16,0
827684,112712.5342,1995-01-10,0
4955329,112687.836,1995-02-03,0
3807460,112683.8199,1995-02-03,0
4855554,112683.189,1995-01-18,0
508641,112654.1172,1995-01-15,0
5031907,112635.631,1995-01-01,0
2415297,112587.5248,1995-02-13,0
681190,112560.912,1995-02-17,0
4180229,112536.137,1995-02-28,0
1223523,112530.7826,1995-02-03,0
1228071,112530.567,1995-02-21,0
2889632,112519.5103,1994-12-06,0
3634278,112491.6936,1995-03-01,0
240931,112489.1249,1995-01-28,0
4955397,112462.281,1995-01-15,0
1190240,112454.8382,1995-01-01,0
5470183,112415.8355,1995-01-29,0
3541031,112405.206,1994-12-18,0
947457,112375.872,1995-02-15,0
15719,112366.7866,1995-01-19,0
4089669,112328.936,1995-01-12,0
1570209,112310.08,1995-01-23,0
697510,112260.7511,1995-01-17,0
4504769,112259.0801,1995-01-25,0
1886435,112243.1482,1995-01-03,0
5398401,112204.0394,1994-12-27,0
3907040,112181.3479,1995-01-14,0
1591681,112178.8296,1994-12-09,0
5304389,112165.3296,1995-02-16,0
4850082,112120.9884,1995-03-03,0
3709922,112087.699,1994-12-20,0
4993537,112087.573,1995-02-09,0
5505092,112085.6517,1994-12-02,0
3381063,112073.4276,1995-01-15,0
3391814,112002.5739,1995-02-12,0
2370147,111988.632,1995-01-14,0
4169606,111987.8128,1995-03-02,0
867910,111974.0458,1995-01-18,0
4262851,111969.3282,1995-01-17,0
4395108,111962.1178,1995-02-04,0
4114886,111960.9885,1995-01-23,0
1265220,111958.9904,1995-01-11,0
4981568,111938.8902,1995-01-05,0
1825283,111930.156,1995-01-11,0
2905122,111921.8275,1995-02-14,0
5251488,111909.5306,1995-02-24,0
5370112,111908.8671,1995-03-01,0
157479,111856.874,1995-02-07,0
2390564,111856.7146,1995-02-07,0
5741477,111828.5859,1995-02-15,0
4182372,111805.216,1995-01-24,0
5077894,111798.578,1995-02-06,0
1219329,111738.2103,1995-01-20,0
5562470,111738.0362,1995-03-03,0
802405,111700.4658,1994-12-22,0
5429856,111692.2212,1995-02-13,0
4992704,111680.2464,1994-12-02,0
5081987,111667.596,1994-12-03,0
1674211,111650.8856,1995-02-24,0
5094466,111617.205,1995-02-26,0
2588833,111612.1092,1995-01-11,0
1020421,111581.6624,1994-12-22,0
1659717,111495.4049,1994-12-24,0
2576192,111456.6864,1995-02-08,0
1137189,111455.7522,1995-01-10,0
944480,111448.9522,1995-02-06,0
5295105,111444.7543,1994-12-01,0
3201217,111400.1145,1995-02-11,0
2104706,111382.1248,1994-12-31,0
811904,111369.3172,1995-02-12,0
302914,111365.572,1995-01-09,0
1458756,111307.1465,1994-12-11,0
1172355,111290.2255,1995-01-01,0
143748,111228.1953,1994-12-21,0
1941159,111206.7852,1995-01-07,0
2981415,111185.034,1995-02-11,0
5500261,111155.0344,1994-11-15,0
3171847,111153.903,1994-12-24,0
3991745,111098.104,1995-01-09,0
2337797,111041.6368,1995-02-05,0
2225697,110945.538,1995-01-06,0
3610372,110885.8094,1995-02-09,0
5003812,110883.1131,1995-02-08,0
3431397,110876.0132,1994-11-14,0
2531713,110862.1821,1995-02-17,0
5118215,110805.0375,1995-02-23,0
110823,110785.0446,1995-01-28,0
1060487,110781.4608,1995-01-28,0
5223431,110758.1046,1994-12-26,0
1362339,110757.3342,1995-02-02,0
5472263,110702.6352,1995-01-29,0
3666565,110524.729,1995-01-27,0
1444193,110511.5031,1994-12-07,0
4216868,110502.7333,1995-02-26,0
3969924,110500.3443,1995-02-28,0
4907361,110479.4494,1994-11-17,0
1206279,110478.9312,1995-03-02,0
2943842,110453.6025,1995-01-08,0
4624737,110447.312,1995-02-04,0
1890178,110445.8901,1995-02-07,0
3061252,110421.0244,1994-12-02,0
704770,110408.4216,1995-01-17,0
2028867,110371.1281,1994-12-08,0
4868164,110330.6085,1994-11-19,0
5743942,110305.1228,1995-02-21,0
5151680,110299.7246,1994-12-03,0
2511393,110298.3567,1994-12-28,0
5342434,110283.8912,1995-01-14,0
1652263,110272.1817,1995-01-03,0
1635905,110265.5117,1995-01-26,0
3077152,110262.9081,1995-01-10,0
3533890,110260.569,1995-01-17,0
1766725,110215.4988,1995-01-19,0
1450308,110207.9339,1995-02-05,0
5381731,110162.5304,1995-02-13,0
747296,110145.6417,1994-12-13,0
5833223,110132.6347,1995-02-22,0
3106501,110132.2956,1995-02-18,0
1350566,110096.004,1995-01-11,0
4230435,110083.323,1994-12-12,0
4510145,110019.8564,1994-12-04,0
3016897,109967.547,1995-01-25,0
5927234,109933.278,1995-01-11,0
5633441,109891.0726,1995-01-01,0
2550976,109880.1,1995-02-20,0
4417923,109876.6938,1995-01-01,0
3202944,109816.0146,1995-01-08,0
5709314,109814.0817,1995-02-17,0
5869986,109808.3712,1994-12-07,0
3520966,109790.8253,1995-01-04,0
3689120,109744.7502,1995-02-28,0
4595776,109740.968,1995-02-13,0
604037,109692.0964,1995-02-10,0
981376,109691.3238,1995-01-29,0
1644230,109653.5092,1994-12-08,0
218851,109644.0156,1995-02-15,0
1616800,109621.1246,1995-02-06,0
5650496,109616.4048,1995-01-07,0
5846215,109605.1491,1995-02-04,0
4914790,109604.0873,1995-03-01,0
5000065,109546.608,1995-01-17,0
3599299,109535.2049,1995-02-22,0
1185159,109523.5081,1995-01-18,0
2837093,109491.9626,1995-03-03,0
5353603,109433.7263,1995-02-22,0
4588676,109420.7041,1995-01-08,0
3385056,109313.6526,1995-02-15,0
4909408,109232.0454,1995-01-27,0
3621634,109227.974,1995-02-13,0
166721,109177.588,1994-12-27,0
1336902,109170.2222,1995-01-07,0
673380,109163.4435,1995-02-16,0
4536709,109161.2042,1995-03-02,0
3576647,109153.4018,1995-02-22,0
4084389,109133.408,1995-01-28,0
849414,109112.4769,1995-01-03,0
1209666,109097.8314,1994-11-11,0
584324,109084.6028,1995-02-16,0
797479,109082.2584,1995-01-22,0
4824224,109042.0625,1995-02-28,0
5895264,109010.2514,1994-12-30,0
5958113,108984.7122,1994-11-28,0
4575011,108978.1068,1995-02-17,0
1081345,108967.455,1995-01-12,0
3044964,108952.4065,1995-01-01,0
4642275,108946.6068,1995-02-08,0
4527013,108937.9338,1995-01-28,0
57061,108923.0332,1994-12-01,0
844774,108848.9259,1995-01-31,0
240133,108845.8239,1994-12-31,0
405286,108828.1475,1995-02-09,0
1386823,108828.0588,1994-12-23,0
4930721,108815.9334,1995-01-08,0
3777476,108801.8644,1995-01-15,0
4241185,108746.7504,1995-02-11,0
5340195,108680.52,1995-02-20,0
3627332,108628.7426,1995-01-18,0
5171621,108618.7701,1995-01-17,0
3660707,108611.255,1994-12-09,0
643266,108611.0406,1994-11-20,0
5336067,108583.6973,1995-01-19,0
2189030,108566.2101,1995-01-11,0
4717345,108559.4984,1995-02-23,0
4668769,108536.8527,1995-01-19,0
1748613,108527.922,1995-02-19,0
1395874,108490.9128,1995-03-03,0
2564257,108476.244,1995-02-26,0
1761031,108462.9423,1995-01-03,0
4131713,108416.532,1995-02-16,0
2170754,108409.4844,1994-12-17,0
3280004,108344.24,1994-12-28,0
4627719,108341.8554,1995-01-18,0
671142,108325.5216,1995-01-31,0
1274821,108307.0984,1995-02-28,0
5078119,108303.6728,1995-01-17,0
259232,108296.7606,1995-02-25,0
1008326,108269.2134,1995-02-01,0
4791462,108255.9756,1994-12-17,0
5017696,108250.4328,1995-01-20,0
4437314,108216.9717,1995-01-20,0
1927617,108195.1644,1995-02-06,0
5284743,108188.1122,1994-12-29,0
3282529,108160.002,1995-01-13,0
5647751,108147.0501,1995-02-27,0
4683042,108133.735,1995-02-18,0
4053280,108127.7686,1995-01-17,0
3223719,108055.0332,1994-12-04,0
946944,107984.6334,1994-12-22,0
4715938,107959.4832,1995-02-25,0
3286948,107951.4515,1995-01-14,0
1434113,107948.2781,1995-02-07,0
3018176,107939.7576,1994-12-13,0
4830887,107910.9164,1994-12-29,0
2499520,107908.2048,1995-02-15,0
1062498,107907.8632,1995-02-27,0
3888356,107864.1648,1995-01-02,0
370500,107843.6476,1994-12-05,0
2448547,107837.255,1994-12-31,0
1543460,107792.0093,1995-03-01,0
3076960,107786.3464,1995-01-07,0
2365252,107776.2768,1995-02-06,0
417089,107773.8967,1995-01-29,0
4402880,107769.8374,1995-01-15,0
3960258,107769.7304,1995-01-14,0
3707204,107766.2585,1995-03-01,0
2958501,107759.2218,1994-12-27,0
3077287,107749.71,1995-02-14,0
2203207,107728.7098,1995-01-23,0
952484,107721.4338,1995-02-08,0
3414695,107709.9056,1994-11-25,0
168742,107703.666,1995-01-23,0
4733059,107699.6227,1994-12-31,0
5997892,107688.4476,1995-01-20,0
3346727,107664.4999,1994-11-15,0
4595943,107659.3625,1995-02-12,0
491681,107659.2286,1994-12-16,0
4886050,107619.1179,1995-02-12,0
5691841,107599.9772,1995-01-09,0
4308101,107599.0679,1995-02-04,0
5293029,107578.9227,1995-01-16,0
2840193,107578.2765,1994-11-24,0
5023556,107558.381,1995-02-05,0
5438309,107552.2644,1994-12-29,0
1563142,107534.85,1995-01-03,0
2793697,107521.952,1994-12-19,0
3544769,107519.4746,1995-01-10,0
2924608,107519.3365,1995-02-08,0
1380643,107516.8499,1995-01-08,0
3465762,107498.8914,1995-02-18,0
1573955,107475.4764,1995-02-14,0
4074662,107472.0021,1994-12-06,0
3579491,107451.1908,1995-02-25,0
5118375,107404.0182,1995-02-17,0
5377988,107401.1527,1995-01-23,0
816998,107384.3096,1995-02-13,0
1381092,107366.3727,1995-02-28,0
2626663,107325.2096,1994-12-16,0
63809,107324.8188,1995-01-03,0
2327010,107308.1646,1995-01-02,0
5128512,107295.1373,1995-01-12,0
580774,107262.2343,1995-01-12,0
5366691,107194.843,1995-01-14,0
5585639,107192.8352,1994-12-04,0
5451873,107144.4247,1995-01-24,0
2162563,107122.764,1995-01-15,0
4609315,107122.728,1994-11-27,0
2248388,107121.2681,1995-02-22,0
2078245,107063.0064,1995-01-25,0
54787,107057.7873,1995-02-25,0
3507969,107038.265,1995-01-28,0
5378851,107030.0138,1995-01-03,0
5649184,107017.621,1995-01-22,0
4763174,107008.7073,1995-03-01,0
4150401,107008.1418,1995-01-08,0
4588610,106986.3515,1995-01-19,0
5271653,106983.6754,1994-12-12,0
1184162,106945.3207,1994-12-06,0
5746887,106936.5696,1995-02-10,0
5761190,106921.7106,1994-12-14,0
4689829,106916.8701,1995-02-15,0
4607328,106862.9643,1995-01-24,0
3605795,106830.4662,1995-01-21,0
5716992,106809.5544,1995-01-19,0
1852551,106806.737,1995-02-16,0
4210402,106798.3497,1994-12-18,0
4238400,106747.7556,1995-01-07,0
2959328,106731.083,1994-11-29,0
1163904,106713.7632,1994-12-18,0
3012227,106682.7092,1995-02-05,0
1238374,106668.5013,1995-01-29,0
4702594,106662.434,1995-01-12,0
2215491,106655.2792,1995-03-01,0
5989443,106653.864,1994-12-01,0
2458725,106631.0864,1995-02-27,0
2251335,106599.0498,1995-01-17,0
5563232,106574.7337,1994-12-02,0
2426209,106537.5182,1994-12-24,0
4599489,106451.739,1994-11-26,0
3975556,106436.2272,1994-12-21,0
5138818,106423.6886,1995-02-04,0
3014528,106409.6384,1994-12-29,0
1748225,106405.9144,1995-01-14,0
312546,106400.0902,1995-01-30,0
2106598,106383.6208,1995-01-27,0
462884,106380.9399,1994-12-14,0
4639333,106374.1248,1994-12-16,0
1282690,106372.3507,1995-02-08,0
3573542,106358.0423,1995-02-22,0
5683397,106336.7143,1995-01-10,0
5233989,106331.7164,1995-02-19,0
5635140,106283.7508,1995-01-16,0
3853799,106253.5216,1995-01-30,0
3536229,106248.0402,1995-01-17,0
4759460,106245.1702,1995-02-17,0
70822,106195.0645,1995-02-09,0
3730342,106151.1491,1995-01-27,0
3643874,106130.7492,1995-02-09,0
3206690,106119.2072,1995-03-02,0
3117764,106107.513,1995-01-14,0
1405984,106103.6732,1994-12-25,0
913120,106066.6656,1994-12-03,0
2898465,105998.0122,1994-12-18,0
1775108,105993.9994,1995-02-03,0
374820,105987.188,1994-12-09,0
3074433,105972.5844,1994-12-19,0
3001029,105966.954,1994-12-09,0
5283268,105939.612,1995-01-19,0
4982438,105920.3235,1995-01-14,0
4073952,105895.9419,1994-12-19,0
5682820,105859.575,1995-01-31,0
4396641,105837.8193,1995-01-04,0
4111429,105801.8168,1995-02-19,0
3185440,105785.6473,1994-12-13,0
1958087,105772.5978,1995-02-07,0
4087749,105730.476,1995-02-06,0
4552998,105712.418,1994-12-10,0
3696295,105696.5981,1995-01-20,0
4740705,105693.5856,1994-12-16,0
1137831,105537.8833,1994-12-25,0
1393571,105504.2392,1994-12-18,0
1848066,105495.642,1994-12-23,0
2347683,105482.7361,1994-12-19,0
4658566,105467.6219,1995-01-21,0
5196002,105432.4928,1995-02-26,0
381185,105421.0908,1994-12-22,0
4268135,105361.551,1995-02-08,0
268578,105353.9759,1995-02-07,0
5166978,105277.4952,1994-12-31,0
620518,105268.383,1995-02-01,0
623138,105236.6925,1995-02-23,0
2491744,105234.1569,1995-02-08,0
3838597,105203.9375,1995-01-21,0
2708129,105170.7323,1994-12-29,0
1952903,105156.8628,1995-02-11,0
2242434,105146.4612,1995-01-06,0
3231941,105132.8484,1995-01-09,0
4936642,105099.48,1995-01-19,0
3592387,105073.8738,1995-01-11,0
4960002,105061.8445,1995-01-24,0
3515232,105059.0282,1995-01-18,0
2759335,105040.4112,1995-03-02,0
5171587,105008.9692,1995-01-27,0
5304932,105008.3964,1994-11-25,0
2428550,104992.1472,1995-02-07,0
386,104975.2484,1995-01-25,0
4028736,104972.174,1995-01-30,0
695045,104957.8284,1994-12-26,0
1249028,104948.784,1995-01-05,0
1206209,104943.533,1995-01-23,0
2730848,104943.1025,1994-11-18,0
5312998,104935.8266,1994-12-26,0
3022695,104929.5314,1994-12-24,0
1134593,104923.0925,1994-12-25,0
2933187,104899.204,1995-01-07,0
4542119,104876.4665,1994-12-13,0
823844,104874.2175,1995-01-02,0
4636288,104859.7508,1995-01-16,0
971430,104841.7434,1995-01-15,0
3011973,104840.936,1994-12-19,0
836706,104685.744,1995-01-30,0
5116582,104679.1282,1995-01-16,0
2007426,104673.2772,1995-01-26,0
1763201,104661.6522,1995-01-31,0
5232545,104647.578,1994-12-10,0
4085540,104626.6448,1995-01-13,0
4159559,104625.126,1995-01-18,0
2562081,104602.1536,1995-02-12,0
4376386,104572.117,1995-01-22,0
687553,104566.6833,1995-01-30,0
2589057,104540.9064,1995-01-07,0
5460129,104516.6196,1995-02-14,0
4071265,104488.878,1994-12-05,0
2644580,104479.9276,1995-01-28,0
5395426,104459.6892,1995-01-06,0
4167398,104448.1512,1995-02-09,0
1679527,104307.3468,1995-01-16,0
3725095,104301.5655,1994-11-14,0
1164612,104276.268,1994-12-25,0
4156676,104263.3175,1995-03-03,0
5462887,104249.6983,1994-12-16,0
5466561,104240.7361,1994-12-24,0
2208293,104228.7968,1994-12-18,0
5586048,104212.5158,1995-02-15,0
238530,104210.6814,1994-12-21,0
2142019,104200.551,1994-12-23,0
4363654,104189.7494,1994-12-21,0
1933222,104184.8775,1995-02-21,0
1960866,104159.2092,1995-02-02,0
5980161,104148.1971,1995-02-06,0
1327650,104138.0402,1994-12-13,0
5087840,104134.5578,1995-02-18,0
3208129,104108.067,1995-03-02,0
844033,104096.285,1994-12-21,0
5211809,104064.3898,1994-11-27,0
5685952,104054.988,1994-12-01,0
454272,104052.1269,1994-12-29,0
1491745,104022.243,1995-01-20,0
3390785,103955.8554,1994-12-02,0
1993989,103951.0778,1995-02-24,0
3291556,103890.6042,1995-01-13,0
5751364,103874.18,1995-01-08,0
904579,103811.9346,1995-02-23,0
936033,103805.1348,1995-02-12,0
1026849,103753.2852,1994-12-18,0
1556391,103701.2037,1995-01-11,0
1648773,103657.7056,1995-02-26,0
2794887,103642.7914,1995-02-08,0
3056579,103607.826,1995-01-04,0
1359588,103607.3912,1995-01-01,0
2607428,103590.383,1994-12-26,0
4412998,103588.9884,1995-02-28,0
4256519,103565.6606,1995-02-09,0
4112514,103564.1386,1995-03-02,0
1334085,103512.402,1995-02-26,0
2002528,103493.512,1995-01-08,0
3947014,103492.2535,1995-02-22,0
171943,103456.6864,1994-12-31,0
490755,103456.3988,1995-01-29,0
2321282,103442.1684,1995-02-26,0
1796932,103437.2208,1995-01-05,0
3587652,103429.005,1995-02-08,0
2678563,103406.3112,1994-12-19,0
1138757,103341.6756,1994-12-29,0
397763,103277.1088,1995-02-20,0
875941,103275.4508,1994-12-28,0
2980868,103272.892,1995-01-03,0
1705541,103269.2664,1995-02-08,0
3747971,103267.1559,1995-02-28,0
1628962,103250.0653,1995-01-12,0
3969637,103206.4312,1994-12-23,0
4766788,103198.055,1995-01-27,0
234789,103190.9536,1995-01-01,0
5836227,103189.2715,1995-02-18,0
1445089,103185.8012,1995-02-28,0
5354880,103177.4436,1995-02-01,0
416224,103172.0016,1994-12-21,0
5293125,103143.373,1994-11-29,0
5793381,103137.5914,1995-02-07,0
3825536,103136.5421,1995-01-27,0
2666306,103134.3744,1994-12-18,0
1468132,103129.7756,1995-01-21,0
5635008,103129.2957,1995-02-14,0
1116134,103127.1648,1994-12-12,0
2796070,103101.0972,1995-02-15,0
517095,103090.3076,1995-01-10,0
3065696,103090.1948,1994-12-28,0
5049058,103089.6162,1994-12-25,0
2495750,102997.1939,1995-03-01,0
1161248,102986.0637,1994-12-03,0
3097858,102965.4878,1995-01-31,0
1177479,102931.8924,1994-12-27,0
5312451,102924.4778,1995-01-30,0
708737,102896.529,1995-02-10,0
5457248,102851.9004,1995-01-29,0
2636101,102810.2232,1994-12-13,0
4859654,102787.2316,1995-02-01,0
5258821,102784.2264,1995-01-06,0
5544455,102776.7443,1995-02-05,0
4971974,102727.6415,1994-12-25,0
2286785,102727.5506,1995-02-04,0
5738147,102723.4184,1995-02-11,0
3518240,102721.5864,1995-01-19,0
5398307,102706.2428,1995-01-29,0
4303139,102702.281,1995-01-04,0
1022243,102653.57,1995-01-09,0
2056807,102620.0996,1995-02-02,0
3374177,102569.0615,1995-02-26,0
5594948,102562.9464,1995-02-25,0
5668384,102543.6537,1995-02-19,0
3350944,102530.707,1994-11-24,0
2991078,102517.651,1994-12-24,0
1303621,102498.7234,1995-02-01,0
5149669,102490.874,1995-01-04,0
1232325,102467.941,1994-12-11,0
4089408,102466.8524,1995-02-05,0
3391012,102462.4948,1995-01-18,0
4197538,102440.2372,1994-12-20,0
947206,102426.4164,1995-01-01,0
3336900,102425.981,1995-01-31,0
2181671,102407.3306,1994-11-28,0
1362208,102394.4656,1994-12-13,0
4321121,102384.0952,1995-01-14,0
3135619,102379.6682,1994-12-23,0
396006,102336.8281,1995-03-02,0
3367143,102336.5451,1995-01-13,0
2645410,102329.302,1995-03-01,0
5567939,102310.0392,1995-02-05,0
4939105,102288.9468,1995-01-03,0
2018914,102276.2168,1995-02-08,0
1118341,102275.4344,1995-01-04,0
3793637,102269.5682,1994-11-17,0
4512935,102262.6386,1994-12-18,0
5744391,102237.198,1995-01-19,0
5776768,102235.469,1995-01-25,0
5291266,102230.5536,1994-12-24,0
292228,102222.204,1995-01-13,0
2026374,102217.8802,1995-03-02,0
1056103,102197.8876,1995-01-05,0
4570150,102166.5618,1995-02-12,0
4281350,102156.8088,1995-01-04,0
5874180,102142.2372,1994-12-12,0
908645,102138.5085,1995-02-10,0
1169700,102121.2745,1995-02-02,0
2275971,102093.721,1995-01-02,0
3233861,102066.57,1995-01-18,0
559554,102039.6248,1994-12-15,0
2105856,102036.9022,1994-12-02,0
4334912,102004.8188,1995-02-19,0
3879104,101986.1938,1995-02-25,0
835520,101984.827,1995-02-27,0
3513760,101983.9316,1994-12-25,0
1042016,101980.46,1995-01-17,0
2399235,101940.9224,1995-02-23,0
2633636,101914.921,1994-12-27,0
4731360,101889.0712,1995-01-27,0
2936064,101847.9118,1994-12-23,0
1515041,101809.5168,1995-02-14,0
2584161,101797.6347,1995-02-21,0
5823906,101787.7344,1995-02-06,0
3686401,101785.4246,1994-12-22,0
838693,101782.815,1995-02-22,0
4042147,101745.32,1995-02-14,0
5048485,101731.1352,1994-12-16,0
4061475,101726.002,1995-01-28,0
697026,101710.818,1994-12-16,0
620769,101710.0318,1995-02-21,0
804353,101702.9016,1995-02-16,0
2439653,101688.4548,1995-02-02,0
2912672,101669.175,1994-11-24,0
5088263,101611.7692,1995-02-12,0
1122374,101603.3474,1994-12-12,0
5330403,101593.5606,1994-12-12,0
1344096,101564.5559,1995-02-20,0
1030049,101546.2696,1995-02-18,0
4851490,101542.8822,1995-01-21,0
1393664,101513.4196,1995-02-10,0
837508,101485.1282,1995-02-05,0
5218820,101469.4352,1995-01-31,0
191588,101464.389,1994-12-07,0
772775,101456.3527,1995-03-02,0
5129158,101413.4784,1995-02-24,0
2111651,101407.1091,1995-01-01,0
4004101,101405.5934,1995-01-30,0
2014181,101395.182,1995-02-14,0
2573638,101393.0676,1994-11-28,0
3222598,101385.4788,1994-11-23,0
5433762,101384.2352,1994-11-28,0
3119364,101381.1048,1995-02-14,0
5376326,101365.7652,1995-01-25,0
5622465,101352.947,1994-12-12,0
549703,101336.2769,1995-02-03,0
6977,101336.1426,1994-12-05,0
5267876,101314.8462,1994-12-08,0
3505187,101285.137,1994-12-26,0
5227814,101282.0088,1995-02-24,0
3886918,101279.676,1994-12-07,0
2531777,101279.6396,1995-01-07,0
767270,101251.804,1995-01-19,0
3299333,101239.4019,1994-12-20,0
1544293,101196.3321,1995-01-02,0
2187395,101183.686,1995-01-24,0
1481313,101171.1862,1994-12-14,0
4549442,101131.213,1995-02-03,0
3945191,101083.818,1995-01-28,0
3150310,101069.9,1994-11-25,0
1258886,101045.6526,1995-01-24,0
3738308,101041.2858,1994-12-14,0
2487683,101032.8814,1994-12-17,0
2712519,101023.9459,1994-11-24,0
1932674,101021.6894,1995-01-27,0
964933,101004.8329,1994-11-24,0
5904484,101002.8563,1994-12-12,0
807078,100997.586,1995-01-18,0
1916641,100996.74,1994-12-26,0
4066466,100995.1125,1995-01-05,0
1385792,100991.66,1994-12-08,0
1467621,100970.1628,1995-01-08,0
3272515,100965.3862,1995-01-30,0
3235329,100949.2856,1995-02-14,0
5452420,100920.1592,1994-12-18,0
1816487,100866.546,1995-01-10,0
2365889,100853.7172,1995-02-21,0
5051939,100824.39,1995-03-02,0
5754081,100820.8503,1995-02-21,0
1710213,100816.8831,1995-02-13,0
2754018,100794.1884,1995-02-03,0
4636898,100699.4268,1995-01-13,0
1526439,100648.3,1994-12-16,0
5275203,100604.1748,1995-01-06,0
5528997,100600.3702,1995-01-19,0
5630339,100596.2624,1995-01-12,0
400709,100588.2222,1995-01-16,0
5872323,100558.05,1994-12-26,0
5847140,100534.3848,1995-01-13,0
5345600,100533.3273,1995-01-25,0
5994050,100526.3926,1994-12-19,0
3083141,100520.9654,1995-01-09,0
5310181,100517.3176,1994-11-11,0
100263,100509.6708,1995-01-29,0
3807397,100478.6748,1994-12-25,0
2808355,100477.4678,1994-12-21,0
4601220,100476.0078,1995-02-09,0
4695268,100467.2165,1995-01-19,0
5315558,100450.1598,1994-11-22,0
3923940,100448.993,1994-12-10,0
1634855,100411.2356,1994-12-20,0
2398951,100407.744,1994-12-03,0
2261863,100378.9296,1994-11-28,0
5027652,100377.1216,1994-12-10,0
1277894,100344.1409,1995-02-27,0
3501571,100293.0957,1994-12-30,0
2597670,100289.8404,1994-12-14,0
1152869,100280.5585,1995-02-07,0
4605664,100247.8698,1995-03-03,0
4531681,100176.0969,1995-01-13,0
2181031,100174.7597,1995-02-15,0
2034214,100173.4527,1995-03-02,0
1820391,100158.8805,1995-01-29,0
5698498,100151.5614,1995-02-08,0
5147648,100140.8562,1995-01-06,0
5461538,100100.8038,1995-02-14,0
2180897,100058.985,1995-02-25,0
1238754,100025.3685,1994-12-26,0
1128643,100017.2198,1995-02-07,0
5586752,99987.5612,1994-11-30,0
1863943,99982.9512,1995-01-21,0
221506,99979.9668,1995-01-21,0
4526661,99975.9188,1994-12-01,0
3273701,99933.9456,1994-12-02,0
3851559,99927.7811,1995-02-16,0
3093413,99878.4724,1994-12-07,0
279137,99843.1279,1995-02-20,0
1145637,99818.9948,1995-02-26,0
814626,99806.8005,1995-02-15,0
882370,99790.212,1995-02-11,0
4283968,99786.4854,1995-02-25,0
4229858,99776.4662,1995-01-25,0
4101793,99734.972,1994-12-20,0
5683296,99681.4544,1995-01-09,0
2874275,99678.6192,1995-02-05,0
5170625,99666.7347,1995-01-18,0
2275399,99659.2324,1995-01-19,0
3914562,99618.1705,1994-12-15,0
4733634,99583.776,1995-02-02,0
4153349,99548.001,1995-02-01,0
4648227,99501.9168,1995-02-04,0
1545217,99464.3364,1995-01-11,0
5236293,99443.7675,1994-11-27,0
211425,99433.2723,1995-01-07,0
218790,99427.1516,1995-01-25,0
3901184,99412.383,1995-01-30,0
4160902,99402.9933,1995-01-19,0
2341571,99397.8142,1994-12-29,0
3819587,99380.0004,1995-02-07,0
2459937,99375.9393,1995-02-13,0
2828803,99355.3872,1995-02-21,0
5133059,99352.8585,1994-12-11,0
2745856,99342.6228,1994-12-25,0
373892,99319.0918,1994-11-30,0
3925794,99313.5004,1995-02-07,0
5121955,99310.7804,1995-02-07,0
2184386,99295.9682,1994-12-28,0
4050691,99286.3229,1995-03-01,0
795777,99283.2048,1995-02-03,0
5843522,99276.3035,1995-02-02,0
2187845,99235.6416,1995-02-18,0
1103428,99228.4975,1995-02-12,0
1947715,99219.8256,1995-02-19,0
2731680,99204.6108,1995-02-04,0
5385255,99187.963,1995-01-29,0
165061,99178.17,1995-01-19,0
5504551,99150.6006,1994-12-16,0
903908,99148.2132,1995-01-27,0
3668390,99118.8896,1995-02-04,0
4027264,99099.7896,1994-12-07,0
3661989,99091.4128,1994-12-23,0
2703072,99082.208,1995-01-25,0
2992198,99067.7508,1995-01-23,0
1931462,99066.9033,1994-11-22,0
2088452,99063.7576,1995-02-01,0
4900225,99057.216,1994-12-15,0
3480992,99029.512,1995-01-05,0
1544833,99021.4867,1995-01-08,0
2253191,99010.22,1995-02-03,0
5662820,98959.5758,1994-12-26,0
4705984,98954.113,1994-12-30,0
1817891,98950.8174,1995-01-15,0
1271329,98913.934,1995-02-26,0
3600839,98912.9859,1994-12-15,0
3449798,98907.9538,1995-02-10,0
4709317,98907.768,1995-01-14,0
4368803,98891.6395,1995-02-01,0
1613986,98828.8965,1995-02-28,0
2527008,98809.3939,1995-01-09,0
4844934,98807.25,1995-01-22,0
1565956,98766.6024,1994-11-20,0
4350050,98745.0,1994-12-08,0
3237828,98738.4196,1995-02-07,0
717792,98731.292,1995-01-04,0
329156,98721.111,1995-01-18,0
2934405,98681.2928,1995-01-17,0
1217541,98666.8345,1995-01-31,0
5504422,98649.9896,1994-12-11,0
5183840,98626.8245,1995-01-23,0
3923558,98623.2704,1995-01-15,0
2325504,98622.9824,1995-01-02,0
3441410,98575.8902,1995-03-02,0
5018596,98554.8324,1995-01-04,0
2652966,98541.6528,1994-12-22,0
3500546,98501.1366,1994-12-12,0
217446,98426.0458,1995-02-11,0
4048327,98422.3158,1994-12-30,0
3134181,98354.7768,1995-01-29,0
1021382,98352.081,1995-01-23,0
4622887,98323.146,1995-01-27,0
2573255,98315.118,1994-12-13,0
2169505,98314.7356,1994-12-15,0
5977030,98309.2221,1994-12-20,0
3489637,98294.7391,1995-01-13,0
5080930,98291.1746,1994-12-23,0
3039814,98267.2704,1994-12-04,0
4162049,98246.115,1995-01-20,0
4078182,98221.65,1995-02-07,0
1969766,98216.854,1994-11-23,0
919237,98206.7568,1995-02-01,0
3378276,98179.6342,1995-02-12,0
4536864,98168.9478,1994-12-21,0
4048832,98154.3465,1995-01-22,0
4208224,98152.594,1995-01-06,0
1527682,98139.4232,1995-01-30,0
2482564,98127.3718,1995-02-19,0
5254913,98126.6051,1995-01-05,0
4983552,98101.787,1994-12-11,0
40001,98098.4808,1995-02-25,0
3199269,98088.0524,1995-01-04,0
1090309,98070.243,1995-01-24,0
353123,98060.25,1995-01-22,0
1101953,98052.234,1994-12-25,0
2109024,98009.5822,1995-01-03,0
5746789,97986.8187,1995-03-03,0
1838852,97986.1753,1994-12-25,0
2622535,97946.7214,1995-01-22,0
4117889,97923.3314,1995-02-24,0
2245185,97908.8748,1995-02-08,0
910469,97905.2976,1994-12-30,0
1637568,97903.967,1994-12-13,0
3591717,97885.3998,1995-02-09,0
289540,97878.9246,1994-12-19,0
19654,97864.8477,1995-01-10,0
3023648,97851.2496,1995-02-22,0
792196,97829.0698,1995-01-16,0
3475585,97727.04,1994-12-20,0
161158,97711.7338,1995-02-23,0
2156644,97672.8756,1995-02-21,0
144485,97662.4198,1995-01-03,0
3968994,97647.372,1995-01-01,0
2137447,97631.7155,1995-01-22,0
5159875,97629.8485,1994-12-25,0
3917987,97627.8168,1994-11-20,0
3587843,97621.3324,1994-12-11,0
2939811,97605.8598,1995-03-01,0
2564610,97582.0604,1995-02-23,0
454115,97569.15,1995-01-09,0
1820615,97564.2786,1994-12-26,0
2876707,97551.7896,1995-01-09,0
737858,97527.5469,1995-01-26,0
3482784,97513.5436,1994-12-27,0
2065670,97509.5746,1994-11-23,0
289444,97507.0368,1994-12-27,0
653606,97497.4182,1994-11-26,0
2851073,97485.9118,1995-01-16,0
1839649,97458.4113,1995-02-17,0
2958337,97456.8318,1995-01-23,0
769536,97452.7884,1994-12-31,0
5022149,97448.4393,1994-12-01,0
4844646,97394.6336,1994-12-18,0
4823748,97391.1017,1995-02-21,0
3483905,97388.8713,1995-01-19,0
4890211,97359.648,1995-01-24,0
5373281,97337.47,1995-02-12,0
4929504,97317.4275,1994-12-28,0
782919,97311.7252,1995-02-28,0
4492867,97298.8232,1995-02-06,0
1009187,97274.7908,1995-02-10,0
4961219,97271.1351,1995-02-27,0
4342913,97265.4856,1995-02-11,0
1685123,97260.5775,1994-12-21,0
993861,97253.9964,1994-11-21,0
4386691,97249.6997,1995-01-23,0
5841538,97233.1156,1994-11-21,0
4452708,97223.722,1995-02-20,0
4420257,97217.6537,1995-01-31,0
4126471,97216.4538,1995-02-26,0
1018659,97164.4334,1995-01-17,0
4274048,97150.1781,1995-01-22,0
4523491,97135.972,1995-02-22,0
3926496,97131.7728,1995-01-16,0
3855746,97109.3452,1994-11-29,0
2550436,97107.62,1995-01-30,0
3012710,97103.7936,1995-03-03,0
1504358,97078.4846,1995-02-05,0
3820231,97073.9914,1994-11-27,0
2801190,97061.5856,1995-01-03,0
1611684,97041.4044,1995-02-19,0
3152899,97037.7058,1994-12-25,0
2655331,97030.5929,1994-12-25,0
3324579,96991.254,1995-02-24,0
2459844,96982.2092,1995-01-17,0
2741063,96969.15,1995-01-04,0
3605477,96964.1792,1995-01-04,0
1107655,96932.296,1994-12-04,0
998052,96932.1442,1995-02-13,0
1863104,96924.7324,1994-12-16,0
4574528,96895.3556,1995-01-29,0
683812,96895.0257,1994-12-26,0
5554563,96892.674,1994-12-07,0
2293702,96887.4858,1995-01-11,0
2064868,96876.7242,1995-01-26,0
5937447,96849.2101,1995-01-07,0
5913351,96845.2765,1995-02-28,0
118629,96839.622,1994-12-12,0
3455271,96832.5208,1995-01-02,0
5657539,96821.9322,1995-03-02,0
49443,96811.4952,1995-01-24,0
3048327,96795.5118,1995-02-17,0
4409443,96793.8988,1995-01-03,0
4213062,96747.5154,1994-12-29,0
1775653,96742.783,1994-12-16,0
5145282,96727.2712,1995-02-03,0
5637600,96716.5906,1995-03-03,0
2487812,96683.229,1994-11-28,0
5468674,96657.4286,1995-01-16,0
4978722,96642.5231,1995-03-03,0
3856579,96633.5682,1995-01-03,0
2103685,96627.788,1994-12-06,0
4773349,96614.05,1995-01-07,0
3046279,96539.276,1995-02-03,0
3646535,96522.3852,1995-02-07,0
4690023,96521.2877,1995-02-07,0
801797,96506.5341,1995-01-17,0
3895552,96470.0,1995-02-14,0
2794597,96464.9436,1995-01-24,0
2947399,96441.9922,1995-01-17,0
2521507,96433.3955,1995-01-31,0
4232517,96430.8243,1995-02-13,0
2057383,96425.2901,1995-02-13,0
5309667,96422.8298,1995-02-25,0
4587395,96395.068,1994-12-30,0
4005088,96388.5314,1994-11-20,0
1955488,96382.5,1994-12-17,0
3168547,96365.53,1995-01-16,0
2752518,96357.3228,1994-12-21,0
651138,96354.5215,1994-12-21,0
3485477,96337.95,1995-01-23,0
3660455,96328.665,1994-12-15,0
38400,96326.4095,1994-12-15,0
4502820,96288.7049,1995-02-15,0
1537639,96230.6055,1995-02-03,0
3096550,96211.3062,1995-01-30,0
4090242,96200.946,1995-02-10,0
3169893,96195.6722,1995-01-22,0
2218306,96188.3949,1994-12-23,0
3773382,96173.764,1995-02-24,0
5998406,96167.4723,1994-12-30,0
1090534,96165.8805,1995-01-30,0
2071463,96150.1289,1995-03-02,0
2994979,96138.969,1995-02-10,0
3558563,96096.2028,1994-12-30,0
4434790,96077.0664,1995-01-04,0
5243684,96076.202,1995-01-01,0
1745508,96009.7124,1995-01-07,0
436963,95970.5424,1994-12-21,0
3360965,95946.072,1995-02-23,0
4156103,95939.6178,1995-01-07,0
2666501,95911.3458,1994-12-16,0
3009351,95904.8869,1995-01-30,0
1184738,95896.7978,1995-02-27,0
1631363,95888.8346,1995-02-15,0
4147456,95863.1252,1995-02-05,0
758496,95837.2043,1995-03-03,0
2045827,95777.2225,1994-12-20,0
1033506,95759.006,1995-03-01,0
5018116,95737.9096,1995-01-15,0
237346,95718.106,1994-12-22,0
2385538,95713.8834,1995-02-03,0
1727943,95711.5391,1995-01-22,0
3637959,95710.9486,1995-01-10,0
1644358,95689.5984,1994-12-11,0
326150,95679.8152,1995-01-03,0
3019591,95652.2192,1994-12-30,0
958691,95639.4255,1995-01-08,0
5440704,95636.6007,1994-11-17,0
5626464,95623.3144,1994-12-07,0
2699680,95597.0097,1995-02-19,0
2214112,95568.8283,1995-01-03,0
3622213,95561.901,1995-02-05,0
5826787,95537.7634,1995-02-18,0
5535943,95531.9816,1994-12-10,0
2466594,95504.6642,1995-01-24,0
5144357,95497.4661,1995-03-01,0
5075968,95448.5226,1994-11-23,0
4150530,95444.0,1994-12-26,0
2372103,95422.7592,1994-12-23,0
5709895,95411.51,1995-01-15,0
5782087,95379.7068,1994-12-22,0
5825411,95377.9768,1994-12-10,0
4229733,95368.088,1994-12-27,0
2277763,95358.6224,1995-01-18,0
1410597,95341.7456,1994-12-26,0
4096678,95335.7132,1995-02-04,0
4866562,95296.775,1994-12-31,0
873188,95288.9025,1995-01-12,0
4274695,95284.5145,1994-12-28,0
3899424,95281.94,1995-02-13,0
2482695,95260.4813,1994-12-31,0
1967491,95214.885,1995-01-23,0
4149664,95132.821,1995-01-30,0
1999589,95125.0552,1995-02-01,0
1179330,95085.7143,1995-01-05,0
4791814,95064.982,1995-01-18,0
5004259,95042.7492,1994-12-05,0
1589825,95030.3906,1995-02-03,0
4104551,95028.106,1995-01-24,0
2019814,94997.1033,1995-02-12,0
4229249,94994.7432,1995-01-07,0
5053476,94980.9968,1994-12-26,0
5269091,94972.8502,1995-01-23,0
4884385,94970.3899,1995-02-19,0
584066,94965.6342,1995-01-16,0
2387746,94955.8907,1995-01-23,0
3822787,94948.5921,1995-02-09,0
303075,94942.9728,1995-02-21,0
2490566,94937.9408,1994-12-26,0
3147043,94904.8804,1995-01-07,0
5270690,94890.355,1995-02-02,0
3797988,94832.1782,1995-02-04,0
1434530,94814.5383,1994-11-19,0
462887,94804.52,1995-01-20,0
753508,94797.3229,1994-12-05,0
3190944,94791.015,1994-11-21,0
3672421,94745.7804,1995-01-25,0
2421637,94714.497,1995-01-03,0
689250,94699.1518,1994-12-27,0
1349542,94680.739,1995-01-13,0
840771,94628.7779,1994-12-21,0
2806657,94606.3749,1994-12-04,0
908293,94574.4334,1995-02-12,0
2719328,94571.3628,1995-02-12,0
764519,94563.8374,1995-01-24,0
1367462,94557.7404,1995-02-14,0
1000997,94536.4119,1994-12-10,0
4953697,94510.0368,1994-12-05,0
2378471,94508.9805,1994-12-25,0
2293440,94508.6976,1994-12-10,0
4791140,94493.2941,1995-02-28,0
424705,94451.634,1995-02-03,0
879523,94414.8702,1994-12-11,0
1582275,94411.4329,1994-12-11,0
4897447,94400.0798,1995-01-27,0
511525,94370.5596,1995-02-08,0
1124929,94357.2087,1994-12-29,0
4168870,94351.1504,1994-12-17,0
1943713,94323.864,1995-01-26,0
5991746,94287.2265,1995-02-10,0
672324,94266.6204,1995-01-13,0
2067590,94251.5728,1994-11-11,0
2970212,94227.4928,1994-12-05,0
4177763,94220.4384,1995-01-21,0
746213,94214.82,1994-12-03,0
881793,94195.4896,1995-01-07,0
1767909,94182.15,1995-01-01,0
951910,94132.574,1995-01-25,0
5800902,94129.7636,1995-02-01,0
258726,94129.2594,1995-02-18,0
4283845,94125.5837,1995-01-09,0
4557953,94111.9672,1995-01-28,0
5148096,94055.568,1995-01-02,0
466725,94041.594,1995-02-04,0
4165348,94040.2738,1995-01-08,0
1245286,94004.2107,1995-02-14,0
3808736,93982.356,1995-02-16,0
5305314,93948.7788,1994-12-26,0
3920454,93862.623,1994-12-29,0
1136551,93817.4536,1995-01-19,0
4763749,93814.7502,1994-12-19,0
4607430,93766.3102,1995-01-30,0
3304132,93760.776,1995-01-12,0
5772995,93739.68,1995-01-16,0
1726375,93727.5306,1995-01-18,0
4951879,93714.175,1994-12-08,0
5130305,93708.37,1995-03-01,0
5417157,93703.2679,1995-02-20,0
2353893,93688.7448,1995-01-30,0
5742405,93672.3507,1995-03-03,0
410181,93672.2008,1995-02-18,0
4408481,93651.3177,1994-12-17,0
1081702,93636.4413,1995-01-14,0
2451043,93631.2608,1995-02-10,0
1644065,93617.5136,1995-02-02,0
730373,93609.1744,1995-01-15,0
5342182,93599.7594,1995-02-10,0
2615972,93582.3468,1994-12-24,0
4395521,93581.4594,1994-12-21,0
1081862,93574.2321,1995-02-23,0
3366048,93570.939,1995-01-12,0
4612131,93563.5428,1994-11-16,0
1675363,93545.9478,1995-01-26,0
5882531,93521.3427,1994-12-13,0
2465957,93516.7572,1995-01-14,0
460807,93514.4506,1994-11-19,0
2273539,93500.8754,1995-02-05,0
2447364,93492.5649,1995-01-02,0
3343815,93450.24,1995-01-31,0
4254723,93442.0,1994-11-23,0
4016513,93441.0363,1995-02-14,0
4805856,93412.3375,1995-01-07,0
3421126,93403.1128,1994-12-20,0
2121633,93371.0784,1995-01-17,0
133476,93370.1853,1994-11-29,0
545507,93358.0784,1995-02-10,0
3493028,93323.3114,1994-12-25,0
2655781,93317.9832,1995-02-04,0
4265922,93308.7773,1994-12-24,0
1601345,93281.8547,1995-01-25,0
5774306,93267.646,1995-02-01,0
2313441,93248.0064,1995-02-19,0
4344454,93224.2072,1995-02-02,0
714119,93218.391,1994-12-08,0
2538694,93166.3503,1995-02-20,0
4164448,93164.2007,1995-02-17,0
1156353,93157.3268,1994-12-03,0
531234,93148.1418,1995-02-09,0
4110433,93135.885,1995-02-13,0
4931719,93116.6604,1995-01-30,0
1011427,93091.9365,1995-01-22,0
4003239,93086.291,1995-03-01,0
4224576,93073.1274,1994-12-08,0
1304352,93041.265,1995-02-12,0
1626498,93037.8612,1994-12-26,0
4514720,93028.4501,1995-02-13,0
1009989,93015.2263,1995-02-07,0
2059811,93000.6049,1994-11-16,0
4032736,92983.7438,1994-12-31,0
3106912,92955.186,1994-12-29,0
3001504,92910.964,1994-12-23,0
3875558,92876.9084,1995-02-16,0
534051,92866.9726,1995-02-22,0
3396807,92866.8384,1994-12-09,0
4284225,92866.8382,1995-02-05,0
2390753,92861.622,1995-02-27,0
2491713,92844.6384,1995-01-13,0
3973510,92842.4136,1995-01-15,0
1032545,92828.6612,1995-01-06,0
5522598,92823.18,1995-01-28,0
4863074,92810.8458,1995-01-26,0
232805,92751.0192,1995-03-03,0
432676,92743.6552,1995-02-07,0
4359392,92706.2994,1995-01-15,0
8775,92668.225,1995-02-04,0
256453,92664.8992,1995-02-04,0
251203,92658.288,1994-12-30,0
1436358,92582.3328,1995-02-16,0
4544449,92570.2548,1994-12-31,0
157634,92565.2478,1994-12-30,0
1557984,92555.1594,1995-03-03,0
4287428,92552.6632,1995-01-21,0
5192581,92531.1652,1995-01-18,0
5205922,92530.886,1995-01-18,0
4450215,92486.0896,1994-12-14,0
906917,92454.1794,1995-01-25,0
4189954,92436.608,1995-01-11,0
5397474,92418.5468,1995-01-29,0
1667367,92399.2245,1994-12-02,0
5725569,92388.257,1995-02-01,0
3906498,92374.103,1994-11-26,0
3829989,92333.8325,1994-12-15,0
4901187,92327.8242,1995-03-01,0
2893346,92321.0249,1994-12-31,0
3503782,92300.4426,1994-12-10,0
2899810,92209.4076,1994-12-15,0
3062663,92208.2166,1994-12-10,0
1938791,92194.6368,1995-02-16,0
579779,92178.889,1995-02-11,0
2124866,92168.475,1995-01-21,0
4033318,92164.6464,1994-12-27,0
333633,92153.3811,1995-01-28,0
3326342,92148.9246,1995-02-26,0
1968578,92136.7788,1995-01-02,0
3552323,92136.4444,1995-02-09,0
5932385,92102.1865,1995-01-28,0
649696,92072.3616,1994-12-18,0
455586,92071.425,1995-02-07,0
1507298,92039.6082,1995-02-19,0
1163299,92021.0506,1995-01-30,0
2195105,92000.455,1995-02-01,0
4505540,91995.2688,1994-12-27,0
4227041,91974.1172,1995-02-05,0
1722209,91973.287,1994-12-16,0
3390754,91962.1378,1995-02-20,0
2079398,91934.6868,1994-12-11,0
5756452,91930.9908,1994-11-20,0
2282818,91919.7911,1995-01-19,0
1350599,91905.7317,1995-02-14,0
2427527,91890.6725,1995-01-08,0
2042918,91844.5638,1995-02-22,0
5763201,91819.9344,1994-12-19,0
157219,91819.9008,1994-12-22,0
2682917,91817.6294,1995-01-23,0
2701223,91722.0102,1995-01-22,0
78660,91719.9864,1995-01-03,0
4093735,91707.45,1995-01-05,0
2911203,91696.53,1994-11-22,0
3936325,91695.4484,1995-02-07,0
5509443,91682.9834,1995-02-24,0
1147046,91678.7415,1995-02-15,0
3011047,91671.3981,1995-02-05,0
553152,91668.9664,1995-02-15,0
5036519,91652.759,1995-02-06,0
447239,91636.5017,1995-02-28,0
3019622,91636.0682,1995-02-06,0
4437286,91609.9476,1994-12-12,0
4327430,91599.7203,1995-02-22,0
3265443,91585.8675,1994-11-28,0
4207232,91570.7121,1995-02-15,0
3034721,91530.26,1994-12-07,0
3600453,91508.748,1994-12-13,0
4155175,91494.0,1994-12-31,0
490048,91480.5948,1994-12-06,0
4902181,91457.7406,1995-01-21,0
3032099,91438.3458,1995-03-01,0
5931746,91427.121,1994-11-29,0
772902,91424.6362,1994-12-12,0
5209858,91414.103,1994-12-15,0
1723367,91411.776,1994-12-29,0
2339588,91404.552,1995-01-25,0
4712133,91383.36,1994-12-24,0
1657793,91360.044,1994-12-11,0
4972803,91343.1586,1994-11-15,0
2049346,91341.5808,1994-12-01,0
107234,91333.8972,1995-02-16,0
156066,91308.556,1995-01-24,0
288294,91306.6878,1995-01-07,0
2117061,91306.6749,1995-01-09,0
1115074,91288.0002,1995-01-28,0
3944294,91261.1466,1995-01-19,0
613636,91259.1994,1994-12-01,0
2893344,91210.5669,1994-12-07,0
3851394,91196.045,1995-02-04,0
4567044,91155.116,1995-01-08,0
5602593,91139.8272,1994-12-13,0
5559299,91134.1794,1994-12-21,0
4672514,91113.5407,1995-01-24,0
4987587,91101.3378,1994-12-23,0
5642662,91083.6888,1995-01-27,0
2716705,91056.09,1995-01-02,0
2020932,91054.3536,1995-02-01,0
258561,91036.0922,1995-02-10,0
2296967,91028.6528,1995-01-08,0
5442791,91027.658,1995-02-14,0
1418144,91023.4752,1994-12-08,0
1013223,91014.016,1994-11-29,0
5036903,91012.6708,1995-01-21,0
4544194,90983.0658,1994-12-21,0
5393253,90981.6256,1995-01-28,0
4179811,90922.059,1994-12-12,0
3416160,90914.6307,1995-02-26,0
879875,90881.5125,1994-12-31,0
4436901,90861.2186,1995-02-04,0
2163298,90844.1483,1995-02-06,0
3783108,90835.2992,1995-01-01,0
5522979,90814.9449,1994-12-23,0
3313223,90801.698,1995-02-15,0
3319970,90778.9898,1995-01-06,0
4655527,90746.0388,1995-01-17,0
4611745,90743.1,1994-12-17,0
5663907,90715.398,1995-02-12,0
5261381,90714.3202,1995-02-09,0
3836229,90714.2537,1995-01-19,0
3088999,90689.931,1994-12-28,0
2983173,90686.118,1995-02-23,0
5338212,90653.626,1994-12-17,0
2308868,90615.295,1994-12-15,0
1084321,90614.5398,1994-12-28,0
1209093,90598.351,1994-12-21,0
3136710,90597.1584,1995-01-10,0
5766305,90572.422,1995-02-20,0
5788257,90532.1364,1995-02-09,0
1798853,90515.544,1994-11-26,0
742435,90493.5056,1995-01-13,0
1940704,90493.0068,1994-12-10,0
1764352,90472.3868,1994-12-04,0
4233475,90457.8699,1995-02-02,0
1354310,90439.2706,1994-12-23,0
2876387,90431.9817,1995-02-18,0
4882275,90373.113,1995-01-17,0
5597317,90368.4196,1994-11-29,0
1688102,90368.103,1995-01-04,0
5557123,90298.67,1994-12-31,0
3166724,90294.335,1995-02-25,0
478247,90292.9832,1994-12-17,0
677187,90276.9468,1995-02-28,0
4568006,90220.9395,1995-02-06,0
910661,90198.3119,1995-02-20,0
1961252,90176.2566,1995-01-19,0
5629793,90103.7,1994-12-15,0
4568320,90079.3246,1995-01-26,0
4451938,90058.7847,1994-11-30,0
4444356,90054.5946,1995-01-06,0
4319111,90050.975,1995-03-03,0
2841539,90029.1336,1995-02-21,0
817856,90013.9986,1995-01-22,0
646593,90006.5134,1994-12-08,0
547749,89977.2622,1995-01-20,0
5101312,89973.24,1994-12-28,0
2200064,89969.705,1995-02-20,0
819845,89886.7628,1995-02-19,0
4714720,89877.1862,1995-02-02,0
2652035,89863.6614,1995-02-11,0
2360869,89856.7488,1994-11-28,0
5503136,89834.62,1995-01-31,0
127301,89822.5634,1995-01-15,0
3835138,89821.3956,1995-02-23,0
2200384,89808.7788,1995-01-21,0
2934945,89785.379,1995-02-01,0
5998752,89774.1,1995-01-09,0
4485,89755.9084,1994-11-13,0
4854945,89755.2522,1994-11-20,0
1818695,89731.1568,1995-03-02,0
317120,89724.5154,1995-02-13,0
475621,89708.7902,1995-01-28,0
3790435,89708.6832,1995-01-13,0
5616614,89688.5366,1995-02-23,0
4314754,89671.1521,1995-01-14,0
5206178,89645.2557,1995-02-06,0
3430978,89640.1541,1994-12-08,0
4699392,89637.057,1995-03-01,0
2055906,89625.9856,1995-01-15,0
5193447,89589.7723,1994-11-18,0
942115,89580.1154,1994-12-27,0
941571,89552.5062,1995-02-02,0
1569222,89495.1491,1995-02-06,0
5356994,89485.5487,1994-12-24,0
5226054,89482.8852,1995-02-12,0
4487559,89463.365,1994-12-12,0
989060,89461.8194,1994-12-30,0
2303942,89459.1261,1995-01-01,0
1686179,89458.575,1994-12-20,0
3259331,89438.0,1994-11-10,0
5531937,89360.3028,1995-01-04,0
4699301,89347.6584,1994-11-21,0
5919015,89344.8732,1995-02-18,0
5699425,89325.8036,1995-01-31,0
1823782,89325.4692,1994-11-27,0
4221760,89324.9996,1995-02-14,0
782981,89299.377,1995-03-01,0
3243873,89298.1735,1995-02-07,0
2516038,89273.7355,1995-01-14,0
1934530,89269.4712,1994-12-08,0
1150305,89254.451,1994-12-05,0
996166,89242.4359,1995-01-23,0
5205445,89238.6708,1995-02-27,0
3975143,89219.69,1994-12-12,0
5296772,89211.519,1995-01-25,0
1380934,89209.4352,1995-02-11,0
4773251,89179.5912,1995-02-10,0
3141350,89165.5191,1995-02-21,0
4350083,89142.24,1994-11-26,0
3283972,89128.0932,1995-01-17,0
5052130,89107.6753,1995-01-03,0
1191782,89087.796,1995-02-13,0
5245860,89058.6647,1995-02-03,0
3916032,89052.6351,1995-01-19,0
2564576,89047.8864,1995-01-23,0
1920419,88987.9518,1995-01-09,0
2151143,88986.596,1995-02-27,0
4329223,88961.85,1994-12-22,0
4648452,88942.8656,1995-01-07,0
4911141,88921.4304,1995-01-17,0
3642883,88914.237,1995-02-18,0
3482689,88899.0988,1994-12-18,0
1217732,88881.569,1995-01-06,0
4083490,88859.4414,1995-02-24,0
5047778,88842.7485,1995-03-02,0
2396134,88825.4526,1995-01-31,0
504420,88815.8992,1995-02-17,0
2343299,88814.1105,1994-12-13,0
3544997,88758.0366,1995-02-23,0
2474593,88757.034,1995-02-09,0
4550594,88757.0169,1995-01-11,0
2628903,88722.725,1994-12-15,0
5759111,88712.3361,1995-01-30,0
1640770,88707.1567,1995-01-12,0
265735,88698.285,1995-02-03,0
5448579,88686.873,1995-01-14,0
4894691,88644.0434,1995-02-10,0
516455,88600.3016,1994-12-14,0
2484707,88587.8994,1994-12-30,0
1705383,88579.5295,1994-12-20,0
3798567,88570.6934,1995-03-02,0
2628038,88541.2196,1995-01-04,0
4190917,88524.0072,1995-01-13,0
106790,88518.3678,1994-12-27,0
4975905,88506.054,1994-11-14,0
166789,88496.18,1994-11-24,0
5471714,88486.1796,1994-11-20,0
3619108,88471.9983,1995-02-23,0
2701376,88459.1616,1995-01-19,0
1181888,88430.463,1994-12-18,0
1894627,88373.1882,1994-11-27,0
1475492,88372.698,1994-12-13,0
495556,88366.5666,1995-02-08,0
5402691,88351.8367,1995-01-14,0
4022343,88344.69,1994-12-30,0
3729249,88333.3061,1995-02-18,0
1437216,88316.7008,1995-01-16,0
3722469,88309.4301,1994-12-28,0
4528448,88307.2026,1995-01-24,0
1271749,88296.447,1994-12-18,0
422821,88291.2576,1995-02-04,0
5582657,88257.07,1995-02-01,0
1504103,88234.0376,1994-12-02,0
1942240,88221.7028,1995-02-15,0
3626503,88218.5667,1994-12-09,0
595648,88198.1328,1995-02-28,0
4693958,88181.4163,1995-01-16,0
5757670,88160.7606,1995-01-06,0
1847971,88156.2,1994-11-30,0
2497282,88141.2633,1995-02-03,0
667078,88127.4123,1995-01-01,0
1872257,88095.7437,1994-12-29,0
3319204,88006.4493,1995-02-05,0
1434691,87992.5327,1994-12-06,0
2687297,87991.974,1995-02-18,0
5413863,87989.022,1995-02-06,0
5786944,87986.7328,1994-12-16,0
3200071,87982.3294,1995-03-02,0
2604896,87975.19,1995-02-13,0
1149250,87971.8364,1994-12-20,0
4329056,87971.6243,1995-02-27,0
4535234,87965.5422,1995-02-10,0
4942118,87933.1228,1994-12-27,0
3576103,87918.4764,1994-12-01,0
2989063,87898.0123,1995-01-21,0
1682150,87891.0648,1995-01-27,0
4127142,87883.7842,1994-12-10,0
3537922,87882.3375,1995-02-11,0
351680,87869.339,1995-02-26,0
3619618,87862.0638,1995-02-10,0
2230597,87861.3408,1995-02-14,0
2449828,87844.8398,1995-01-27,0
2095875,87834.1548,1995-01-20,0
1676641,87828.3724,1994-12-26,0
4213955,87775.7148,1995-01-17,0
2025504,87770.3125,1994-12-31,0
3503808,87753.7752,1994-12-07,0
3489221,87745.776,1995-01-31,0
3292768,87740.724,1995-01-03,0
4842116,87696.77,1995-02-08,0
3827973,87690.89,1994-11-16,0
5705127,87686.2338,1994-12-16,0
4176519,87662.88,1994-12-18,0
2208485,87654.6348,1994-12-26,0
4827204,87620.3287,1995-01-19,0
473735,87614.2165,1995-02-19,0
4898755,87600.8788,1995-01-17,0
4247335,87561.4248,1994-12-25,0
77698,87557.5233,1995-01-31,0
1385318,87553.1712,1994-12-28,0
2520838,87551.2384,1995-01-13,0
4503428,87537.54,1995-01-19,0
3603203,87536.7567,1995-01-04,0
96902,87528.6607,1995-01-25,0
4455460,87524.0631,1994-12-13,0
1501702,87517.5794,1995-02-02,0
3424100,87499.68,1994-12-18,0
1255236,87492.234,1995-01-03,0
2933156,87443.2736,1994-12-07,0
4464358,87428.5577,1995-02-25,0
2907043,87427.2784,1995-01-15,0
2726434,87397.4288,1995-02-06,0
3137344,87385.4784,1995-02-11,0
854882,87380.3983,1995-01-13,0
4818438,87378.7518,1995-01-18,0
2486181,87376.3408,1995-01-12,0
891202,87364.1384,1995-01-14,0
2915559,87355.2302,1995-01-17,0
4521186,87345.4298,1994-12-05,0
2111495,87309.2352,1995-02-16,0
2496800,87295.851,1994-11-27,0
64711,87268.9728,1995-01-26,0
5985345,87268.545,1994-12-04,0
46341,87256.5246,1994-12-18,0
3936482,87250.48,1994-11-26,0
3276960,87223.22,1995-02-19,0
5457443,87196.0191,1994-12-16,0
2855621,87163.1882,1994-12-08,0
5623585,87138.849,1995-02-05,0
5355680,87127.4264,1995-01-02,0
4453570,87121.1928,1995-01-08,0
4257889,87106.776,1994-12-06,0
2399843,87087.5301,1995-01-25,0
4166976,87086.4589,1995-02-22,0
4254240,87067.4714,1995-02-18,0
5552135,87029.2692,1995-02-16,0
48192,87028.2788,1994-12-17,0
3028866,86976.195,1994-12-12,0
4060736,86974.3728,1994-12-26,0
639655,86971.2336,1995-01-18,0
1386464,86958.8464,1994-12-19,0
4058182,86944.0176,1994-12-12,0
5198818,86924.6929,1994-12-21,0
2579299,86913.098,1994-12-26,0
5122048,86904.9621,1995-01-05,0
1517447,86887.931,1995-01-15,0
206850,86879.5823,1994-12-12,0
1729472,86858.081,1994-12-27,0
887907,86812.341,1995-02-09,0
3480449,86800.5756,1995-03-03,0
1166149,86786.6024,1994-12-09,0
5859648,86701.3624,1995-02-11,0
670790,86690.083,1994-12-06,0
3006919,86689.8816,1995-02-06,0
4060194,86645.6044,1994-12-31,0
2297794,86633.1645,1994-11-27,0
5859970,86611.5083,1995-01-22,0
1843233,86596.6385,1995-02-01,0
4237312,86579.9094,1995-01-02,0
4166880,86578.8987,1994-12-24,0
1366756,86567.5145,1995-02-27,0
2280448,86555.36,1995-01-26,0
1884711,86552.6333,1995-02-08,0
4176352,86527.4904,1995-01-01,0
3812929,86519.0674,1995-01-26,0
3967617,86517.9874,1995-02-25,0
4955015,86460.8598,1995-03-03,0
5338114,86423.3024,1995-02-11,0
197607,86399.0045,1995-01-14,0
686054,86386.0969,1995-02-27,0
1508515,86372.79,1994-12-01,0
5944899,86323.0905,1994-12-11,0
321955,86321.284,1995-02-15,0
763047,86296.7016,1994-12-21,0
5285639,86291.9739,1995-02-01,0
5250595,86276.6236,1995-02-27,0
4943589,86249.585,1995-01-25,0
3548967,86242.004,1994-12-13,0
1143334,86233.6076,1994-12-21,0
103938,86217.673,1995-02-09,0
677447,86217.1182,1995-01-13,0
3611523,86186.196,1994-12-22,0
5566179,86173.2234,1995-03-01,0
4895360,86118.4072,1994-12-09,0
3279335,86109.5865,1995-02-26,0
5095489,86081.2092,1994-11-12,0
4144965,86071.9464,1995-01-21,0
2914274,86070.9212,1995-01-21,0
1114852,86060.619,1995-02-14,0
5639108,86049.9682,1995-01-30,0
5400902,86042.0754,1995-03-01,0
5635746,86030.3094,1995-02-10,0
5090562,86029.6264,1994-12-27,0
3222882,86002.1995,1994-12-12,0
3905572,85938.1614,1995-01-10,0
3439333,85935.1879,1994-12-19,0
2529221,85927.9438,1994-12-27,0
180258,85912.5225,1995-01-02,0
1717121,85901.2593,1995-03-01,0
1945671,85898.9976,1995-01-19,0
3986471,85894.804,1994-12-06,0
2219267,85884.7236,1995-01-11,0
2607430,85881.5568,1995-01-08,0
3344869,85864.8852,1995-02-02,0
2599010,85863.0633,1994-12-16,0
5924480,85856.7171,1995-01-07,0
3743232,85854.5132,1995-02-25,0
1450055,85841.8764,1995-02-08,0
782881,85826.7501,1995-02-08,0
4409377,85779.7833,1995-01-10,0
4902503,85745.336,1994-12-31,0
2012128,85677.4422,1995-02-11,0
5727776,85619.4759,1994-12-12,0
4567206,85615.8915,1995-01-06,0
742626,85604.0016,1995-02-10,0
3003303,85603.6096,1994-12-26,0
3630913,85594.092,1995-02-03,0
4003814,85592.4432,1995-02-19,0
5136612,85561.7937,1994-12-12,0
2082146,85533.42,1994-12-02,0
2471297,85483.7504,1994-11-18,0
5135523,85478.0112,1994-12-27,0
3393345,85476.4596,1994-11-21,0
5133479,85457.0248,1995-02-24,0
2806273,85435.15,1994-12-24,0
606118,85433.2396,1995-01-11,0
1502855,85380.3216,1995-02-02,0
701574,85374.99,1995-01-20,0
827907,85366.4442,1995-02-27,0
4858112,85351.6327,1994-12-24,0
5976483,85351.5552,1995-01-17,0
3539584,85338.6242,1995-02-13,0
5058787,85329.0405,1994-12-26,0
1800359,85290.2651,1994-12-20,0
4084996,85279.1139,1995-02-01,0
655618,85278.965,1994-12-22,0
552102,85276.0685,1994-12-15,0
3063653,85256.4584,1994-11-23,0
2378950,85252.3313,1995-02-07,0
4839840,85238.028,1995-02-13,0
5067171,85226.6593,1995-02-17,0
751847,85224.0362,1995-02-10,0
2630112,85205.8525,1995-01-18,0
3496482,85205.025,1994-11-20,0
1393476,85199.7664,1994-11-30,0
5109697,85183.8764,1994-12-30,0
1692801,85173.3552,1994-12-12,0
4519270,85162.1075,1995-01-22,0
1426693,85153.0752,1995-01-31,0
1376358,85145.2384,1994-12-25,0
2209312,85140.8662,1995-01-13,0
1090183,85129.9455,1994-12-19,0
4017125,85113.1776,1994-11-19,0
1072194,85109.8305,1994-12-20,0
745219,85104.996,1994-12-20,0
4406085,85096.472,1995-02-18,0
2800165,85093.3328,1995-02-14,0
528836,85086.9818,1995-01-20,0
5414534,85065.0584,1995-01-15,0
4519264,85018.9674,1994-11-08,0
3370432,85014.2224,1995-02-05,0
725766,85013.7192,1995-02-20,0
327270,84988.6005,1995-02-01,0
5748870,84983.0018,1994-12-30,0
3680614,84963.663,1994-12-10,0
2213664,84963.5732,1994-11-25,0
3224743,84947.892,1994-12-01,0
3226657,84940.7944,1994-12-24,0
2324608,84925.8448,1995-02-08,0
4852258,84900.438,1995-02-12,0
5111207,84842.7076,1995-01-24,0
3304230,84805.184,1995-02-04,0
2142272,84789.7484,1995-01-18,0
5064420,84775.481,1995-02-22,0
4164353,84758.2776,1994-12-24,0
5636740,84726.4008,1995-01-11,0
2928612,84715.392,1995-02-18,0
2376515,84710.71,1994-12-05,0
3566882,84692.9388,1995-01-23,0
1984419,84683.313,1995-02-13,0
3787879,84681.0552,1994-12-19,0
3362658,84669.7246,1995-01-28,0
2166212,84630.2108,1995-02-12,0
5406464,84615.633,1994-11-23,0
2029248,84602.0619,1995-02-01,0
4269315,84594.2395,1995-02-19,0
839267,84586.5563,1995-02-17,0
4840065,84567.0048,1995-01-30,0
3450657,84564.3796,1995-01-22,0
1138118,84556.854,1994-11-29,0
509635,84544.2432,1994-12-18,0
1716518,84510.3312,1995-02-14,0
3864100,84407.9782,1994-11-18,0
2029889,84403.865,1995-02-21,0
4696358,84402.0096,1995-02-26,0
4334117,84372.0801,1995-01-18,0
4939937,84367.302,1995-01-17,0
1421156,84364.9821,1995-02-17,0
3895748,84315.6769,1995-02-10,0
4724064,84284.9056,1995-02-09,0
459076,84272.2104,1995-01-16,0
4992035,84270.1944,1995-02-15,0
4184737,84258.5056,1995-02-12,0
5812647,84225.3244,1994-12-11,0
4440099,84168.3661,1995-03-02,0
1477380,84163.4376,1995-01-02,0
3868322,84116.9684,1994-12-31,0
5461089,84087.915,1995-02-24,0
5506211,84077.6523,1995-02-26,0
2976288,84074.9004,1994-12-25,0
1083175,84073.6,1994-12-07,0
2305312,84052.1437,1995-02-10,0
4809408,84044.2563,1995-02-20,0
2039074,84032.64,1994-12-30,0
629858,83995.8708,1995-02-03,0
1276001,83995.6101,1995-01-08,0
2310433,83983.68,1994-12-28,0
2606181,83964.7014,1995-02-04,0
4221795,83962.1572,1995-01-26,0
3064576,83931.272,1995-02-07,0
5099653,83927.4585,1995-01-19,0
1253797,83926.8084,1994-12-14,0
726080,83920.7285,1994-12-11,0
3277255,83920.0752,1994-12-22,0
4179333,83905.7782,1995-02-22,0
2065569,83875.4668,1995-01-31,0
1970529,83833.785,1995-01-01,0
914819,83831.1243,1995-02-12,0
3546820,83799.4458,1995-01-04,0
4284612,83792.6188,1995-02-01,0
5749472,83745.7896,1995-01-11,0
564194,83726.0236,1995-01-09,0
2517895,83725.4523,1995-01-31,0
3818944,83720.6256,1995-02-13,0
1249857,83687.8224,1995-02-24,0
1721541,83682.8688,1995-01-10,0
3880647,83655.1834,1995-01-29,0
2470115,83650.068,1995-02-17,0
4577094,83628.2789,1995-01-09,0
5353990,83611.5306,1995-01-25,0
4742564,83598.5518,1995-02-22,0
1882595,83576.5888,1995-01-23,0
5225732,83564.8792,1994-12-30,0
1369350,83558.3005,1995-02-16,0
2245440,83557.8126,1995-01-22,0
2499299,83524.4046,1994-12-22,0
3764038,83522.1596,1995-02-27,0
5244002,83493.3504,1995-01-15,0
2153569,83492.5392,1995-01-21,0
893440,83488.1945,1995-01-06,0
5930982,83462.4826,1995-02-01,0
1272548,83458.5552,1994-12-24,0
2629319,83450.0091,1994-12-12,0
5968930,83408.6512,1995-02-05,0
4987845,83403.665,1995-02-10,0
2933312,83403.2078,1995-02-19,0
3020416,83364.7116,1995-02-17,0
538817,83360.809,1994-11-17,0
4906560,83357.8149,1995-01-24,0
3220929,83342.7484,1995-02-24,0
4693703,83291.6091,1995-01-12,0
2663299,83260.776,1995-01-16,0
4277187,83240.7149,1995-02-19,0
577893,83225.8458,1995-01-26,0
4529159,83214.215,1994-12-10,0
4409221,83213.8956,1994-12-08,0
860963,83212.1233,1994-12-06,0
3658881,83205.1531,1995-02-02,0
635523,83170.887,1995-02-08,0
2007463,83163.5334,1995-02-07,0
3180708,83145.9352,1995-01-10,0
3585187,83135.2929,1995-01-15,0
2731974,83118.2148,1995-02-01,0
3550209,83109.1635,1995-01-03,0
5610497,83106.8112,1995-01-30,0
2503394,83069.7551,1994-11-22,0
1838307,83056.372,1995-01-05,0
5165220,83044.665,1995-01-11,0
2358850,83034.126,1995-02-07,0
2608387,82972.7126,1995-01-23,0
635271,82965.8885,1995-02-14,0
3274502,82954.6496,1995-01-05,0
763232,82909.5696,1994-11-24,0
2388321,82899.7092,1995-01-16,0
5876162,82898.4479,1995-02-25,0
2595617,82890.248,1995-01-12,0
1872227,82875.9888,1995-02-09,0
513697,82865.277,1994-11-26,0
916197,82846.1108,1994-12-10,0
3797094,82844.8491,1995-02-22,0
153797,82770.1716,1995-02-18,0
3421573,82753.056,1994-12-03,0
959649,82708.992,1994-11-14,0
4383110,82672.1072,1995-01-26,0
740323,82645.118,1995-01-02,0
3942468,82629.5042,1994-12-07,0
954660,82607.72,1994-12-04,0
225351,82605.2892,1995-01-15,0
1785856,82601.26,1994-11-30,0
4459942,82547.8322,1994-12-22,0
351686,82500.0,1994-11-17,0
5296131,82483.143,1995-01-12,0
4771206,82479.3392,1995-02-21,0
1012928,82459.4363,1995-01-24,0
5114823,82453.5606,1995-02-18,0
256705,82440.9516,1995-01-09,0
3657443,82407.321,1994-12-20,0
3595558,82397.76,1995-01-09,0
2870626,82371.294,1995-02-24,0
3015876,82335.2712,1995-01-08,0
3809447,82317.3492,1995-02-11,0
5244836,82285.5168,1994-11-19,0
4231490,82270.7028,1995-01-04,0
994470,82262.1513,1995-01-16,0
2509059,82249.963,1994-12-17,0
2646567,82227.5496,1995-02-01,0
5224641,82218.069,1994-12-30,0
1083845,82213.5374,1995-01-24,0
2958886,82189.3792,1995-01-04,0
2860324,82186.4282,1995-01-09,0
2862112,82184.5496,1995-02-21,0
185923,82173.9735,1995-01-10,0
3136838,82158.4044,1994-12-12,0
112930,82147.8213,1994-12-23,0
3018983,82135.01,1995-01-17,0
4544039,82090.0965,1995-02-24,0
1102052,82089.1692,1994-11-29,0
1668642,82083.6632,1995-02-25,0
997665,82079.5446,1994-12-21,0
4064417,82056.1878,1995-01-19,0
825860,82040.8545,1995-01-02,0
1262339,82028.0893,1995-01-09,0
2769028,82014.013,1994-11-30,0
3444483,82013.6488,1995-01-17,0
1389376,81992.1954,1995-02-15,0
929057,81977.2097,1995-01-14,0
5610887,81964.6986,1994-12-02,0
4970595,81947.424,1995-01-30,0
1152579,81916.24,1995-02-26,0
1834946,81893.708,1995-01-06,0
1814912,81885.1962,1994-12-18,0
864259,81862.2162,1995-01-11,0
1683936,81858.8178,1994-11-30,0
2892676,81858.6736,1995-01-23,0
3258979,81858.2616,1995-02-07,0
3862342,81856.9843,1994-11-24,0
1269091,81851.995,1995-02-26,0
1157728,81844.7772,1994-12-24,0
1283589,81824.064,1994-11-11,0
2329958,81819.7538,1995-01-02,0
5605632,81817.0972,1995-02-25,0
922116,81799.9968,1994-12-29,0
1705606,81742.9203,1995-01-04,0
4611650,81723.639,1995-02-12,0
305314,81722.923,1994-12-17,0
4208165,81707.0064,1994-12-04,0
5886086,81706.5951,1995-02-24,0
5283394,81688.8972,1995-01-19,0
536743,81633.3542,1995-01-05,0
5775814,81626.3896,1995-02-25,0
5652736,81625.7184,1995-03-01,0
2186626,81606.0789,1995-02-27,0
4451971,81597.9326,1995-01-27,0
5444836,81565.44,1995-01-25,0
4288898,81548.647,1995-03-01,0
130721,81522.5142,1995-01-31,0
230565,81507.1038,1995-01-16,0
1876000,81499.584,1995-01-28,0
4926786,81493.8208,1995-02-27,0
4400705,81454.1182,1994-11-19,0
648837,81435.8328,1995-02-01,0
5571939,81431.1078,1994-12-16,0
3674406,81425.8626,1995-02-04,0
762720,81401.848,1995-01-10,0
924385,81302.1391,1995-01-21,0
4314371,81300.084,1994-12-19,0
311939,81268.2,1995-02-20,0
3353698,81250.41,1995-01-13,0
4339779,81213.624,1994-12-30,0
2815623,81205.838,1994-12-12,0
727366,81198.444,1995-02-21,0
4727686,81197.863,1995-01-15,0
5133412,81192.9334,1995-02-26,0
2817125,81169.1274,1995-02-01,0
4482112,81168.7356,1994-12-22,0
4234660,81144.8171,1994-11-30,0
739366,81140.2432,1995-01-12,0
598758,81139.3514,1995-01-22,0
5841698,81139.014,1994-11-12,0
4042720,81138.8078,1995-01-23,0
2825378,81133.26,1995-01-23,0
1730432,81118.6669,1994-12-21,0
1977282,81110.1601,1995-02-05,0
3982083,81076.5172,1994-12-11,0
521733,81072.846,1995-02-12,0
3683907,81050.6123,1995-01-23,0
4183044,81024.4449,1994-12-14,0
5304036,80987.8272,1995-02-18,0
3542212,80977.671,1994-12-17,0
1879175,80944.205,1995-01-11,0
5780992,80920.67,1995-02-13,0
3018727,80897.55,1994-12-18,0
2291718,80886.624,1994-11-12,0
2471943,80876.9688,1995-02-28,0
498788,80874.6148,1994-12-13,0
3193889,80855.11,1995-01-14,0
3524065,80839.9824,1995-01-28,0
1662374,80830.4319,1995-01-23,0
2317985,80830.4,1994-12-28,0
1472418,80811.7065,1994-11-30,0
5210052,80805.2173,1995-02-12,0
618980,80778.7315,1995-02-07,0
1898272,80770.8528,1994-12-01,0
3648835,80768.2485,1995-02-04,0
526913,80767.8432,1995-02-19,0
5534851,80765.7084,1994-12-09,0
5653095,80762.85,1995-01-13,0
5231780,80759.4672,1995-02-26,0
4381699,80757.48,1994-12-29,0
5994017,80757.201,1994-11-30,0
2395395,80689.2091,1994-12-27,0
4793253,80688.6828,1995-02-10,0
911841,80653.2832,1994-12-08,0
5570913,80646.3486,1995-01-15,0
3709568,80644.716,1994-12-12,0
3008480,80624.4704,1995-02-11,0
1984384,80589.132,1994-11-14,0
1584391,80550.5494,1995-01-15,0
2412166,80521.0447,1994-11-20,0
2079809,80515.9085,1994-12-29,0
1058755,80509.6849,1995-01-22,0
179745,80495.8777,1995-02-21,0
1187521,80480.3656,1994-11-26,0
4621632,80475.395,1994-12-24,0
2057283,80475.1224,1995-01-04,0
1338918,80446.9759,1995-02-13,0
2732997,80438.89,1995-02-09,0
5715142,80361.765,1994-11-27,0
1399840,80355.862,1995-02-25,0
3548678,80323.7832,1995-01-14,0
4566020,80323.333,1994-12-27,0
1994018,80280.8874,1995-01-06,0
3354913,80275.3064,1995-01-07,0
402436,80269.5275,1994-11-22,0
3549026,80265.4771,1995-01-19,0
2469921,80256.3294,1995-02-26,0
3365700,80249.8064,1995-02-11,0
263904,80239.293,1994-12-06,0
5508225,80237.7576,1994-12-28,0
5411618,80228.906,1994-12-19,0
4462273,80226.36,1994-12-20,0
4498019,80207.3245,1994-12-20,0
4151234,80195.5536,1995-02-01,0
3138147,80185.7966,1994-12-12,0
4984039,80183.8392,1995-01-01,0
4545888,80168.7705,1995-01-09,0
4995778,80144.8914,1995-03-01,0
1923840,80142.6263,1994-12-01,0
2009984,80142.2492,1995-01-17,0
3733350,80107.946,1994-12-31,0
995366,80105.148,1994-12-16,0
462886,80097.1707,1994-11-27,0
1831904,80096.1018,1995-02-12,0
2710720,80088.75,1994-12-26,0
4614852,80069.508,1995-01-18,0
3162659,80062.0128,1995-02-22,0
944869,80059.8934,1995-02-06,0
3661634,80055.402,1994-11-21,0
3440194,80053.0321,1995-01-13,0
2553382,80010.9136,1995-02-23,0
4540613,79975.746,1995-02-23,0
4407268,79960.6479,1994-12-25,0
5933568,79919.4695,1995-01-06,0
5934533,79883.3462,1995-01-01,0
1289410,79857.0462,1995-01-08,0
1902176,79847.3008,1995-01-26,0
5204067,79840.9332,1995-01-03,0
5913059,79823.25,1994-12-04,0
2506626,79814.615,1994-12-02,0
4974531,79794.0563,1995-01-17,0
3484773,79785.9324,1995-02-26,0
3666949,79753.31,1995-02-08,0
2256864,79745.8235,1994-12-04,0
4185122,79742.1834,1994-12-07,0
1455204,79723.0002,1994-11-25,0
3657509,79715.3523,1995-02-27,0
5914850,79681.497,1995-02-23,0
4963911,79659.1724,1994-12-13,0
4478051,79648.6997,1995-01-19,0
5528740,79621.7704,1995-02-21,0
1558498,79617.906,1995-02-10,0
2279491,79609.4712,1995-02-11,0
5275011,79596.192,1995-01-27,0
1645827,79573.2397,1995-01-02,0
4985091,79569.696,1994-12-28,0
2754690,79516.9084,1995-02-20,0
4360609,79496.8356,1995-01-25,0
1875748,79486.7557,1994-12-17,0
4934881,79481.8176,1994-11-08,0
2180293,79406.8911,1995-01-20,0
5384743,79399.5094,1995-02-07,0
2381601,79355.472,1995-01-25,0
3586497,79321.4237,1994-12-21,0
2500292,79298.755,1995-01-30,0
4873537,79289.3052,1994-12-26,0
1529511,79278.4984,1994-11-29,0
3361414,79276.9073,1995-01-13,0
778789,79270.061,1995-02-12,0
2669313,79269.8725,1994-11-08,0
1839778,79267.62,1995-01-31,0
3703458,79255.2288,1995-01-30,0
4593538,79245.9,1995-02-06,0
898628,79245.8222,1995-01-28,0
4527847,79242.9764,1994-11-15,0
1181476,79232.1184,1995-02-27,0
4012833,79222.1472,1994-12-18,0
3802753,79217.4231,1994-12-19,0
3725445,79209.115,1994-12-19,0
966599,79206.7047,1995-01-31,0
3440771,79198.2,1995-02-24,0
4443139,79197.5208,1995-01-14,0
3881282,79193.6466,1995-02-11,0
813601,79188.5786,1995-02-25,0
1879266,79173.9062,1995-02-21,0
5579685,79171.8144,1994-11-24,0
4228803,79114.25,1995-01-04,0
4583296,79113.4398,1995-02-26,0
4184231,79092.6454,1995-02-21,0
1916292,79083.2826,1995-01-12,0
5250727,79078.4448,1995-01-19,0
3901123,79055.721,1994-12-02,0
1535239,79029.702,1995-02-05,0
322720,79013.3512,1995-01-24,0
1742563,79005.892,1994-11-15,0
4353793,78941.6408,1994-12-24,0
1051879,78929.5364,1995-02-07,0
3841184,78905.5296,1995-01-25,0
2577380,78897.668,1994-12-06,0
2169383,78883.3254,1994-11-06,0
2820864,78880.8448,1994-12-15,0
901186,78836.2,1995-02-27,0
2732896,78825.1435,1995-01-21,0
770306,78823.7325,1995-01-19,0
3767527,78823.5216,1994-12-01,0
5970594,78812.6388,1995-02-13,0
3640674,78801.6,1995-03-03,0
3065254,78783.4198,1994-12-27,0
3554948,78745.152,1994-11-17,0
3971236,78736.5704,1994-12-03,0
5896832,78692.4842,1994-12-13,0
1686146,78674.193,1994-12-06,0
1400609,78666.5905,1995-01-17,0
3746146,78665.4288,1994-12-03,0
1654917,78643.0032,1995-01-08,0
1262214,78623.9808,1994-12-05,0
2867748,78572.088,1994-11-23,0
4713318,78549.1428,1994-12-10,0
3321056,78536.359,1994-12-22,0
4046016,78516.4486,1995-01-15,0
1252064,78510.24,1994-11-22,0
3347395,78452.0076,1995-01-19,0
1094560,78442.5078,1994-12-05,0
912194,78442.0608,1995-02-02,0
4377511,78426.0288,1995-01-31,0
1766403,78419.08,1995-01-03,0
2916230,78414.69,1995-01-03,0
4873472,78411.4255,1995-02-22,0
1273888,78410.4948,1995-02-27,0
906147,78402.1056,1995-02-28,0
857732,78395.9036,1995-02-04,0
1051269,78393.6094,1994-12-14,0
1116096,78390.6459,1995-01-08,0
4554785,78385.056,1995-02-04,0
4439333,78381.38,1994-11-27,0
4437862,78316.532,1995-02-25,0
2956036,78289.8864,1994-12-29,0
2697669,78286.02,1995-01-10,0
1917763,78266.3739,1995-02-08,0
1702981,78255.744,1994-12-22,0
2066533,78243.53,1994-12-02,0
3028291,78221.0832,1995-01-08,0
4401894,78217.9785,1994-12-30,0
2008482,78208.2912,1994-11-19,0
3639012,78174.4194,1994-11-11,0
3051078,78173.9478,1994-12-29,0
2445505,78169.008,1995-01-14,0
4002981,78161.7235,1995-01-21,0
4360004,78156.2348,1995-02-14,0
3479488,78156.216,1994-12-30,0
5554529,78144.4792,1994-12-18,0
362212,78138.6172,1995-02-02,0
66469,78129.3408,1994-11-20,0
2831718,78127.2745,1995-02-10,0
2034246,78116.822,1995-02-05,0
3749252,78112.8315,1995-02-05,0
2751362,78102.5076,1994-11-24,0
5248992,78099.5736,1994-12-31,0
5913731,78089.6952,1995-02-02,0
5614913,78081.4959,1995-01-25,0
4286118,78074.6448,1995-01-25,0
5812866,78024.9402,1994-12-03,0
3957441,78019.5336,1994-11-11,0
517734,78000.8892,1995-01-08,0
5866662,77989.2779,1995-01-24,0
5508803,77976.8822,1995-01-11,0
1486242,77973.3152,1995-02-12,0
5687332,77959.3004,1994-12-31,0
645730,77947.38,1995-02-20,0
2976672,77912.97,1995-02-24,0
3650432,77909.9465,1994-12-12,0
576548,77869.8193,1995-01-19,0
3865218,77865.013,1995-02-22,0
3713536,77857.6779,1994-12-03,0
2063618,77830.6374,1994-12-15,0
3007681,77820.352,1995-02-12,0
5701541,77798.88,1994-12-02,0
3147363,77789.6274,1995-01-17,0
5840582,77775.18,1995-01-28,0
5002948,77773.9287,1995-02-06,0
1027239,77763.228,1994-12-25,0
135874,77756.085,1995-02-10,0
2167681,77740.0677,1995-02-08,0
1166787,77736.591,1994-12-19,0
3133888,77712.1663,1995-02-01,0
4625413,77696.5298,1994-12-31,0
429696,77686.1184,1994-11-26,0
2208194,77681.968,1994-12-17,0
978625,77659.8657,1995-02-04,0
68994,77657.5692,1995-01-15,0
2129735,77652.5103,1994-12-29,0
5923554,77641.2402,1995-03-03,0
1348515,77607.9234,1994-12-13,0
459718,77576.976,1995-02-04,0
2101863,77540.9352,1995-03-03,0
1047203,77537.871,1995-01-04,0
32007,77525.348,1995-02-06,0
1373219,77482.0,1995-02-21,0
1983648,77464.0552,1994-11-20,0
1490752,77453.6184,1995-01-19,0
4458498,77436.814,1995-01-10,0
2165538,77344.7752,1994-12-25,0
2299812,77330.8014,1994-12-22,0
854081,77330.2332,1995-02-10,0
1054599,77308.8696,1995-02-17,0
5963905,77302.2328,1995-01-13,0
1791362,77289.3657,1994-12-26,0
3247078,77280.263,1995-01-24,0
1305508,77262.1328,1994-12-31,0
5262692,77256.48,1995-02-09,0
1746181,77214.595,1995-02-10,0
367297,77199.8332,1995-01-09,0
2040130,77198.6292,1995-02-21,0
4940099,77188.235,1995-02-08,0
2864834,77165.796,1994-12-09,0
5757511,77152.3753,1994-12-11,0
3181601,77150.206,1995-01-17,0
785250,77147.4686,1994-11-23,0
2926336,77124.9996,1995-02-04,0
564741,77066.3633,1995-02-06,0
5008871,77040.939,1994-12-20,0
3764259,77028.5824,1995-01-10,0
3350498,77024.1728,1995-01-31,0
2480327,76952.964,1995-02-11,0
1628576,76951.5074,1995-01-15,0
2223491,76928.304,1994-12-07,0
3431942,76921.7006,1994-12-28,0
5178181,76909.8754,1994-12-03,0
769414,76905.1605,1994-12-07,0
4389061,76896.104,1995-01-25,0
5514304,76891.1528,1995-01-24,0
3908899,76869.7896,1994-11-30,0
5567492,76869.549,1994-12-02,0
3315553,76862.408,1995-01-03,0
1882242,76844.8504,1995-02-17,0
1600226,76808.2304,1994-12-28,0
138502,76806.7514,1995-01-03,0
1424672,76801.644,1995-01-30,0
302662,76796.055,1994-12-27,0
4719815,76779.3509,1994-12-05,0
4884800,76761.8949,1995-01-05,0
78850,76748.562,1995-01-14,0
5023300,76745.8716,1995-01-03,0
2331015,76724.1194,1995-01-10,0
4665030,76717.4478,1994-12-02,0
2538657,76708.1544,1995-02-08,0
4636161,76700.6608,1994-12-15,0
3644070,76699.6128,1994-12-24,0
3660100,76679.005,1995-02-28,0
629440,76678.7125,1994-12-20,0
3878343,76675.2426,1994-12-17,0
1980803,76652.9793,1995-02-06,0
311111,76652.8308,1994-12-08,0
2734018,76637.529,1995-02-04,0
2214916,76635.1168,1994-12-06,0
4905600,76630.9808,1995-01-13,0
4964192,76626.0744,1995-02-25,0
2480770,76622.3142,1994-12-22,0
3137956,76605.1152,1994-12-13,0
5022693,76572.6536,1995-02-23,0
2435364,76570.6033,1995-01-18,0
132418,76568.5452,1995-01-29,0
3714051,76563.324,1995-01-16,0
5130561,76544.5154,1995-02-07,0
1536961,76539.0866,1995-02-12,0
3187782,76528.733,1995-02-10,0
2875654,76526.7972,1995-01-23,0
5958691,76526.2278,1994-12-27,0
3671873,76518.4112,1994-12-18,0
5093504,76518.1548,1995-03-02,0
1302692,76508.6467,1995-01-23,0
1319808,76503.3273,1994-11-30,0
2496966,76497.5289,1995-02-16,0
608897,76474.512,1994-12-09,0
2415654,76466.4579,1994-12-23,0
3186147,76428.1245,1994-12-03,0
986817,76418.604,1995-01-03,0
701733,76400.312,1995-02-24,0
2134177,76395.3102,1995-01-18,0
1060134,76374.806,1995-02-07,0
2208195,76363.0128,1995-02-10,0
4361380,76352.16,1995-02-08,0
3868964,76345.209,1995-01-12,0
4472704,76330.1052,1995-02-16,0
4877605,76320.9546,1995-01-26,0
5629766,76305.204,1994-12-24,0
4853475,76299.4381,1995-01-20,0
3519875,76296.3993,1995-01-11,0
300870,76275.1628,1994-12-26,0
4416769,76265.7471,1994-12-22,0
1901122,76262.2,1994-12-14,0
3888262,76252.6032,1995-01-31,0
1786436,76241.687,1995-01-03,0
14434,76233.2422,1995-02-16,0
1478659,76224.4,1995-01-08,0
3989153,76223.1975,1995-01-28,0
4345253,76199.8392,1994-12-29,0
3298498,76188.0518,1995-02-19,0
4557413,76181.165,1995-02-18,0
1670499,76146.9888,1995-01-29,0
2069670,76141.8538,1994-12-19,0
2763301,76139.849,1995-01-07,0
2020736,76127.8504,1995-02-04,0
364807,76110.4938,1995-01-14,0
4244354,76104.7056,1994-12-19,0
678530,76093.047,1995-01-15,0
2890947,76084.224,1995-02-04,0
1060736,76083.3306,1994-11-16,0
684640,76062.8,1994-12-04,0
3234374,76044.6406,1995-02-20,0
5604290,76032.9216,1994-11-22,0
1115972,76031.077,1994-12-10,0
4969794,76022.7427,1994-12-17,0
1451747,76019.7928,1994-12-25,0
5295942,75994.1541,1995-01-16,0
5409093,75968.8234,1995-02-01,0
2699010,75943.428,1994-12-06,0
3865863,75926.2743,1995-02-26,0
4451685,75924.9312,1994-12-29,0
1525123,75917.3266,1994-12-04,0
2375074,75901.8624,1995-01-05,0
5997317,75878.001,1994-12-06,0
5665476,75877.4092,1995-02-21,0
5647395,75873.6604,1994-12-19,0
10562,75872.3254,1994-11-12,0
372481,75853.4535,1994-12-27,0
4716967,75844.083,1995-02-04,0
2103238,75841.68,1995-02-17,0
4067489,75835.863,1994-11-28,0
5886499,75798.0048,1995-01-27,0
1360323,75791.0799,1995-01-28,0
3627905,75716.3092,1994-12-05,0
3513633,75704.2627,1994-12-18,0
1640100,75696.4745,1994-12-24,0
3968900,75685.7122,1995-01-10,0
3488325,75673.332,1995-01-13,0
443078,75668.5717,1995-02-25,0
788323,75647.6805,1995-01-30,0
763584,75639.2322,1995-02-23,0
4056450,75608.4864,1994-12-09,0
3755622,75588.2522,1995-01-07,0
1215494,75573.6104,1995-01-21,0
2717217,75558.9678,1995-01-26,0
654052,75557.52,1994-11-20,0
4354118,75555.0406,1995-02-21,0
1034887,75508.5496,1995-01-04,0
3824711,75491.2668,1995-02-27,0
640775,75443.7024,1994-12-23,0
3388741,75369.294,1994-12-18,0
4648900,75368.5402,1995-02-18,0
5276192,75360.6256,1995-01-01,0
1339393,75336.0648,1994-11-30,0
2907809,75325.694,1995-01-30,0
787172,75309.0762,1994-12-26,0
3151878,75283.6706,1994-11-22,0
1986215,75280.2353,1994-11-14,0
4914149,75271.08,1995-01-13,0
1296997,75226.4014,1995-01-18,0
2452993,75186.4428,1995-01-20,0
4780291,75164.57,1995-01-13,0
5253060,75147.9888,1995-01-28,0
4164388,75147.5537,1995-02-04,0
5344833,75119.4898,1995-01-09,0
2271043,75115.6794,1995-02-09,0
270309,75089.304,1994-12-24,0
4015844,75061.57,1994-12-03,0
187591,75046.93,1994-12-15,0
1201445,75039.4772,1995-01-05,0
2407301,74976.473,1995-01-29,0
4064193,74971.6441,1995-01-08,0
1532836,74961.2326,1995-01-02,0
1728295,74895.504,1995-01-17,0
1152899,74880.45,1994-12-25,0
177536,74862.3954,1994-11-14,0
662918,74824.5123,1995-01-10,0
3834660,74799.2127,1994-12-12,0
2243524,74785.5732,1995-01-15,0
556101,74781.402,1994-12-05,0
4537184,74774.275,1994-11-21,0
1006789,74754.6556,1995-01-31,0
4293510,74624.78,1995-02-03,0
2413988,74600.9016,1994-12-31,0
3167495,74560.3968,1995-01-05,0
4062627,74529.8532,1995-01-20,0
2024039,74525.7408,1995-01-05,0
5374439,74521.767,1994-12-07,0
4971301,74484.1761,1995-02-27,0
5244256,74477.9676,1994-12-21,0
2080546,74465.445,1994-11-23,0
1050631,74444.9877,1995-02-17,0
2515494,74380.08,1995-02-02,0
5487681,74378.304,1995-01-07,0
4829987,74362.662,1994-11-23,0
1287750,74355.0274,1994-12-15,0
4518851,74340.2562,1994-12-22,0
2408387,74336.8262,1994-12-12,0
5482407,74322.4559,1994-12-11,0
5320230,74307.3534,1995-02-11,0
5612068,74302.9672,1995-01-22,0
1315267,74301.5874,1994-12-20,0
749029,74265.0465,1995-02-15,0
5659207,74264.448,1994-12-09,0
5619779,74241.4272,1995-01-30,0
5874144,74233.9068,1994-11-24,0
2670343,74227.808,1995-01-11,0
2214533,74210.37,1994-11-16,0
171590,74204.0277,1995-03-02,0
5415397,74196.4252,1994-11-29,0
942048,74191.4605,1994-12-31,0
4127810,74188.7428,1994-12-16,0
4657090,74182.3936,1995-01-30,0
4194629,74176.0704,1995-01-07,0
2241957,74153.884,1994-11-22,0
2188805,74144.5361,1994-12-11,0
1228801,74125.276,1995-01-30,0
2336230,74104.1433,1995-02-18,0
4111015,74052.918,1994-12-17,0
5326528,74038.7032,1994-11-22,0
3090662,74036.4,1995-02-06,0
186979,74028.46,1994-12-21,0
4808327,74026.6912,1994-11-05,0
1944231,74018.2732,1995-01-17,0
5840805,74016.5946,1995-02-13,0
584133,74014.4481,1995-01-16,0
3645153,74010.947,1995-01-02,0
2189351,73998.6448,1995-01-07,0
3451844,73968.1656,1995-01-27,0
3153120,73942.47,1994-11-15,0
997313,73928.848,1995-01-29,0
3140519,73926.5283,1995-02-05,0
431584,73911.104,1994-12-19,0
4353124,73906.628,1994-12-18,0
1049317,73853.0052,1995-01-04,0
4006179,73834.1268,1995-01-04,0
5901125,73824.86,1994-11-11,0
3662049,73820.7975,1995-01-21,0
3687463,73771.7916,1995-02-14,0
304545,73768.99,1995-01-24,0
5395269,73736.6778,1995-01-07,0
3177569,73733.8128,1994-12-05,0
3132517,73726.08,1995-01-23,0
5155943,73712.4336,1995-01-01,0
532838,73687.455,1994-12-11,0
4080513,73663.332,1994-12-12,0
1858753,73660.5336,1994-12-26,0
5378402,73655.8532,1995-02-25,0
4080865,73637.3737,1995-01-24,0
3118339,73634.3764,1995-02-24,0
1597350,73604.1,1994-12-16,0
3537638,73602.4131,1995-02-25,0
589728,73593.9738,1995-02-08,0
2614695,73585.6739,1994-12-12,0
3452835,73582.5552,1994-12-25,0
3113152,73563.8852,1994-11-17,0
764384,73549.449,1994-12-04,0
521351,73545.1104,1995-02-18,0
3588739,73539.774,1994-11-19,0
5060453,73535.2418,1995-02-08,0
4476737,73527.9291,1995-02-03,0
5128420,73487.1368,1994-12-04,0
5716161,73472.9344,1995-01-11,0
651397,73465.64,1995-02-15,0
5757763,73460.295,1994-12-13,0
992807,73436.3569,1994-12-11,0
4725575,73420.5716,1995-01-17,0
3390535,73419.8052,1995-01-27,0
5483810,73415.9679,1994-11-26,0
4305667,73398.6312,1995-01-31,0
4863654,73385.5298,1995-01-02,0
1747012,73360.3192,1995-02-22,0
5401825,73341.2248,1994-11-25,0
1731779,73328.922,1995-01-01,0
5767077,73322.8325,1994-12-18,0
629153,73318.691,1994-12-20,0
5910756,73315.5084,1995-01-15,0
4959491,73291.5136,1994-12-21,0
1208327,73282.3492,1995-02-27,0
1926500,73282.1654,1994-12-02,0
4272578,73259.3534,1994-12-30,0
3469346,73242.441,1995-01-04,0
709475,73235.7356,1994-12-14,0
4385985,73232.251,1994-12-18,0
2559075,73229.688,1994-12-30,0
1848007,73211.978,1995-02-21,0
2963969,73209.9072,1995-02-09,0
3228128,73194.4157,1995-02-20,0
5907239,73183.8324,1994-11-27,0
4917155,73170.02,1994-12-12,0
1736451,73159.233,1995-01-29,0
3963686,73141.3172,1995-02-25,0
3097859,73123.2634,1994-12-15,0
4913283,73113.5724,1995-02-08,0
5386149,73087.3446,1995-03-03,0
5417540,73063.8494,1995-02-08,0
1365700,73062.3224,1995-02-21,0
2680960,73030.6632,1995-01-22,0
4871841,73016.5656,1994-12-02,0
1995457,73016.37,1995-01-03,0
3866466,73000.4418,1994-12-11,0
4555456,72996.2524,1995-01-03,0
1895392,72985.7524,1995-02-19,0
5884961,72984.0048,1994-11-27,0
4243424,72964.7078,1995-02-05,0
5807361,72952.803,1994-12-25,0
5348581,72938.0763,1995-01-30,0
2740449,72916.5422,1995-02-07,0
337734,72899.9216,1994-12-28,0
2917702,72884.511,1994-12-20,0
2281127,72867.762,1994-11-17,0
3901733,72863.053,1995-02-06,0
5321511,72862.2108,1995-01-30,0
198279,72857.2296,1994-12-26,0
73735,72832.0005,1994-12-17,0
985415,72805.2846,1995-01-16,0
5587556,72784.4075,1994-11-21,0
5160998,72779.2244,1995-02-22,0
5606819,72774.1918,1995-02-22,0
2606278,72767.0554,1995-01-20,0
317382,72766.2936,1995-01-23,0
1818852,72758.3616,1995-02-24,0
2382721,72738.2872,1994-12-26,0
2502916,72734.9184,1995-01-09,0
4856385,72726.4086,1995-02-16,0
3254848,72714.546,1995-02-28,0
2001187,72710.6688,1994-12-05,0
787972,72706.4896,1994-12-23,0
718624,72675.4636,1995-01-04,0
5754340,72650.6354,1995-01-08,0
4962720,72629.8896,1994-11-30,0
2469153,72614.5154,1995-02-26,0
4105122,72602.88,1994-11-25,0
1897792,72585.5177,1995-02-26,0
4687456,72568.5374,1994-12-19,0
3347456,72560.5881,1994-11-10,0
5282147,72543.6712,1994-12-25,0
3849985,72543.2265,1995-02-09,0
3061062,72531.87,1995-02-19,0
1959137,72525.348,1995-01-18,0
949280,72522.864,1994-12-11,0
5168643,72509.6334,1995-01-20,0
2753537,72499.4644,1995-01-28,0
3668263,72482.8286,1995-01-10,0
4469728,72467.856,1994-12-06,0
3853923,72452.2836,1994-12-31,0
1635521,72428.16,1994-12-14,0
4498691,72410.2676,1994-12-23,0
4685031,72395.9424,1994-11-10,0
4672897,72379.0245,1995-01-05,0
5070178,72365.1668,1994-11-26,0
1950211,72360.2408,1995-02-14,0
5825312,72332.0892,1994-12-20,0
5206150,72327.7478,1995-02-26,0
4027843,72309.4,1995-01-01,0
1218721,72304.32,1995-02-20,0
3863393,72293.6548,1995-02-12,0
1948321,72287.7228,1995-02-27,0
3911393,72259.4168,1994-11-25,0
3833223,72256.932,1994-12-26,0
1335207,72170.9205,1995-02-24,0
1548326,72141.96,1994-12-08,0
4074688,72140.64,1995-02-03,0
3906183,72132.0978,1995-03-02,0
959876,72096.8924,1995-02-11,0
1697223,72080.0424,1995-01-17,0
1688833,72079.2816,1994-12-18,0
2353826,72074.2325,1995-02-23,0
1554276,72062.9476,1995-02-03,0
2556640,72024.9796,1995-01-22,0
5571813,72023.7504,1994-11-14,0
5700135,72016.4996,1995-02-04,0
622179,71976.9085,1995-03-02,0
1539494,71964.628,1994-11-20,0
2500515,71896.8885,1995-01-12,0
1167107,71892.1248,1995-01-05,0
2126146,71860.464,1995-01-01,0
2076864,71847.0203,1995-01-12,0
1181124,71834.9,1995-01-06,0
3344357,71821.4673,1994-12-31,0
4643237,71818.65,1994-12-31,0
2314532,71812.02,1994-12-30,0
89639,71793.8536,1994-12-19,0
4318375,71776.2944,1994-12-07,0
3566209,71754.5316,1994-12-04,0
1649636,71744.236,1995-01-22,0
1905092,71729.532,1994-12-12,0
1445122,71685.214,1995-02-10,0
2001956,71677.1934,1994-12-06,0
2247591,71672.1318,1994-11-26,0
944551,71670.8034,1995-01-09,0
5237733,71670.6126,1995-02-03,0
2081927,71662.51,1994-11-09,0
3081862,71632.044,1994-12-18,0
5098627,71624.3878,1995-02-09,0
5559649,71615.328,1995-02-06,0
4974757,71577.7485,1995-02-24,0
4912739,71561.9102,1995-01-28,0
1680038,71556.1696,1994-12-21,0
4398881,71549.5564,1995-02-19,0
3297218,71520.6629,1995-01-30,0
3668384,71514.9867,1995-01-06,0
3959106,71499.4728,1994-12-10,0
1496963,71497.7494,1994-11-28,0
2581126,71488.1337,1994-12-13,0
5536325,71484.9801,1995-01-15,0
928517,71478.5884,1995-02-22,0
2607586,71473.582,1995-01-15,0
4540869,71464.0223,1995-01-29,0
96005,71437.269,1994-11-24,0
4407843,71400.2996,1995-02-24,0
481665,71394.4,1994-11-14,0
1199301,71380.4652,1994-12-25,0
4200998,71373.9843,1995-01-14,0
2175815,71333.0712,1995-02-21,0
3419589,71326.3398,1995-02-15,0
1549734,71325.3814,1994-11-08,0
1140608,71323.416,1995-01-01,0
5041891,71320.4016,1994-12-09,0
3140325,71309.0796,1994-11-19,0
1801089,71302.6088,1995-02-17,0
1938182,71301.9152,1994-12-06,0
1511556,71276.7296,1994-11-24,0
5256263,71276.7158,1994-12-17,0
519494,71275.0041,1995-02-12,0
2289185,71191.4938,1994-12-21,0
5869605,71171.2386,1994-12-06,0
1743623,71169.3216,1994-11-29,0
5951361,71138.2686,1994-11-18,0
5386375,71132.729,1995-02-11,0
5853633,71126.0656,1995-01-29,0
5998403,71122.215,1994-12-01,0
4737542,71112.6164,1995-01-01,0
5503107,71100.0592,1995-01-14,0
3748996,71099.1376,1994-12-27,0
5618983,71091.4227,1994-11-20,0
3150242,71079.5502,1994-12-25,0
1820961,71078.3866,1994-12-13,0
3193700,71071.5894,1994-12-18,0
5340546,71040.408,1995-01-29,0
243713,71023.54,1995-02-10,0
2173986,71015.3378,1995-02-21,0
2337188,71011.9696,1995-02-01,0
3582853,70996.4306,1995-01-23,0
4806788,70982.0578,1995-01-22,0
1222914,70980.3976,1995-01-02,0
1655878,70962.894,1994-12-03,0
4223395,70960.934,1994-12-24,0
5163974,70955.7632,1995-03-02,0
5607075,70921.4128,1995-02-01,0
4378853,70916.391,1995-02-16,0
1655461,70914.5339,1994-12-26,0
3617573,70912.917,1994-11-17,0
4305280,70909.8192,1994-11-17,0
3382082,70898.0818,1995-01-12,0
4103207,70881.269,1995-01-01,0
5856163,70859.964,1995-03-02,0
2460128,70851.324,1995-02-14,0
1121763,70840.3125,1995-02-05,0
654656,70839.5696,1995-02-19,0
1818087,70815.2918,1994-11-30,0
5222886,70814.122,1995-01-28,0
2347716,70809.3705,1995-02-08,0
4594113,70798.8655,1995-02-26,0
2678341,70773.138,1995-01-26,0
1310213,70754.328,1994-11-14,0
4407302,70749.194,1995-01-29,0
3506720,70746.7948,1994-12-10,0
5735013,70741.2648,1995-02-08,0
4114977,70692.1683,1995-02-25,0
2359169,70656.8681,1994-12-06,0
4312133,70639.7316,1994-12-18,0
1410274,70622.806,1995-01-08,0
1755619,70619.6516,1995-01-01,0
4140324,70611.4476,1995-03-01,0
4500646,70611.156,1994-11-20,0
3738659,70580.2654,1995-01-26,0
4999751,70547.3868,1995-02-05,0
3608323,70541.64,1994-12-02,0
1851651,70519.5309,1994-11-21,0
3339616,70483.0248,1995-01-12,0
645766,70470.076,1995-01-12,0
4103875,70454.65,1995-01-28,0
5837444,70449.9657,1994-12-06,0
4087748,70444.062,1995-02-18,0
4612998,70411.5265,1994-12-25,0
2118598,70390.4952,1995-02-13,0
5984134,70354.2448,1995-02-23,0
1568965,70344.3087,1995-01-16,0
3325861,70339.957,1995-01-11,0
1989287,70338.455,1995-01-22,0
1396871,70326.342,1995-01-30,0
4260771,70323.1148,1994-12-07,0
4048962,70318.6845,1995-01-28,0
4755328,70316.694,1995-02-20,0
758887,70308.9387,1995-01-08,0
3911937,70307.82,1994-11-21,0
5137380,70299.1575,1994-12-08,0
3175365,70295.82,1995-01-29,0
5769985,70290.5996,1994-11-27,0
2940839,70288.9231,1995-01-30,0
4244326,70285.0296,1994-12-19,0
2915718,70233.81,1995-01-18,0
2531585,70225.6104,1995-02-24,0
873670,70182.9144,1994-12-23,0
3184771,70181.424,1995-02-20,0
3669856,70174.554,1995-02-03,0
2784805,70147.1486,1995-02-13,0
3647744,70133.5125,1995-02-26,0
5202373,70126.8435,1995-01-05,0
5984993,70123.1764,1995-01-30,0
1795680,70117.749,1994-12-26,0
4446917,70105.714,1994-12-11,0
2344514,70095.48,1994-12-22,0
5107617,70062.3168,1994-11-18,0
2517829,70040.0706,1994-12-21,0
1533253,70025.1244,1994-12-07,0
2244001,70016.2525,1995-01-02,0
1560352,70012.944,1995-01-26,0
4376838,69996.6588,1995-01-13,0
3575715,69993.5724,1995-01-04,0
5216578,69992.8888,1994-12-21,0
4057795,69990.4278,1994-12-18,0
2273249,69954.3936,1995-02-08,0
1814690,69950.8921,1995-01-02,0
5478500,69945.954,1994-11-27,0
3466720,69939.4696,1995-01-31,0
3596771,69921.7596,1995-01-02,0
1954179,69907.7457,1995-01-03,0
4869700,69882.5799,1995-01-06,0
1674337,69868.9173,1995-01-13,0
5795911,69868.0039,1995-01-29,0
2017248,69857.2008,1994-11-11,0
1074374,69851.9108,1994-12-09,0
2003491,69830.2218,1994-11-29,0
5384099,69810.7048,1994-11-30,0
2329505,69792.66,1994-12-28,0
4389510,69775.824,1994-11-14,0
2650625,69759.9944,1995-02-02,0
5550438,69721.407,1995-02-23,0
3067904,69693.49,1995-02-27,0
1051172,69688.6108,1994-11-18,0
1292512,69683.5422,1994-12-25,0
1733286,69680.772,1995-01-04,0
2461218,69676.1208,1995-02-05,0
142211,69632.38,1994-11-15,0
4082886,69584.925,1995-02-10,0
3362435,69572.1144,1995-03-02,0
1085991,69568.7136,1995-01-20,0
1147874,69559.672,1994-11-25,0
655556,69533.4123,1995-01-07,0
2464034,69530.058,1994-11-15,0
1230918,69527.742,1995-01-25,0
3910470,69512.3724,1994-12-05,0
69670,69503.765,1995-02-14,0
2102629,69503.7441,1994-12-25,0
145283,69490.9584,1995-01-08,0
4567968,69488.566,1995-02-24,0
708577,69459.747,1994-11-15,0
4211586,69446.108,1995-01-05,0
4689957,69441.0876,1995-01-21,0
4645283,69413.292,1994-12-07,0
2744513,69400.9928,1995-02-19,0
5448292,69393.7504,1994-12-25,0
3680034,69356.83,1994-11-30,0
537765,69310.556,1994-12-08,0
2683107,69292.4544,1995-01-12,0
1605893,69289.7404,1994-12-25,0
1853569,69283.68,1994-11-13,0
4577856,69283.608,1994-11-11,0
2397764,69277.9044,1994-12-19,0
2321857,69263.028,1994-12-04,0
3465191,69257.2012,1995-01-08,0
4028452,69255.42,1994-12-05,0
2509766,69255.264,1995-01-03,0
2406209,69251.7144,1994-11-10,0
3895138,69250.7344,1994-12-31,0
1917508,69238.662,1994-11-27,0
3463266,69221.7414,1994-11-25,0
4218085,69219.5504,1994-12-07,0
2015143,69211.8912,1994-11-30,0
862562,69188.1399,1994-12-25,0
2576258,69187.461,1994-12-06,0
5440740,69182.4013,1995-01-10,0
2783587,69157.935,1994-12-28,0
5696741,69114.0717,1995-01-04,0
2188644,69086.0448,1995-02-16,0
3014048,69060.2,1995-02-10,0
5425254,69060.0708,1994-11-26,0
495107,69043.9872,1995-01-22,0
3440256,69015.8686,1994-12-22,0
2895811,69013.6818,1994-12-04,0
1430917,68986.2035,1995-02-15,0
3546816,68985.2988,1994-12-18,0
866471,68970.6632,1995-03-03,0
3021249,68959.1223,1995-02-03,0
3809063,68951.0024,1995-01-23,0
4615879,68949.7752,1995-01-13,0
234695,68949.4422,1995-01-05,0
6211,68947.086,1994-11-24,0
4399239,68923.416,1994-12-29,0
3147974,68899.1877,1994-12-09,0
2199331,68888.0808,1995-01-06,0
4477639,68859.7052,1995-01-06,0
3671238,68845.0088,1995-02-07,0
5916134,68832.5196,1994-12-28,0
4532423,68801.7535,1995-01-15,0
2312103,68783.2992,1994-11-12,0
3079076,68782.2408,1994-12-16,0
80838,68768.8208,1994-11-28,0
3901024,68758.2504,1995-01-03,0
5014691,68728.028,1995-02-03,0
1874977,68703.022,1994-12-01,0
1210660,68700.793,1995-02-24,0
1964065,68690.4036,1994-11-22,0
704418,68675.424,1995-01-01,0
1249158,68636.3766,1995-01-01,0
2386976,68629.45,1994-11-27,0
1377959,68625.9424,1994-11-11,0
3409827,68531.98,1995-03-01,0
5306912,68516.1828,1994-11-13,0
439174,68512.4832,1994-12-30,0
4972609,68504.6076,1995-03-02,0
274944,68450.4489,1994-12-09,0
2044514,68432.553,1994-11-26,0
809698,68400.9888,1994-12-21,0
204901,68399.088,1995-02-19,0
5479302,68377.95,1995-02-08,0
5312198,68376.766,1995-01-28,0
499494,68372.3016,1995-01-25,0
2593862,68293.992,1995-01-07,0
3442213,68290.9828,1995-01-31,0
502181,68268.1768,1994-12-30,0
1455109,68267.5056,1995-01-26,0
3698114,68256.3819,1995-03-01,0
4926016,68247.7206,1994-12-13,0
603233,68243.5488,1995-02-22,0
3319523,68239.6524,1994-11-28,0
3355458,68197.68,1994-11-15,0
1989282,68183.749,1994-12-09,0
3354784,68171.376,1995-01-28,0
1212325,68171.11,1995-02-01,0
4752806,68159.3392,1995-01-23,0
3482405,68149.19,1995-01-20,0
5142853,68126.385,1995-01-05,0
4152516,68121.2376,1995-01-01,0
1239107,68109.741,1995-01-04,0
5661507,68078.7209,1995-01-19,0
4381831,68074.3035,1994-11-15,0
2941894,68072.5962,1994-12-10,0
4127875,68058.2318,1995-02-05,0
1244614,68054.922,1994-12-13,0
5549220,68034.2652,1994-11-26,0
4257668,68025.763,1995-01-10,0
2472192,68018.9564,1995-02-03,0
4459552,68015.0562,1995-01-14,0
1573761,67998.7256,1995-01-30,0
2531172,67990.7862,1994-12-23,0
5041861,67957.2028,1995-02-11,0
3068129,67937.184,1995-01-09,0
4290785,67935.3296,1995-02-27,0
3315393,67931.0632,1995-02-13,0
3911297,67918.4208,1995-01-05,0
2689094,67915.9465,1994-12-21,0
4708513,67901.6448,1994-11-20,0
3851333,67885.3128,1995-01-04,0
1529473,67861.395,1995-02-05,0
4492166,67860.3744,1994-12-13,0
892964,67848.9892,1995-02-15,0
4155973,67848.6084,1995-01-06,0
1458018,67832.6526,1995-01-03,0
5611170,67824.5082,1995-02-21,0
5514757,67824.3385,1994-12-14,0
1402085,67799.801,1995-02-06,0
1272708,67791.15,1994-12-25,0
1973281,67787.097,1995-01-28,0
3320869,67783.68,1994-12-18,0
3194211,67781.7,1994-11-14,0
5868359,67769.4873,1994-11-24,0
511333,67758.3035,1995-02-12,0
3486336,67744.5,1995-01-16,0
2395936,67739.529,1995-01-09,0
1005063,67721.96,1995-01-01,0
2918210,67708.5026,1994-12-17,0
3711013,67707.5434,1995-02-02,0
1179043,67690.6384,1995-02-18,0
2221319,67689.92,1995-02-16,0
3229958,67681.1984,1995-02-03,0
3500803,67662.9984,1994-12-29,0
785668,67656.7624,1995-01-03,0
4333924,67632.7236,1995-02-11,0
1533028,67561.6161,1994-12-26,0
1907808,67529.3952,1995-01-06,0
5248930,67525.5315,1994-12-24,0
3393318,67515.8382,1995-02-12,0
3975650,67500.6,1995-01-16,0
3600355,67472.744,1994-12-31,0
770374,67462.2312,1995-01-01,0
786948,67429.4732,1994-12-26,0
1746145,67375.9746,1994-12-20,0
5678752,67363.7976,1995-01-23,0
3992485,67358.7468,1994-11-18,0
1875490,67354.4644,1994-12-23,0
1023203,67350.066,1994-12-14,0
342117,67348.5032,1995-02-28,0
4742759,67321.3648,1994-12-17,0
4158085,67320.9,1995-01-12,0
4486371,67313.3474,1995-01-13,0
845825,67303.9731,1994-11-22,0
5333633,67297.5016,1995-02-16,0
5254214,67290.498,1995-01-31,0
920545,67289.1877,1995-01-19,0
5185729,67273.4867,1994-11-10,0
3155136,67256.7489,1995-01-14,0
5010403,67251.2544,1995-01-29,0
2522469,67250.2706,1995-02-05,0
4047719,67224.885,1995-02-11,0
3438976,67215.096,1994-12-24,0
1369094,67187.9425,1995-01-07,0
4372771,67177.1076,1995-02-06,0
3394657,67160.1185,1995-02-02,0
1982532,67153.1372,1994-12-26,0
54468,67149.7377,1994-12-15,0
2421894,67138.932,1994-11-23,0
5118368,67129.4016,1995-02-03,0
5961798,67102.2,1994-12-01,0
654498,67101.688,1995-02-23,0
2313731,67098.2509,1995-02-02,0
4610851,67084.1472,1994-12-07,0
2065507,67079.504,1995-02-04,0
1816453,67055.7424,1994-12-20,0
14470,67031.5761,1995-01-25,0
1646021,67018.688,1994-12-30,0
657378,67011.0,1995-01-02,0
5758496,66992.067,1994-12-25,0
5526404,66963.9985,1994-12-03,0
5212740,66947.7536,1995-02-12,0
4022438,66930.79,1995-02-15,0
5279845,66930.096,1994-12-19,0
738497,66918.7152,1995-02-14,0
2506689,66894.7892,1994-11-28,0
273284,66874.812,1994-12-10,0
1844099,66845.4864,1994-12-14,0
5968544,66813.9192,1995-01-21,0
276260,66785.922,1994-12-16,0
671714,66785.6792,1995-02-08,0
1568804,66777.9035,1994-12-13,0
3860071,66776.9534,1994-11-18,0
5790053,66751.959,1995-01-22,0
1035653,66738.8624,1995-01-30,0
4640775,66737.2235,1994-12-03,0
5861058,66727.8428,1994-12-24,0
300226,66712.21,1995-02-24,0
4531298,66702.6514,1995-01-02,0
2660548,66689.0914,1995-02-05,0
2355875,66678.7095,1994-12-05,0
953669,66668.0875,1994-12-06,0
5163879,66661.8168,1994-12-27,0
1423776,66646.8,1994-12-05,0
1137761,66641.104,1995-02-28,0
4580418,66638.9014,1995-01-13,0
826182,66630.96,1995-02-26,0
1881476,66624.8597,1995-01-19,0
2361734,66598.7322,1995-01-25,0
271366,66591.8839,1995-02-28,0
5806081,66588.844,1994-12-13,0
2949283,66582.456,1994-12-04,0
3691012,66534.029,1995-01-16,0
536707,66521.3445,1995-01-17,0
4188480,66514.9,1994-11-19,0
4278149,66491.7162,1994-11-06,0
2199014,66473.984,1995-01-01,0
1539170,66469.9622,1995-01-30,0
4725216,66465.7525,1995-03-03,0
2367461,66448.4742,1995-01-21,0
3525056,66438.6326,1994-12-19,0
3783750,66436.098,1994-11-11,0
4189121,66385.1085,1995-02-10,0
2428581,66369.4362,1995-01-11,0
4640132,66351.744,1995-02-26,0
1664194,66337.74,1994-12-27,0
3755041,66298.9984,1994-12-17,0
4542240,66288.05,1994-12-28,0
1760995,66277.7652,1995-02-04,0
1108066,66260.8674,1994-12-09,0
4649861,66254.5968,1994-12-15,0
2551334,66239.799,1994-12-13,0
4497477,66238.0313,1995-02-05,0
1569348,66185.74,1994-12-08,0
4439172,66176.2192,1995-01-14,0
5880032,66171.3492,1994-11-10,0
4620992,66171.2108,1995-02-05,0
2268519,66158.672,1994-12-19,0
5626914,66147.6942,1995-02-05,0
335907,66144.0768,1994-12-25,0
2789953,66140.5176,1994-12-22,0
2637090,66118.479,1995-01-19,0
4370820,66115.368,1994-12-27,0
2188256,66100.9218,1995-02-08,0
3896546,66087.9372,1995-02-09,0
706592,66086.2067,1994-11-24,0
3774436,66080.3962,1994-12-11,0
4861956,66078.0,1994-11-26,0
2367299,66076.9079,1994-12-06,0
4871233,66076.13,1995-02-24,0
5709831,66024.931,1994-12-04,0
5586467,66020.16,1994-11-16,0
927905,66014.3088,1994-11-16,0
3661091,65999.34,1995-02-17,0
5623781,65998.8329,1994-11-26,0
4223840,65992.2494,1995-02-16,0
779936,65947.3308,1995-03-02,0
1913829,65926.5465,1994-11-22,0
1115078,65924.75,1994-11-20,0
3179616,65924.4762,1994-11-24,0
89185,65916.9328,1995-01-15,0
4965920,65908.356,1994-12-29,0
450822,65906.8956,1994-12-04,0
822499,65898.6512,1995-02-06,0
4398658,65862.5772,1995-02-18,0
2251046,65802.1946,1995-02-17,0
3797411,65795.9148,1995-01-15,0
4968194,65779.4918,1995-01-27,0
5246630,65761.4882,1994-12-20,0
1468166,65751.9932,1994-12-28,0
5790689,65682.8928,1994-12-31,0
2414594,65661.8904,1994-12-20,0
1624197,65627.3475,1994-12-10,0
1806437,65608.7852,1994-12-03,0
4601511,65604.6652,1995-02-08,0
3764994,65600.5432,1994-12-09,0
4658945,65591.6755,1995-02-26,0
3567687,65591.248,1994-11-27,0
44576,65590.8536,1994-12-26,0
1324580,65572.046,1995-01-07,0
4364064,65558.1637,1995-02-26,0
3669763,65545.6404,1995-01-21,0
4353058,65542.05,1995-02-13,0
3247456,65538.1276,1995-02-25,0
2350336,65517.552,1995-02-15,0
161351,65496.6684,1995-02-19,0
3239846,65465.35,1994-12-30,0
5048036,65464.5952,1994-12-02,0
5929795,65454.6474,1994-12-28,0
5998272,65440.8,1995-01-14,0
4323488,65429.9454,1995-01-10,0
1375044,65405.1215,1995-02-11,0
3819524,65396.781,1995-01-10,0
3784928,65395.53,1994-12-27,0
490725,65378.5044,1994-11-15,0
2397570,65377.37,1994-12-16,0
1641664,65364.4278,1994-12-17,0
5023683,65363.6052,1994-12-18,0
859047,65352.3748,1994-11-28,0
1148771,65342.295,1995-02-22,0
652325,65321.634,1995-01-30,0
4518501,65316.537,1994-12-10,0
4335303,65316.3291,1995-01-13,0
3717509,65311.2802,1995-01-24,0
3781955,65269.2152,1994-11-24,0
320391,65268.6336,1994-12-26,0
5930531,65252.8899,1995-01-05,0
4556449,65248.5498,1994-12-17,0
1016388,65241.7692,1995-01-27,0
5100551,65234.0466,1995-02-06,0
3058883,65179.044,1994-12-15,0
5733536,65177.982,1995-02-21,0
5480097,65177.55,1994-12-06,0
968770,65176.02,1994-11-20,0
1918788,65166.588,1994-12-24,0
15139,65150.1068,1994-11-20,0
2279045,65121.8088,1994-11-17,0
1526339,65112.4158,1994-12-29,0
4377667,65106.146,1995-01-04,0
2490240,65097.476,1994-12-08,0
5703616,65080.9242,1995-01-18,0
4683712,65077.1964,1995-01-10,0
503010,65068.731,1994-12-31,0
1246048,65066.6398,1994-12-21,0
5730755,65059.6295,1995-03-02,0
2946407,65043.007,1995-02-23,0
477152,65034.84,1994-12-10,0
4308551,65033.514,1995-01-12,0
1270914,64999.76,1994-12-15,0
1135717,64982.976,1994-12-20,0
5907396,64981.2816,1994-11-18,0
804128,64957.1456,1994-11-28,0
415075,64936.794,1994-12-28,0
1188775,64935.9426,1995-01-13,0
2487105,64908.7822,1995-02-08,0
3094946,64900.4408,1995-01-14,0
5841700,64893.6596,1995-02-21,0
5081250,64889.556,1995-02-10,0
728807,64879.4094,1995-02-07,0
5475524,64874.34,1994-12-26,0
1774215,64873.293,1995-01-14,0
5664356,64839.0111,1994-12-09,0
2097124,64829.9344,1995-02-05,0
3875173,64813.77,1995-01-21,0
3507682,64803.543,1995-01-01,0
2075104,64803.01,1995-02-26,0
4104290,64802.1576,1994-12-13,0
5856708,64787.4744,1995-02-14,0
261156,64783.122,1995-02-18,0
1789888,64758.3745,1994-12-03,0
975138,64739.0804,1994-11-26,0
1902918,64733.2128,1994-11-30,0
5867840,64709.2915,1995-01-06,0
5060199,64673.1551,1995-01-27,0
2445987,64665.4926,1994-11-22,0
3816899,64662.8256,1995-01-05,0
4557574,64662.5648,1995-02-04,0
1688544,64660.0032,1995-01-26,0
3768357,64648.297,1994-11-09,0
1676451,64648.08,1994-12-04,0
2848327,64639.2404,1995-01-28,0
4910533,64638.4851,1995-02-26,0
5575428,64618.7106,1994-12-21,0
4715073,64615.788,1994-12-16,0
4643041,64604.628,1994-11-29,0
4854724,64598.9253,1994-12-30,0
4021761,64557.3663,1995-01-20,0
1862918,64478.0976,1995-02-06,0
2919588,64476.0072,1994-12-05,0
3149921,64468.6718,1994-12-17,0
4900262,64427.0192,1995-02-07,0
5903041,64405.7408,1995-02-07,0
1753125,64393.4382,1995-02-16,0
4218464,64391.25,1995-01-18,0
4635943,64386.24,1994-12-04,0
2504929,64379.6,1994-12-25,0
4519972,64349.8291,1995-02-01,0
568548,64344.2952,1994-12-14,0
1691650,64343.6157,1994-12-19,0
1345504,64336.6417,1994-12-06,0
3022209,64318.149,1994-12-09,0
5631751,64314.189,1995-01-10,0
5720289,64309.9228,1995-02-18,0
3808902,64299.5433,1995-01-10,0
3677441,64292.5806,1995-02-18,0
901607,64259.4705,1994-12-02,0
2191585,64257.4638,1995-01-07,0
2373217,64216.883,1994-12-24,0
426917,64208.9492,1995-02-28,0
5213568,64208.928,1994-11-14,0
5382146,64179.131,1994-11-27,0
1021223,64158.9928,1994-12-21,0
3881574,64156.3308,1995-01-02,0
4646596,64155.096,1995-01-09,0
3599938,64148.0568,1994-12-16,0
1637988,64124.4968,1994-12-11,0
709249,64113.5345,1995-01-22,0
582852,64095.1344,1994-12-02,0
3057476,64090.2684,1995-02-01,0
1678275,64020.1072,1995-01-14,0
1061121,64018.5216,1994-12-28,0
925575,63998.232,1995-01-10,0
4424737,63996.5773,1995-02-12,0
511686,63990.7002,1995-01-12,0
712423,63986.8454,1995-02-24,0
3669187,63981.9098,1995-02-28,0
1540608,63957.74,1995-02-08,0
3645350,63948.6225,1995-01-27,0
5464773,63933.489,1994-11-16,0
4826949,63927.2822,1995-01-14,0
1008804,63924.077,1995-02-06,0
16480,63922.7589,1994-12-07,0
4401221,63917.1142,1994-12-19,0
1230759,63902.3166,1995-02-20,0
2667780,63900.576,1994-12-30,0
5761762,63864.5898,1994-11-18,0
4512930,63857.7918,1995-01-05,0
3399201,63857.575,1995-01-18,0
5928096,63848.9808,1994-11-18,0
204802,63845.376,1994-11-26,0
1321188,63821.1919,1994-12-04,0
1187392,63814.7874,1995-01-10,0
3915623,63769.9394,1995-01-17,0
4395014,63742.3836,1994-12-15,0
5907489,63725.088,1994-12-31,0
5620547,63724.59,1995-02-15,0
5081665,63722.4402,1994-12-03,0
2856453,63684.155,1995-01-18,0
4399301,63647.707,1994-12-10,0
4652262,63643.708,1995-01-05,0
1499591,63635.4636,1994-12-28,0
3516770,63634.692,1994-12-07,0
475648,63597.5518,1995-01-09,0
5084450,63587.0016,1995-01-25,0
2651495,63580.023,1994-11-27,0
1172103,63549.0432,1995-01-28,0
1772036,63539.4597,1995-01-20,0
3242471,63537.2745,1994-12-15,0
2350531,63518.3113,1995-01-15,0
3604996,63506.5269,1994-12-16,0
2529989,63506.3436,1995-01-16,0
3842722,63471.6096,1994-12-24,0
2526977,63466.6032,1995-01-15,0
468609,63436.0125,1995-01-07,0
195492,63428.65,1994-12-27,0
414786,63427.308,1995-01-20,0
5169889,63417.5378,1995-02-18,0
4419175,63410.4327,1995-02-26,0
2782822,63409.7226,1995-01-23,0
2613730,63398.8428,1994-12-14,0
4730982,63386.4996,1995-02-11,0
1475878,63380.5012,1994-12-29,0
5574279,63327.3864,1994-11-28,0
4823686,63303.268,1995-01-10,0
2940230,63205.5606,1995-01-04,0
4224229,63203.882,1995-01-12,0
2062368,63186.9504,1994-11-30,0
696993,63174.5424,1994-11-30,0
769895,63174.192,1994-11-15,0
4711394,63168.2978,1995-02-12,0
2937287,63158.362,1994-12-18,0
2256288,63152.756,1994-12-26,0
53317,63150.1612,1994-11-21,0
2278723,63143.064,1995-03-02,0
5631040,63125.096,1995-02-09,0
1311364,63088.8778,1995-01-18,0
1053412,63083.4739,1995-01-05,0
105860,63077.4263,1994-12-30,0
1633220,63051.641,1995-02-14,0
3483424,63045.45,1994-12-03,0
5150244,63035.065,1994-11-14,0
374467,62990.0977,1994-11-25,0
2499106,62985.4026,1994-12-09,0
4180199,62973.2367,1995-01-18,0
2900897,62944.844,1994-11-16,0
3436612,62939.6658,1994-12-12,0
3888417,62931.0528,1994-11-17,0
4661952,62915.08,1994-11-18,0
5117922,62910.3938,1994-11-23,0
4787335,62892.7769,1995-02-06,0
5554050,62867.5468,1994-12-09,0
2813990,62859.16,1994-12-12,0
2173891,62851.152,1994-12-14,0
2771843,62838.1194,1995-02-26,0
3670914,62821.5456,1994-12-17,0
1160199,62820.2039,1995-01-28,0
3539652,62799.2568,1994-12-12,0
2930464,62790.3578,1995-02-04,0
5876101,62787.1872,1994-11-10,0
2767527,62773.6896,1994-12-10,0
257606,62752.7883,1994-12-25,0
5745763,62714.1824,1994-12-15,0
4888514,62707.788,1994-12-19,0
1522689,62702.496,1995-01-31,0
5768129,62669.3746,1995-02-26,0
5235493,62655.2877,1994-12-25,0
2396673,62620.0848,1995-01-26,0
1871584,62619.7374,1995-01-23,0
5662019,62618.4492,1995-01-26,0
4883207,62589.9945,1995-02-06,0
92581,62584.569,1994-12-11,0
1226599,62566.6134,1994-12-15,0
4073316,62558.946,1995-01-13,0
1464576,62557.158,1995-01-03,0
3341251,62554.5192,1995-01-12,0
1631105,62526.7644,1995-02-12,0
2390790,62515.5364,1994-11-27,0
496578,62508.5916,1995-02-08,0
1547585,62497.1381,1994-12-26,0
1826048,62493.9508,1995-01-16,0
5704487,62461.497,1994-12-28,0
1917795,62459.08,1994-12-09,0
4424199,62454.3944,1995-01-18,0
2077984,62447.7439,1995-02-21,0
4696292,62435.007,1994-12-16,0
1200996,62364.4128,1994-12-17,0
2621284,62349.3238,1994-11-23,0
3264321,62323.56,1995-01-09,0
5897761,62290.4754,1995-01-07,0
1985862,62283.8082,1995-01-19,0
742502,62283.176,1995-02-14,0
2732871,62269.834,1994-12-14,0
1252672,62234.2139,1995-01-03,0
5360581,62210.845,1995-02-21,0
5782946,62208.1,1994-11-23,0
2782532,62192.0544,1995-01-06,0
1895844,62190.7182,1994-11-10,0
4089255,62190.404,1995-01-23,0
3862721,62185.9392,1995-02-15,0
5137089,62152.7808,1994-12-03,0
5127556,62095.9686,1995-02-17,0
884196,62066.5461,1994-11-18,0
3933253,62044.15,1995-02-02,0
2971973,62020.6119,1995-01-05,0
853152,62008.374,1995-02-01,0
5164838,61974.1194,1995-01-01,0
3460032,61957.952,1995-01-10,0
4071139,61921.152,1995-02-17,0
3801473,61915.3095,1994-12-10,0
1378534,61908.3837,1995-02-27,0
3608611,61900.5275,1994-12-13,0
3016832,61889.53,1994-12-21,0
4708899,61886.0298,1995-01-02,0
1015105,61869.4046,1994-12-22,0
1515299,61864.803,1994-12-02,0
4861888,61861.6724,1994-11-21,0
5030307,61849.6545,1995-02-04,0
4975973,61849.515,1995-02-08,0
346144,61832.1807,1995-02-07,0
1047523,61830.9846,1994-12-02,0
742625,61829.216,1995-02-18,0
665536,61819.5622,1994-12-16,0
4458849,61794.0328,1995-02-01,0
1216193,61786.6947,1995-02-15,0
4130373,61776.988,1995-01-01,0
3061895,61763.1786,1995-02-12,0
621158,61721.748,1995-01-12,0
3509158,61705.0994,1994-11-28,0
3399202,61698.5672,1994-12-29,0
1023876,61678.584,1994-11-24,0
3006755,61647.5772,1994-12-29,0
2912706,61620.0192,1994-11-17,0
2277729,61604.8905,1995-01-30,0
1691810,61603.5928,1995-02-25,0
1500642,61536.5858,1994-12-03,0
3353827,61496.3328,1994-11-29,0
1460740,61459.23,1994-12-11,0
5875171,61437.0648,1994-12-29,0
726275,61433.4132,1995-01-09,0
1797159,61422.7426,1995-01-03,0
4560384,61407.0,1995-01-31,0
4679303,61401.648,1994-11-11,0
2687751,61388.5326,1994-11-29,0
1762560,61364.8384,1994-12-02,0
182468,61356.3456,1995-01-17,0
5139558,61348.674,1995-02-08,0
625797,61300.1824,1994-11-12,0
4538918,61290.0708,1994-12-27,0
2399718,61287.2664,1995-01-27,0
3051783,61283.8962,1994-12-21,0
2484768,61259.9988,1994-11-12,0
1564992,61259.568,1995-01-25,0
4966596,61253.7288,1995-01-26,0
2400739,61253.1216,1994-12-27,0
1696262,61238.6298,1994-12-19,0
5292033,61234.6988,1994-12-27,0
5770470,61211.6142,1994-12-10,0
5799361,61197.9246,1995-01-18,0
5946306,61185.855,1995-01-20,0
3487586,61183.0608,1994-12-30,0
312193,61177.0356,1995-01-11,0
3895207,61169.504,1995-01-19,0
2747843,61146.388,1994-12-16,0
1585123,61133.7214,1995-01-19,0
4432485,61124.018,1994-12-28,0
1715333,61113.5184,1995-02-05,0
2937154,61089.9703,1995-01-25,0
3767044,61080.6804,1995-01-29,0
5763174,61078.4244,1994-12-11,0
2220679,61071.282,1994-12-31,0
225410,61055.6562,1994-12-21,0
525540,61042.345,1994-11-24,0
4141861,61040.1376,1995-01-14,0
717538,61022.7408,1995-01-18,0
5532768,61005.048,1995-02-17,0
1581796,60958.8261,1995-01-31,0
2359879,60934.5741,1994-11-28,0
4377505,60933.573,1994-11-29,0
4309408,60932.4826,1995-02-10,0
5284036,60912.9105,1994-12-10,0
1584256,60905.2582,1995-02-01,0
5242660,60901.6,1994-12-12,0
2607973,60900.6912,1994-12-15,0
15040,60889.7432,1994-12-05,0
5071204,60888.9675,1994-12-13,0
2328995,60887.6928,1994-12-24,0
3427620,60875.199,1994-12-02,0
4367365,60858.0368,1995-02-06,0
246788,60854.5091,1995-01-20,0
3679078,60854.378,1995-01-16,0
5160423,60834.648,1995-01-29,0
4461284,60830.8184,1995-01-21,0
4626534,60826.5368,1995-01-01,0
3737283,60811.875,1995-02-16,0
2338246,60798.2013,1994-12-31,0
5461284,60782.3775,1994-11-12,0
1288487,60780.0928,1994-12-22,0
3408544,60775.6869,1994-12-05,0
2142791,60774.048,1995-02-20,0
2378308,60722.148,1994-12-06,0
1871680,60701.3748,1995-01-05,0
5842561,60700.1479,1994-11-30,0
469765,60668.608,1994-12-12,0
441187,60667.38,1995-01-31,0
2546338,60665.64,1994-11-12,0
4245284,60657.7401,1995-01-04,0
332356,60643.5442,1995-02-26,0
4715906,60606.555,1994-12-26,0
4719298,60599.2828,1994-12-30,0
963301,60572.6764,1994-11-26,0
2843747,60548.69,1994-11-06,0
1814402,60547.8178,1995-01-07,0
4973378,60516.8424,1995-02-08,0
2884069,60515.6312,1994-11-29,0
5378817,60512.3248,1994-12-30,0
2163207,60506.766,1994-12-24,0
2977888,60504.522,1994-12-25,0
2962533,60502.7696,1995-02-18,0
3344321,60487.1982,1995-02-22,0
2238976,60486.15,1995-02-10,0
4682182,60472.2735,1994-12-18,0
558469,60464.108,1995-01-26,0
5798790,60430.016,1994-11-28,0
3818147,60391.3852,1995-01-15,0
1052642,60372.2768,1994-11-30,0
1463392,60324.915,1994-11-30,0
3052992,60324.1275,1995-02-06,0
46727,60317.775,1994-11-14,0
3275554,60316.6608,1994-11-17,0
3936032,60314.4185,1995-01-27,0
3949313,60306.98,1995-01-11,0
3837927,60274.187,1994-12-12,0
2791361,60273.0,1994-11-19,0
5804006,60266.7936,1994-11-12,0
1978112,60262.3,1994-11-27,0
1263301,60246.4599,1994-11-11,0
5599526,60197.1524,1995-01-03,0
4154663,60184.485,1994-12-22,0
5053056,60178.621,1995-02-23,0
374309,60175.4525,1994-12-28,0
4750083,60163.9992,1995-01-03,0
5342339,60113.7936,1994-12-05,0
5807107,60084.2647,1995-01-19,0
4489445,60069.6096,1994-11-29,0
4919555,60062.3481,1995-01-18,0
3824324,60053.7894,1995-01-19,0
3434789,60052.2764,1995-02-19,0
2460965,60046.6626,1995-01-05,0
2745540,60043.515,1994-12-02,0
4593443,60035.868,1994-12-29,0
3403364,60035.5008,1994-12-12,0
820514,60025.9572,1995-02-27,0
2547686,59994.9728,1994-11-16,0
4621574,59992.02,1995-02-01,0
3411559,59981.084,1995-01-23,0
2755365,59940.972,1995-03-03,0
12101,59939.9472,1995-01-07,0
5755238,59939.5204,1995-02-04,0
901702,59937.57,1994-11-26,0
1916965,59936.184,1994-12-19,0
853412,59918.8722,1994-11-19,0
1576295,59908.8672,1994-12-23,0
1848165,59903.0978,1994-12-20,0
5800070,59875.0935,1995-01-27,0
5355267,59872.4355,1995-02-28,0
1803686,59866.4619,1995-01-17,0
998657,59864.38,1994-12-26,0
5719429,59847.454,1995-01-02,0
136998,59825.6604,1995-01-13,0
505313,59777.604,1995-01-26,0
3651938,59739.3994,1995-01-28,0
3175043,59708.74,1995-03-03,0
2557639,59702.2182,1995-01-08,0
5951301,59688.9486,1995-01-10,0
705893,59688.888,1995-02-04,0
3291107,59673.7152,1995-02-17,0
1225191,59673.105,1994-11-14,0
648357,59670.591,1995-01-08,0
4682213,59655.2352,1994-11-14,0
3116515,59646.2643,1994-12-26,0
3344583,59622.5058,1994-12-25,0
5627617,59618.116,1994-12-07,0
2107876,59605.8294,1995-01-06,0
4429510,59556.1824,1994-12-31,0
5785473,59553.9928,1995-02-17,0
5643297,59511.3318,1995-02-06,0
4656003,59508.266,1994-11-29,0
2361410,59493.6342,1994-11-14,0
3051684,59493.0501,1995-01-13,0
68998,59488.8812,1994-12-09,0
4527844,59482.15,1995-01-21,0
1825636,59427.6507,1994-11-26,0
5234370,59418.0,1994-12-27,0
5808070,59415.489,1995-01-27,0
4200032,59408.31,1994-12-21,0
2238502,59396.7522,1995-01-17,0
841825,59392.11,1994-12-21,0
4003072,59385.146,1994-12-19,0
5758721,59382.624,1994-11-22,0
4375975,59366.2828,1994-12-16,0
5644642,59362.128,1994-12-21,0
1587207,59346.336,1994-12-03,0
692006,59331.2346,1994-11-24,0
5684933,59330.4192,1995-01-26,0
757061,59265.589,1994-12-11,0
878309,59262.48,1994-12-17,0
1372353,59261.4,1995-01-28,0
1220288,59259.132,1995-01-09,0
1206017,59241.0048,1994-12-15,0
259073,59225.712,1994-12-16,0
10722,59216.6192,1995-01-20,0
5005348,59180.185,1995-01-08,0
370598,59175.0104,1994-12-19,0
1363808,59162.0325,1995-02-07,0
2784577,59128.4106,1995-01-12,0
1502272,59107.4162,1995-01-30,0
4394180,59103.268,1995-02-28,0
3898017,59099.3616,1995-01-24,0
1294725,59097.6,1995-01-08,0
3197605,59096.8521,1994-12-09,0
4104647,59091.8424,1994-12-29,0
2982787,59089.5214,1995-01-14,0
4121639,59084.2644,1994-12-14,0
5423556,59072.614,1995-01-01,0
1213062,59064.5979,1994-12-07,0
2117441,59063.4384,1995-01-26,0
363781,59055.444,1994-12-18,0
4708034,59049.625,1994-12-13,0
4300903,59016.7512,1994-12-22,0
768034,59004.975,1995-01-17,0
1961506,58966.875,1995-01-28,0
723680,58966.164,1994-12-24,0
5656261,58959.219,1995-02-14,0
1024320,58955.82,1995-01-06,0
1658946,58938.4262,1994-11-22,0
5443713,58904.507,1995-02-02,0
5623972,58891.04,1995-02-01,0
4565796,58887.1016,1995-02-03,0
90148,58881.6192,1994-11-23,0
4903296,58876.7634,1995-02-04,0
1788260,58873.05,1994-12-01,0
5073987,58844.468,1994-11-10,0
4323716,58832.8776,1995-01-28,0
5637409,58825.9287,1994-11-21,0
2752929,58813.237,1994-12-23,0
4915109,58803.2872,1994-12-08,0
423106,58793.7564,1995-03-02,0
2905767,58781.592,1995-01-31,0
1743362,58742.3655,1994-12-11,0
2014147,58716.5244,1995-02-05,0
1301701,58706.7456,1995-01-25,0
4943459,58690.1982,1995-02-16,0
3801666,58688.679,1994-12-18,0
5666401,58687.048,1995-03-03,0
543495,58678.3868,1994-12-14,0
2146919,58671.218,1995-01-23,0
4201638,58651.101,1994-12-14,0
2235875,58621.47,1994-12-19,0
4580678,58614.2172,1994-12-11,0
2796807,58605.9117,1995-02-27,0
1114497,58605.7703,1995-02-03,0
3752163,58572.0324,1994-11-24,0
3190405,58552.3685,1994-12-23,0
1266530,58543.731,1994-12-25,0
5391399,58531.1454,1994-11-29,0
11111,58530.034,1995-01-18,0
1874339,58529.664,1994-11-27,0
4096451,58527.8736,1994-11-12,0
1095264,58520.762,1995-03-02,0
2072129,58518.1828,1995-01-07,0
3593094,58515.5758,1995-01-01,0
2533319,58513.0728,1995-02-19,0
754242,58510.3314,1994-12-22,0
5555104,58483.5504,1994-11-11,0
5142278,58470.5485,1994-12-29,0
2701254,58467.8727,1995-01-16,0
3337061,58464.9652,1995-01-01,0
3629221,58462.9884,1995-01-23,0
5700229,58460.822,1994-12-30,0
1843169,58445.94,1995-02-24,0
1219170,58445.9025,1994-11-12,0
2973824,58444.7538,1995-01-18,0
2222723,58429.9872,1994-11-30,0
5265986,58419.2364,1994-12-24,0
729411,58416.4776,1995-02-05,0
3999584,58409.9274,1995-01-07,0
522336,58399.2018,1995-02-01,0
5515269,58390.002,1994-11-26,0
229090,58378.5,1994-12-02,0
4548481,58341.57,1994-12-15,0
4163169,58333.92,1995-01-06,0
3759104,58332.5946,1994-11-06,0
1445350,58328.7406,1995-01-25,0
3557254,58318.6375,1995-01-26,0
5552294,58294.4187,1994-12-25,0
2198304,58277.81,1995-03-03,0
3052066,58245.8112,1994-12-06,0
3262725,58210.7395,1994-12-05,0
2405888,58202.43,1995-03-02,0
4875271,58200.12,1994-12-23,0
2008003,58161.9024,1994-11-10,0
2135269,58157.1081,1995-02-22,0
827910,58100.4326,1994-12-10,0
4845413,58099.1562,1995-01-24,0
3194018,58095.7224,1995-02-17,0
1562528,58086.686,1995-01-20,0
5086439,58053.9044,1994-12-18,0
5072035,58037.248,1995-02-17,0
5869603,58033.43,1995-01-09,0
1529922,58024.7031,1994-12-30,0
4172834,58022.4776,1994-12-05,0
2530944,58022.3868,1994-11-20,0
3658209,58007.9329,1994-12-15,0
232484,58003.2,1994-12-08,0
1062950,58000.6996,1995-01-15,0
2120483,57987.7692,1995-01-12,0
3291143,57986.6892,1995-02-01,0
5630788,57955.7462,1995-02-15,0
4551078,57947.3924,1995-02-14,0
5503012,57923.9912,1995-02-04,0
5595013,57921.0764,1994-12-04,0
4904195,57884.064,1994-12-18,0
1750790,57841.5672,1995-01-28,0
3859972,57840.8448,1994-11-23,0
4263266,57808.8505,1995-02-18,0
82884,57799.2,1994-11-14,0
861312,57793.736,1995-02-04,0
4009030,57772.2882,1994-12-24,0
3237413,57761.5967,1995-02-15,0
3650502,57730.288,1995-02-18,0
2752192,57718.776,1994-11-05,0
1876901,57715.8912,1994-12-05,0
1870693,57713.9735,1995-01-30,0
1339332,57708.2682,1994-11-29,0
3063873,57702.978,1995-03-03,0
5954116,57692.25,1994-12-01,0
3767238,57689.99,1995-01-01,0
4298855,57639.7827,1994-12-18,0
3883969,57630.2414,1995-02-20,0
934336,57580.9002,1994-12-06,0
3649409,57580.5708,1994-12-20,0
4778371,57567.132,1994-12-28,0
1932705,57558.192,1994-12-25,0
551744,57523.8231,1995-01-28,0
1008963,57522.788,1995-02-11,0
2289702,57508.968,1994-12-26,0
468736,57464.6628,1994-12-09,0
4659876,57460.946,1994-11-15,0
5378499,57455.4413,1994-11-24,0
5287459,57450.2212,1994-11-29,0
1784962,57444.216,1995-02-01,0
3186374,57441.1756,1995-02-24,0
1832934,57433.4403,1994-12-18,0
4738498,57423.7006,1994-12-09,0
2071456,57401.664,1994-11-27,0
5334724,57377.729,1995-02-01,0
192036,57356.2038,1994-11-27,0
5921056,57334.0416,1994-12-16,0
3400675,57329.118,1994-12-01,0
3880677,57281.344,1995-02-13,0
2892353,57281.1584,1995-01-02,0
5418496,57274.42,1994-12-23,0
2669831,57242.906,1994-12-27,0
4786151,57225.8228,1995-02-10,0
3902305,57225.618,1995-01-28,0
78977,57224.9934,1995-02-09,0
856962,57204.8708,1994-12-08,0
3744197,57169.222,1994-12-26,0
2249670,57158.6715,1995-01-15,0
1956773,57156.656,1995-02-25,0
1890054,57149.6766,1995-02-20,0
5149541,57139.65,1994-11-20,0
35494,57130.6032,1995-02-15,0
2683687,57105.6486,1995-01-24,0
4710946,57104.04,1994-12-25,0
3000195,57082.0932,1995-03-03,0
878913,57080.832,1994-12-18,0
779745,57046.92,1995-01-18,0
4839363,57040.4814,1994-12-27,0
3010435,57034.1772,1994-12-09,0
2531363,57011.5172,1994-11-29,0
5302145,56978.262,1994-12-28,0
414912,56973.4,1995-02-22,0
2162848,56949.6015,1995-02-26,0
2871875,56944.341,1995-01-31,0
2655271,56937.816,1995-01-12,0
3414912,56934.108,1994-12-05,0
3968482,56919.2104,1995-02-06,0
3767141,56904.5838,1995-02-10,0
5834755,56897.1396,1995-02-22,0
2197766,56894.6334,1995-01-06,0
178790,56876.8356,1995-02-02,0
5324929,56871.5572,1994-12-19,0
2580545,56860.776,1994-12-20,0
5958631,56844.86,1994-12-22,0
518083,56806.1856,1994-12-11,0
4644771,56803.5,1995-02-03,0
2742437,56802.474,1995-02-17,0
5839591,56800.212,1995-01-30,0
4136870,56786.31,1995-01-24,0
5571975,56760.7392,1994-11-17,0
4649825,56743.7479,1995-02-21,0
1803302,56706.804,1995-01-24,0
889538,56701.0524,1995-02-21,0
3578437,56695.296,1994-12-14,0
4071363,56688.2235,1995-02-01,0
3324132,56687.05,1995-01-20,0
1061893,56687.025,1995-02-19,0
3444065,56671.8528,1994-11-20,0
104935,56670.2265,1995-02-10,0
2045285,56661.924,1994-12-02,0
1155943,56660.3712,1994-12-29,0
4973250,56635.6616,1995-01-30,0
2524965,56622.748,1994-11-11,0
2874560,56618.92,1994-12-11,0
2413572,56608.1244,1995-01-18,0
5736738,56601.3436,1994-12-18,0
3675237,56597.5316,1995-02-16,0
4250470,56582.9675,1994-12-18,0
2518946,56580.3866,1994-12-19,0
4576993,56574.144,1995-02-18,0
1237824,56555.6992,1995-01-12,0
701188,56538.231,1995-02-05,0
5915458,56534.958,1995-01-11,0
5534722,56523.5865,1995-01-31,0
1767365,56516.8395,1995-01-27,0
2304930,56513.1155,1995-01-08,0
5202726,56512.477,1995-01-01,0
5271364,56505.288,1995-02-02,0
1185605,56493.9228,1994-11-18,0
222533,56493.8052,1994-11-30,0
1345923,56481.833,1995-02-14,0
1145894,56480.3162,1995-03-02,0
5448612,56479.9936,1995-01-09,0
5777696,56465.64,1995-01-07,0
4939841,56456.5406,1994-12-21,0
3674149,56449.7514,1995-01-03,0
3223778,56414.28,1994-12-22,0
247875,56413.26,1995-01-18,0
1000070,56412.054,1994-12-08,0
3602085,56407.96,1995-01-08,0
2984768,56407.5,1994-11-27,0
5869793,56360.304,1994-11-26,0
2362016,56358.7662,1994-12-31,0
4742183,56350.5325,1995-01-24,0
2261126,56348.7804,1994-12-14,0
1669408,56344.778,1994-11-22,0
150243,56331.576,1995-01-30,0
4559140,56281.5224,1995-01-08,0
3600387,56279.5488,1994-12-14,0
929159,56276.4576,1995-02-25,0
4282631,56265.6842,1994-11-22,0
2357284,56244.9888,1995-01-23,0
486979,56244.0879,1995-02-02,0
4842243,56240.8236,1995-01-27,0
3709764,56238.142,1994-12-16,0
1942181,56236.6824,1995-01-07,0
3862370,56235.0676,1995-02-12,0
5644901,56221.9452,1994-12-11,0
2964357,56185.3111,1994-12-24,0
3140388,56183.1,1995-01-21,0
5071552,56182.0306,1995-01-25,0
2700482,56178.3726,1994-11-26,0
4804996,56163.1576,1994-11-29,0
5328324,56149.912,1995-02-06,0
3095430,56103.1056,1994-11-28,0
4995361,56080.0152,1994-12-02,0
328709,56071.3304,1994-12-16,0
5547394,56068.2518,1995-01-28,0
3724544,56068.0974,1995-02-26,0
1130401,56049.705,1994-12-11,0
625282,56039.094,1995-01-02,0
2929794,56020.95,1994-11-17,0
2347943,56015.2804,1994-11-28,0
684098,56013.3585,1994-12-01,0
1056129,56008.107,1995-01-29,0
388997,55992.6912,1995-02-12,0
948261,55991.7792,1995-02-25,0
1935873,55990.9026,1994-11-22,0
2415299,55988.256,1995-02-04,0
4199712,55962.2232,1994-12-05,0
4434496,55958.5292,1994-12-07,0
2000001,55924.657,1994-12-18,0
4339363,55920.8484,1994-12-30,0
3909792,55884.928,1995-01-16,0
3940096,55880.268,1994-12-27,0
800641,55862.3145,1995-02-10,0
312995,55858.0994,1994-11-19,0
2907302,55843.407,1995-01-26,0
2354784,55834.8296,1995-01-18,0
3046919,55834.752,1994-12-13,0
2574850,55819.456,1994-11-20,0
5931428,55818.0168,1994-12-27,0
5011974,55817.4254,1995-01-15,0
5313604,55816.5093,1995-01-24,0
5744129,55800.6618,1995-01-24,0
2172517,55798.7402,1995-01-05,0
2871108,55787.0148,1995-02-17,0
2095238,55775.887,1994-12-16,0
3494307,55770.3152,1994-12-06,0
4319395,55767.824,1994-12-12,0
5148739,55754.784,1995-02-07,0
3005825,55742.6414,1995-02-27,0
586309,55737.574,1995-01-08,0
4260704,55727.9178,1995-01-08,0
3115360,55721.4362,1994-11-19,0
4491495,55713.5782,1994-12-12,0
2249350,55712.1834,1995-01-14,0
3681441,55705.6948,1995-02-26,0
5381698,55702.4199,1994-12-27,0
1311718,55700.6541,1995-01-26,0
4679714,55689.216,1994-12-25,0
465959,55670.56,1995-02-16,0
682980,55667.2113,1994-12-09,0
3158753,55667.1136,1995-02-07,0
1848640,55663.92,1994-12-03,0
2465889,55662.114,1995-02-16,0
5864868,55646.496,1994-11-28,0
2200388,55624.2414,1995-02-10,0
1732196,55619.9244,1994-12-11,0
2746342,55609.2966,1995-02-11,0
5734145,55609.0,1994-12-30,0
3939940,55599.833,1994-12-25,0
1119009,55585.5885,1995-01-06,0
2407652,55583.4972,1995-02-10,0
1926247,55580.58,1995-01-19,0
2720326,55574.01,1995-01-23,0
4060551,55572.1215,1995-01-23,0
4510309,55552.0056,1994-11-16,0
1578786,55550.616,1994-11-24,0
4120353,55532.484,1995-02-28,0
4799299,55526.8644,1995-02-08,0
4773216,55517.6645,1994-12-23,0
4781184,55514.333,1995-02-07,0
4585382,55513.8205,1995-01-18,0
16642,55485.844,1995-03-03,0
3184448,55485.4832,1995-02-17,0
5550023,55448.6574,1995-02-18,0
4641921,55433.0186,1995-01-11,0
2695395,55432.26,1995-01-12,0
542816,55412.0784,1995-01-30,0
3418658,55410.4005,1995-02-25,0
2965442,55360.5932,1995-01-28,0
295939,55341.595,1995-02-05,0
4132481,55339.5544,1995-01-01,0
227521,55333.2528,1994-12-06,0
2104929,55324.58,1995-01-07,0
2635333,55319.94,1994-12-06,0
1594497,55311.228,1995-01-14,0
2924768,55305.6144,1995-02-08,0
302086,55285.8003,1995-01-19,0
5799715,55280.3328,1994-11-27,0
856384,55263.0144,1994-11-22,0
3672035,55262.7504,1994-12-24,0
2655169,55241.584,1995-01-17,0
928769,55240.7652,1995-01-28,0
4457765,55238.61,1995-01-24,0
4197319,55238.139,1994-11-22,0
4847044,55237.104,1994-12-31,0
285346,55231.6752,1994-12-18,0
2579840,55231.533,1994-12-14,0
3518693,55197.912,1994-11-26,0
686246,55181.7028,1994-11-21,0
1023271,55177.1748,1994-12-19,0
5438087,55163.3472,1995-01-04,0
5256549,55147.6035,1994-12-18,0
1234374,55144.8129,1995-02-07,0
1620711,55134.732,1995-01-19,0
392386,55133.562,1994-12-28,0
2141858,55097.7208,1994-12-17,0
1127719,55067.7772,1994-12-31,0
5754562,55042.64,1994-12-10,0
3557537,55031.6258,1994-12-16,0
5430946,55027.84,1994-12-29,0
5154976,55014.534,1995-02-25,0
505927,54982.8946,1995-02-17,0
1945857,54957.8844,1994-12-22,0
1176930,54945.504,1994-11-17,0
4696100,54933.5831,1995-02-24,0
1157511,54927.082,1994-12-28,0
2418853,54892.216,1995-02-24,0
1784578,54890.8008,1995-02-09,0
5855010,54886.272,1994-12-02,0
5352547,54875.394,1994-11-23,0
1628705,54871.1492,1995-02-16,0
724930,54858.2239,1995-01-01,0
5244996,54852.76,1995-01-15,0
690178,54844.6758,1994-12-04,0
1462658,54833.8518,1994-11-24,0
187493,54829.32,1994-12-22,0
2080739,54824.1527,1995-01-03,0
3672576,54804.1991,1995-02-23,0
3703974,54795.72,1995-01-11,0
4472033,54747.112,1995-02-24,0
4228961,54729.5992,1994-12-12,0
2926852,54707.3674,1994-12-22,0
2457894,54701.856,1995-03-01,0
517348,54699.912,1994-12-06,0
3570022,54691.7786,1995-01-28,0
1951879,54644.4954,1995-01-02,0
4225121,54643.5357,1994-12-15,0
3893728,54629.6725,1995-02-10,0
45442,54623.86,1995-02-07,0
4147136,54610.8804,1994-12-11,0
2135526,54609.4836,1995-02-18,0
354534,54603.9585,1995-02-08,0
2286817,54547.8516,1994-12-19,0
5018919,54544.0185,1994-12-09,0
3532359,54510.2817,1995-01-16,0
5977760,54508.23,1994-12-08,0
4159650,54502.896,1995-01-12,0
23266,54495.3456,1995-02-17,0
5870212,54493.9512,1994-12-12,0
3844486,54491.4849,1995-02-18,0
2875939,54489.0805,1994-11-23,0
5373287,54484.248,1994-12-21,0
2616327,54448.9261,1994-12-25,0
4357670,54436.4844,1995-01-23,0
632039,54419.694,1994-11-19,0
3496067,54417.0936,1995-01-13,0
4059712,54416.9696,1994-11-11,0
3168902,54416.4156,1994-12-27,0
3652387,54412.352,1994-12-26,0
2680263,54410.5066,1994-12-05,0
3095431,54389.7139,1994-11-04,0
2059394,54389.205,1995-02-04,0
2982791,54368.4672,1994-11-18,0
4099107,54353.1792,1995-01-29,0
2795328,54343.7781,1995-02-21,0
4210119,54330.912,1995-01-22,0
3486723,54313.3525,1995-02-18,0
5150752,54307.0528,1994-12-10,0
5714084,54300.2278,1994-12-07,0
5028417,54283.9155,1995-02-09,0
661027,54263.5002,1994-11-27,0
5326432,54224.3289,1995-01-21,0
3448005,54221.0243,1995-01-01,0
5404320,54210.3618,1995-01-18,0
3811681,54201.336,1994-11-23,0
4967748,54198.6588,1994-11-13,0
1665061,54196.4808,1995-01-17,0
2348453,54169.4958,1994-12-16,0
2616550,54165.7632,1994-11-29,0
4702464,54161.8987,1995-01-06,0
5961894,54156.7272,1995-01-12,0
3802786,54142.753,1994-12-31,0
3902848,54141.696,1995-01-10,0
1268801,54140.9715,1994-12-20,0
4036198,54137.952,1994-12-06,0
2086916,54121.714,1995-02-04,0
1963173,54120.5058,1995-02-18,0
2698944,54097.294,1995-03-03,0
2622245,54086.32,1994-12-13,0
24455,54080.2944,1994-12-07,0
4045185,54075.7415,1994-12-16,0
155427,54048.8767,1994-11-12,0
1102468,54045.6237,1994-12-20,0
855266,54038.526,1994-12-10,0
1526244,54036.45,1994-11-25,0
5986823,54026.0144,1994-12-15,0
5922820,54018.7438,1995-01-14,0
1897542,54015.6085,1995-02-15,0
744804,53999.715,1994-12-05,0
2739940,53984.7744,1995-01-02,0
1681794,53966.772,1995-02-03,0
3728611,53959.3162,1995-01-04,0
2448512,53957.856,1994-12-29,0
3450245,53949.2667,1995-01-15,0
3177188,53936.604,1995-01-02,0
4349573,53932.203,1995-02-20,0
4123040,53928.1855,1994-11-05,0
3362305,53886.4876,1994-12-29,0
1526656,53871.4085,1994-12-12,0
1721217,53863.8408,1995-01-24,0
2269664,53863.0912,1995-01-06,0
331047,53859.1086,1994-12-10,0
4162148,53845.4,1995-02-23,0
4166596,53834.544,1994-11-18,0
67525,53828.6364,1995-02-26,0
690080,53826.0943,1994-12-12,0
2827716,53816.4258,1995-02-23,0
1965703,53763.6272,1994-12-12,0
484421,53750.2776,1995-01-24,0
1755046,53739.84,1994-11-22,0
4583106,53698.5025,1995-03-01,0
1051494,53697.667,1995-02-09,0
3025505,53690.112,1995-01-14,0
771105,53678.8434,1994-11-23,0
5306432,53669.5563,1995-02-02,0
4603591,53658.1955,1994-11-20,0
4566818,53643.5928,1994-12-05,0
5475649,53627.409,1995-01-07,0
5792775,53606.7,1994-11-09,0
1029153,53598.889,1995-02-28,0
5160931,53594.5074,1995-01-23,0
875811,53551.071,1995-01-01,0
1904545,53547.312,1994-11-17,0
1227780,53544.5336,1995-02-05,0
3924069,53537.5863,1995-03-02,0
2325571,53512.3952,1995-02-06,0
524129,53510.7027,1994-12-09,0
1375811,53498.736,1994-11-30,0
2674310,53491.536,1994-12-24,0
2947139,53477.658,1994-11-21,0
3761894,53464.936,1994-12-25,0
607462,53464.0829,1995-01-09,0
2479715,53409.1263,1995-01-21,0
5277574,53406.9994,1994-12-03,0
606211,53387.2248,1994-12-29,0
1519143,53385.346,1994-11-28,0
3900198,53367.5961,1995-01-03,0
5020802,53351.0496,1994-11-07,0
2839041,53320.2768,1995-01-04,0
4868131,53319.6412,1994-11-27,0
3435203,53316.3342,1995-02-19,0
1889317,53274.8496,1994-12-09,0
5583013,53272.9224,1995-02-15,0
442437,53259.6852,1994-12-01,0
5839174,53233.5006,1995-01-13,0
4022919,53231.4856,1995-01-24,0
5635175,53223.8952,1994-12-24,0
5364672,53197.144,1994-12-11,0
709921,53193.888,1994-11-28,0
2854304,53183.79,1995-01-28,0
5397702,53182.2186,1995-02-12,0
5966370,53181.5712,1995-02-18,0
534532,53156.3304,1994-11-09,0
4698087,53105.76,1995-01-24,0
2926016,53104.24,1994-12-19,0
4312196,53092.8768,1995-01-14,0
984134,53092.1286,1994-12-24,0
1334822,53090.9184,1995-01-10,0
762310,53085.669,1994-11-30,0
5006179,53075.0286,1994-12-02,0
4467302,53064.7656,1995-02-12,0
1633728,53037.2304,1994-11-07,0
3738976,53037.0004,1995-03-01,0
4832321,53027.2844,1995-02-23,0
1074947,53018.7918,1995-02-16,0
1281252,53000.3973,1995-02-23,0
101862,52946.4378,1995-01-06,0
475654,52943.1291,1995-01-08,0
4834053,52935.0311,1995-01-04,0
5454823,52934.4648,1994-11-08,0
738656,52929.408,1994-11-15,0
3254850,52909.3581,1994-12-28,0
409473,52890.5732,1994-12-21,0
3501958,52890.11,1995-01-10,0
1941766,52879.5312,1995-01-25,0
4968483,52875.1113,1995-01-06,0
3569796,52837.65,1995-01-13,0
393699,52795.3047,1995-01-19,0
3980514,52786.368,1994-12-04,0
2338531,52773.0,1995-02-04,0
3171909,52758.2196,1994-12-01,0
4513346,52754.4534,1995-02-03,0
1350980,52751.1456,1994-11-30,0
2030372,52737.7788,1994-12-06,0
4853187,52709.1236,1994-12-28,0
593025,52692.0384,1994-11-23,0
2594467,52685.8294,1995-01-25,0
3060484,52666.6536,1995-02-20,0
4750978,52664.337,1994-11-23,0
2666213,52661.76,1995-01-25,0
2531108,52659.5332,1994-11-06,0
4969702,52657.8075,1995-02-10,0
3594372,52639.5322,1995-02-26,0
1495586,52621.9536,1994-12-21,0
5503203,52611.2,1994-12-19,0
3367078,52592.6504,1995-01-27,0
4586049,52592.5278,1994-11-21,0
1494755,52591.5144,1995-01-09,0
664835,52587.7629,1995-01-05,0
5965730,52581.888,1995-01-12,0
754755,52568.8,1994-11-09,0
4067937,52546.6338,1995-03-02,0
4521667,52545.3984,1994-11-23,0
5879489,52543.4334,1995-02-13,0
2389347,52524.7632,1994-12-28,0
427265,52517.934,1995-02-10,0
1175811,52510.4148,1995-02-01,0
5052486,52500.952,1994-12-16,0
1861057,52485.408,1995-01-27,0
3408099,52485.3,1994-11-23,0
2596898,52481.1254,1995-01-07,0
1939301,52462.6668,1995-03-01,0
3414561,52418.718,1995-01-10,0
2092422,52416.891,1994-11-18,0
3313573,52412.3336,1995-02-27,0
3425408,52408.802,1994-11-24,0
3972033,52375.742,1994-12-24,0
1860128,52369.9052,1994-12-03,0
5363430,52362.2034,1994-12-18,0
4932165,52357.0766,1995-01-16,0
3983206,52354.8134,1994-11-21,0
87718,52349.37,1995-01-16,0
791138,52346.75,1994-12-23,0
1262020,52345.527,1994-12-29,0
1608647,52340.044,1994-12-02,0
3161953,52332.1701,1995-01-23,0
667205,52321.535,1994-12-02,0
165603,52308.9572,1994-12-18,0
1936932,52292.736,1994-12-30,0
7651,52290.837,1995-01-16,0
5631330,52280.3592,1995-01-08,0
1611846,52254.0655,1994-11-16,0
4203617,52243.8622,1994-11-28,0
3823591,52231.2185,1994-11-27,0
2366336,52210.3218,1994-12-06,0
4062656,52196.9172,1995-02-03,0
2785446,52163.6544,1994-12-10,0
1784355,52135.8072,1995-01-14,0
1921668,52130.7102,1995-01-17,0
398087,52130.05,1994-11-13,0
2905536,52129.4165,1994-12-21,0
936928,52128.9931,1994-12-08,0
73889,52124.8608,1995-01-19,0
3180963,52117.3036,1995-02-14,0
5164612,52112.2498,1995-02-16,0
3919108,52086.24,1995-01-29,0
1043397,52077.12,1994-11-19,0
2055815,52076.6064,1994-11-28,0
3807271,52044.2064,1995-01-07,0
3728385,52043.6096,1994-12-01,0
2738468,52033.7325,1994-12-19,0
3918149,52028.9802,1995-01-06,0
2328066,52025.85,1995-01-14,0
714215,52024.7712,1994-12-06,0
1830147,52023.1419,1995-01-26,0
5036452,52012.4924,1995-01-03,0
2124421,52008.244,1994-11-26,0
1971140,51983.9778,1995-01-03,0
3641633,51972.9648,1995-02-24,0
457344,51956.1042,1994-12-06,0
693600,51954.903,1994-11-14,0
4173476,51952.1415,1995-02-01,0
1260514,51940.251,1994-11-18,0
256805,51938.9064,1995-03-01,0
4783650,51936.807,1994-12-31,0
615363,51929.128,1995-01-01,0
3863136,51925.8432,1995-01-23,0
2601574,51910.368,1995-01-05,0
2781190,51867.5703,1995-01-28,0
1579653,51848.3324,1995-01-28,0
5278400,51843.6132,1994-12-02,0
4855781,51840.987,1994-12-19,0
2488898,51793.6468,1995-02-04,0
2032290,51777.2981,1994-12-23,0
4584295,51766.7545,1994-12-17,0
5314819,51746.1112,1995-02-18,0
2413984,51738.3405,1994-12-01,0
2500231,51718.3617,1995-01-26,0
3577222,51692.274,1994-12-26,0
3807588,51688.4544,1994-12-13,0
1968320,51667.65,1994-11-11,0
5266083,51648.2952,1995-01-09,0
713440,51628.1832,1994-11-30,0
3053185,51610.0852,1995-02-20,0
2854403,51603.2178,1995-03-01,0
4142695,51552.936,1995-01-15,0
3959557,51548.5757,1995-03-03,0
672129,51530.6,1994-12-22,0
3254306,51528.5864,1994-12-22,0
617442,51517.3626,1995-01-05,0
1183781,51509.8012,1994-12-21,0
1224772,51506.8389,1994-11-17,0
1299685,51475.8294,1994-12-17,0
635234,51460.986,1995-02-25,0
5950754,51412.6692,1995-01-11,0
486886,51409.4857,1994-12-20,0
5414311,51401.658,1994-12-31,0
3555940,51374.169,1994-12-09,0
3074019,51359.2214,1995-01-09,0
1279073,51358.08,1995-01-03,0
1946720,51350.442,1994-12-29,0
3879718,51334.419,1994-12-16,0
981506,51320.1888,1994-12-29,0
2526691,51313.6036,1995-01-12,0
331335,51305.9598,1995-01-27,0
4760039,51296.3142,1994-12-11,0
5962273,51294.621,1994-11-11,0
3084004,51279.65,1994-11-28,0
1979616,51273.0675,1994-12-28,0
1014404,51261.066,1995-01-02,0
3318272,51255.36,1994-12-24,0
3729507,51242.49,1995-02-17,0
5922086,51230.5885,1995-01-03,0
3801986,51224.634,1994-11-15,0
3226404,51190.9479,1995-02-20,0
3629120,51177.7233,1994-12-06,0
4690403,51139.1255,1995-02-14,0
3690438,51122.07,1994-12-29,0
3496642,51109.968,1995-01-31,0
2445824,51109.6488,1995-01-03,0
203011,51069.704,1994-12-09,0
3767719,51059.8875,1995-02-13,0
2062279,51058.6368,1995-01-12,0
765889,51053.652,1994-11-24,0
1114113,51034.9497,1995-02-17,0
5762049,51028.16,1994-11-16,0
2771555,51012.72,1994-12-02,0
5982407,51005.5854,1995-01-22,0
2503841,50998.42,1995-02-13,0
1374213,50997.8905,1995-02-08,0
1964772,50980.9664,1994-12-31,0
4058752,50972.7606,1994-12-07,0
5414912,50964.208,1995-01-22,0
2328228,50958.83,1995-01-08,0
306311,50956.932,1994-11-26,0
4154371,50937.804,1995-02-17,0
1125760,50931.78,1994-11-15,0
5968834,50907.2564,1995-02-07,0
868356,50901.9282,1994-11-25,0
5924838,50899.8844,1995-01-26,0
2888482,50897.0835,1995-02-16,0
5587877,50895.3498,1995-02-18,0
4606818,50886.693,1995-01-18,0
4453926,50883.157,1995-03-02,0
759397,50868.2826,1994-11-29,0
2196198,50840.44,1994-12-11,0
1649024,50835.114,1994-12-26,0
3692327,50832.144,1994-11-25,0
2693187,50826.528,1995-02-26,0
2627463,50820.1794,1995-01-26,0
1439140,50819.4568,1995-01-09,0
3161637,50787.6096,1995-02-13,0
5008962,50725.584,1994-12-05,0
2051075,50712.5384,1994-12-26,0
1098050,50711.9613,1995-02-23,0
3153030,50706.48,1995-01-17,0
963877,50701.9485,1995-01-09,0
3074372,50695.0324,1994-11-23,0
5410752,50694.5668,1994-12-27,0
5074689,50685.7849,1995-01-28,0
3744324,50657.751,1994-12-30,0
2430629,50647.74,1994-11-13,0
1797347,50645.794,1995-03-01,0
5192934,50636.064,1995-01-01,0
2768453,50632.272,1994-12-02,0
1425571,50631.865,1994-12-21,0
3316995,50628.0544,1995-02-16,0
2755746,50620.2536,1995-02-09,0
3011905,50613.6638,1995-01-24,0
289634,50561.8,1994-11-22,0
3602375,50550.4616,1994-12-28,0
2896931,50543.6779,1995-01-17,0
1384034,50526.584,1995-01-30,0
3504482,50521.1292,1994-12-14,0
3269891,50519.423,1994-12-06,0
872996,50511.5084,1995-01-24,0
3666082,50497.2636,1995-01-19,0
219013,50494.5364,1995-02-06,0
5139012,50491.8482,1995-03-02,0
4443745,50487.4991,1995-01-21,0
2738212,50482.2816,1994-12-21,0
23556,50453.4464,1995-01-10,0
1975813,50443.47,1994-12-01,0
3635938,50439.55,1994-11-24,0
1461382,50433.2294,1995-02-02,0
2853957,50423.646,1995-02-09,0
2544614,50422.4266,1995-02-11,0
2199488,50401.3212,1995-01-12,0
4722720,50391.831,1995-03-01,0
3046852,50381.0634,1995-02-23,0
639360,50367.36,1994-11-23,0
1461601,50361.91,1995-02-09,0
5761991,50361.7695,1995-02-11,0
4350886,50358.6594,1994-11-29,0
5483872,50332.62,1995-01-20,0
5526085,50308.6518,1995-02-24,0
892647,50306.6619,1995-01-22,0
4753606,50296.8375,1995-01-13,0
2535299,50295.276,1995-01-09,0
1816612,50292.7918,1995-01-20,0
2801890,50275.5244,1995-02-20,0
708896,50270.96,1995-02-05,0
4195712,50262.8763,1994-12-20,0
791207,50262.534,1994-11-23,0
3024515,50261.4,1995-01-20,0
3476995,50259.6912,1994-11-26,0
4814465,50247.6214,1995-01-17,0
2942209,50233.7504,1995-02-28,0
1990055,50228.43,1995-01-22,0
2575842,50225.2509,1995-01-06,0
5886464,50215.347,1994-12-29,0
3124999,50208.032,1995-01-28,0
1224548,50201.3535,1995-01-13,0
52551,50188.715,1995-01-22,0
5288096,50174.1604,1994-11-21,0
5255552,50163.711,1994-11-24,0
3352165,50158.6806,1995-01-22,0
1259141,50156.2922,1995-01-10,0
2150247,50118.1408,1994-11-12,0
4479458,50109.84,1995-02-05,0
3053031,50107.161,1994-12-11,0
4287873,50106.4066,1995-01-03,0
5844065,50101.2939,1994-12-27,0
3041283,50055.88,1995-01-22,0
406659,50052.156,1994-12-05,0
3135746,50048.9924,1995-02-12,0
5965379,50047.578,1994-12-09,0
5594337,50031.3778,1995-01-30,0
2683492,50017.217,1994-12-22,0
339970,50005.3438,1995-02-10,0
5671040,49991.2405,1995-03-03,0
1357344,49987.0371,1995-02-14,0
546853,49959.864,1994-11-29,0
5679553,49933.3128,1994-12-11,0
2793121,49929.489,1995-01-04,0
968897,49927.293,1994-12-12,0
3444997,49922.975,1994-12-09,0
451424,49888.3918,1994-11-25,0
2144071,49881.3237,1994-12-31,0
2378599,49849.956,1994-12-08,0
592736,49841.0066,1995-02-23,0
3160288,49831.3566,1995-01-06,0
1399879,49828.8387,1995-01-18,0
5543040,49819.7112,1995-01-18,0
1357218,49814.6553,1995-02-22,0
697602,49778.9784,1995-02-12,0
4663140,49767.8115,1995-02-12,0
406565,49764.201,1995-02-13,0
4915009,49732.2198,1995-01-02,0
2791334,49718.823,1994-12-30,0
3334788,49710.912,1995-01-10,0
4713059,49707.5724,1995-02-02,0
4522789,49698.7002,1994-11-18,0
5553669,49698.198,1995-01-20,0
2122343,49671.936,1994-11-26,0
4631173,49668.753,1994-11-27,0
1427077,49667.391,1995-01-31,0
4174497,49648.36,1994-11-25,0
603015,49644.0798,1995-02-01,0
1787203,49639.3846,1994-12-02,0
2737313,49616.28,1995-01-06,0
3962338,49615.4654,1994-12-05,0
1279010,49610.319,1995-01-30,0
5321441,49607.32,1994-12-20,0
4545638,49599.4176,1994-12-09,0
4208576,49582.6492,1994-12-31,0
2929986,49577.073,1995-01-11,0
548738,49566.9812,1995-02-09,0
4200421,49560.6474,1995-01-01,0
5635078,49532.8064,1995-01-15,0
506180,49504.6296,1995-01-05,0
139972,49499.8173,1995-01-08,0
61856,49480.362,1995-01-29,0
1085988,49476.7602,1995-03-03,0
1506081,49459.2184,1994-11-16,0
2680033,49454.6304,1994-11-26,0
4668866,49439.428,1995-02-20,0
4986503,49422.38,1994-11-10,0
4072774,49399.107,1994-11-26,0
4279878,49392.552,1994-11-11,0
3616129,49389.9924,1995-02-06,0
5651936,49383.6651,1995-02-03,0
5089892,49382.7072,1995-02-24,0
2037568,49379.7604,1995-01-27,0
4547300,49373.28,1994-12-13,0
4422981,49350.4712,1995-02-11,0
315297,49334.3815,1994-12-22,0
2862496,49300.272,1994-12-10,0
4804644,49286.7193,1995-01-15,0
2745862,49286.1308,1995-01-26,0
3909509,49279.0272,1995-01-16,0
5932423,49268.16,1995-01-22,0
3505799,49256.901,1995-01-22,0
1169922,49244.3389,1995-01-01,0
1299143,49227.09,1994-12-24,0
2388997,49225.2201,1995-02-27,0
242369,49211.4987,1994-12-05,0
547105,49159.383,1995-01-05,0
616614,49107.63,1994-11-28,0
2006500,49104.32,1994-11-12,0
4412578,49098.9408,1995-02-23,0
3627043,49083.9852,1994-12-27,0
132931,49058.2719,1994-11-27,0
454436,49034.6871,1995-01-25,0
5616711,49022.9658,1995-01-13,0
4438245,49002.327,1994-11-25,0
5977731,49001.1518,1995-01-20,0
3792131,48973.2758,1995-02-12,0
3229158,48961.6608,1995-01-12,0
832259,48950.4154,1995-02-01,0
3482279,48934.6704,1994-11-05,0
2980641,48930.3906,1995-01-08,0
2699745,48925.242,1995-01-20,0
2719587,48862.386,1994-12-25,0
3577217,48852.5,1994-11-27,0
2031680,48847.04,1995-02-05,0
2149184,48846.1436,1995-01-31,0
2684836,48842.3572,1995-02-21,0
1838016,48835.225,1995-02-18,0
4167491,48817.3868,1995-01-05,0
1512324,48810.126,1995-01-31,0
5457635,48808.1784,1995-02-26,0
3721537,48778.6316,1995-01-19,0
5657636,48765.1428,1995-02-12,0
378406,48754.589,1995-01-17,0
4512486,48747.8578,1994-12-10,0
5462084,48740.839,1994-11-30,0
823299,48710.424,1994-11-20,0
2454754,48709.3321,1995-01-05,0
573094,48692.2079,1994-12-17,0
4710530,48692.16,1994-12-27,0
1267428,48685.9975,1995-01-03,0
677511,48676.7616,1994-11-16,0
139266,48673.5681,1994-11-15,0
5065604,48664.868,1995-01-04,0
2716647,48656.153,1995-02-17,0
1200871,48648.5,1994-12-26,0
1369895,48609.693,1995-02-04,0
5607777,48588.813,1994-11-12,0
5366821,48588.4882,1994-11-27,0
5731430,48584.1086,1994-12-16,0
3643686,48573.2702,1995-01-08,0
477540,48572.916,1995-02-23,0
1004391,48567.3063,1995-01-13,0
3942401,48551.022,1994-12-11,0
987749,48528.2896,1995-01-21,0
3427904,48513.2966,1994-11-27,0
2375744,48510.0,1994-11-12,0
769287,48506.8644,1995-02-17,0
5517538,48503.741,1995-02-09,0
426561,48497.673,1994-12-28,0
3719841,48466.1,1994-12-17,0
2519650,48450.1615,1994-12-29,0
21760,48432.8715,1995-01-31,0
1053766,48414.366,1994-12-06,0
4262530,48411.8236,1995-02-25,0
639618,48410.09,1995-01-07,0
4251200,48388.4604,1995-01-09,0
527239,48375.1305,1994-12-11,0
640871,48367.638,1994-12-04,0
72228,48358.228,1995-01-06,0
5527143,48357.918,1994-11-22,0
3604165,48321.84,1995-01-26,0
703585,48318.5472,1994-11-11,0
208800,48285.888,1995-01-24,0
1245766,48283.4911,1994-11-20,0
3776897,48283.389,1994-12-08,0
1201633,48276.2297,1995-02-12,0
4348099,48251.88,1994-11-18,0
1608583,48243.7188,1995-02-09,0
734916,48237.4074,1994-11-10,0
296165,48208.828,1995-01-29,0
2127168,48206.0124,1995-02-11,0
3910947,48199.726,1995-02-15,0
1063907,48191.733,1995-02-20,0
5177892,48152.466,1994-11-22,0
1863588,48143.3286,1994-11-28,0
566342,48131.226,1995-01-03,0
479011,48113.5746,1995-01-02,0
209988,48111.876,1994-11-17,0
575841,48107.3149,1994-12-14,0
2701987,48103.272,1994-11-14,0
1713091,48102.402,1994-12-07,0
1997954,48091.019,1995-01-22,0
1457984,48084.9321,1994-12-31,0
941730,48076.0623,1995-01-16,0
5574560,48066.3552,1995-01-04,0
356416,48061.2792,1995-01-28,0
4565863,48059.4144,1995-01-17,0
1261888,48010.5249,1995-01-13,0
1287654,48004.4424,1994-11-17,0
2642853,47974.9568,1994-12-18,0
4719329,47952.6085,1994-12-12,0
2757185,47944.284,1994-11-26,0
5479077,47942.0586,1995-01-03,0
866309,47898.162,1994-12-15,0
4550562,47890.8684,1994-12-30,0
5766114,47886.1098,1995-01-20,0
2407206,47885.13,1994-11-24,0
5001029,47879.424,1995-01-07,0
5018083,47842.4736,1995-02-04,0
461152,47841.9945,1994-12-14,0
3815329,47835.848,1995-01-30,0
1328129,47833.1504,1995-01-22,0
2827815,47831.984,1995-02-21,0
428384,47830.8328,1995-02-16,0
3266244,47821.76,1995-02-03,0
5889696,47812.561,1994-12-03,0
2618849,47796.5718,1994-12-19,0
3137664,47786.9492,1994-11-29,0
2515557,47784.144,1994-12-04,0
5940293,47780.559,1994-12-11,0
1237735,47777.8975,1994-11-30,0
1511424,47767.0292,1994-11-24,0
1521189,47761.8184,1994-12-08,0
5597351,47761.8066,1995-01-11,0
5622755,47740.608,1994-12-25,0
3144963,47738.1312,1995-01-05,0
2004934,47731.9216,1995-02-16,0
4600838,47724.84,1995-01-21,0
2818466,47713.5125,1994-12-18,0
4654467,47707.668,1995-01-30,0
2031970,47680.2909,1995-01-06,0
4866272,47680.1754,1995-01-24,0
4262338,47653.056,1995-02-26,0
3685474,47646.2226,1995-01-25,0
544741,47617.5051,1994-12-18,0
651744,47605.7822,1995-01-20,0
983717,47578.5485,1995-01-07,0
271648,47553.9648,1994-12-21,0
1942055,47540.5,1994-11-14,0
5607009,47535.462,1994-11-29,0
1967747,47534.8374,1994-12-13,0
3574086,47522.0572,1995-01-09,0
5419811,47521.436,1995-01-13,0
609475,47510.3448,1994-12-25,0
1461703,47496.05,1995-01-17,0
1405316,47494.3,1994-11-22,0
2336166,47481.1085,1995-02-01,0
5811456,47477.913,1995-01-30,0
622848,47475.826,1994-12-15,0
3431840,47473.7664,1995-01-01,0
3449382,47455.281,1995-01-16,0
1048129,47442.5448,1994-11-12,0
4556932,47432.8086,1994-12-07,0
3169250,47430.8763,1994-12-23,0
768132,47424.5896,1995-02-01,0
2092515,47416.702,1995-01-21,0
1783492,47403.9572,1995-02-14,0
4942791,47397.8655,1994-11-22,0
3905507,47394.3766,1994-12-27,0
1645156,47386.3404,1994-12-27,0
2795461,47381.1296,1994-12-16,0
554241,47372.16,1994-11-14,0
2359360,47360.0952,1995-01-20,0
814467,47336.8584,1995-01-19,0
2709059,47323.775,1995-02-03,0
5747297,47323.2384,1994-12-28,0
2707680,47318.7824,1995-02-05,0
3289088,47311.11,1994-12-23,0
4107873,47302.5377,1995-03-03,0
4730118,47279.654,1995-01-11,0
1443429,47274.4139,1994-12-08,0
2292610,47244.2976,1994-11-27,0
4449441,47241.8079,1994-11-24,0
5001795,47238.384,1994-11-26,0
2400192,47233.29,1994-12-21,0
456903,47230.77,1995-02-20,0
2519814,47217.8055,1995-02-22,0
602819,47212.4445,1994-12-24,0
2368898,47208.897,1995-03-02,0
1433763,47197.92,1994-12-12,0
3370980,47171.25,1994-12-05,0
329319,47169.9936,1995-02-13,0
2018373,47165.6405,1994-12-23,0
5431396,47154.998,1995-01-25,0
5522757,47153.3328,1994-11-15,0
311047,47149.0432,1994-12-06,0
3101250,47145.492,1994-12-06,0
2569155,47125.662,1995-01-02,0
876004,47112.9886,1994-12-21,0
4187685,47094.761,1994-12-15,0
2613511,47089.8625,1995-01-03,0
1788903,47010.8997,1995-01-30,0
5648516,47010.18,1995-01-03,0
1294882,46981.2128,1994-11-17,0
2665734,46978.4016,1995-03-01,0
4841314,46955.738,1995-02-16,0
3908358,46954.32,1994-11-27,0
5572066,46945.0332,1995-01-29,0
5648262,46918.98,1994-11-15,0
4169824,46914.9226,1995-01-12,0
1169859,46902.849,1995-02-11,0
499107,46897.0768,1994-12-29,0
3901125,46867.392,1994-12-15,0
4853284,46857.4328,1994-12-23,0
3693955,46841.2576,1995-02-19,0
4584484,46837.1784,1994-11-22,0
4710369,46832.304,1994-12-12,0
1124615,46830.87,1994-12-15,0
404484,46821.32,1995-03-02,0
3759940,46814.7134,1994-12-13,0
5856067,46802.6685,1994-12-08,0
3727815,46799.263,1995-01-01,0
439942,46791.2199,1995-02-15,0
978950,46781.32,1994-12-19,0
4867778,46774.048,1995-02-01,0
4229284,46760.364,1994-12-23,0
5913633,46743.84,1994-12-01,0
550050,46743.2982,1995-02-17,0
3299329,46703.36,1994-11-14,0
185634,46702.6404,1994-12-26,0
5850275,46676.5688,1994-12-20,0
3781216,46675.9202,1994-12-25,0
5096705,46669.14,1994-11-22,0
3935555,46659.56,1995-02-18,0
4040450,46651.7233,1995-01-13,0
1006727,46583.2224,1995-01-26,0
1286403,46572.9519,1995-01-05,0
4225411,46555.7442,1994-12-15,0
2487490,46549.5876,1994-12-01,0
3792002,46545.0306,1994-12-04,0
5548132,46541.3984,1994-12-17,0
5180961,46521.2904,1995-02-10,0
2492133,46515.0639,1994-12-12,0
3379269,46509.8025,1994-11-14,0
1129604,46482.8364,1995-01-21,0
712576,46478.52,1994-12-07,0
2065155,46474.1116,1995-02-26,0
4087553,46447.2,1994-11-11,0
3152902,46443.3696,1994-11-24,0
5246753,46428.4896,1994-11-21,0
3178466,46425.6354,1994-12-09,0
3293703,46422.3305,1995-01-12,0
4670722,46419.75,1994-11-05,0
5833636,46394.166,1994-11-25,0
1053056,46380.264,1994-11-22,0
174784,46362.616,1995-02-03,0
181440,46343.28,1995-02-22,0
3143713,46330.489,1995-01-14,0
1766342,46313.918,1994-11-10,0
1289670,46311.57,1994-12-21,0
4420641,46297.0368,1994-11-15,0
5495622,46285.618,1995-02-08,0
1229506,46256.8548,1995-01-03,0
1171973,46226.7381,1994-11-15,0
2084773,46213.334,1995-02-13,0
4626881,46205.0325,1995-02-14,0
4154272,46187.1774,1994-12-11,0
2486501,46181.7736,1995-01-18,0
1331748,46175.7476,1995-02-04,0
2138240,46165.2487,1994-12-26,0
894978,46164.762,1994-11-10,0
1812130,46134.679,1994-11-28,0
1423777,46125.828,1995-01-09,0
3855843,46108.118,1994-12-24,0
3700037,46084.8206,1995-01-29,0
1033954,46061.5337,1995-02-13,0
2627777,46039.931,1994-12-01,0
5072833,45994.02,1995-01-05,0
2804162,45991.208,1995-01-25,0
4072001,45987.8328,1995-01-21,0
3448198,45979.8262,1995-01-07,0
437635,45970.74,1994-12-17,0
1897827,45969.58,1995-02-16,0
5188833,45969.1245,1995-01-18,0
4699750,45953.532,1994-12-31,0
1663844,45952.9558,1994-12-03,0
3956641,45945.329,1995-02-26,0
1333188,45925.074,1994-12-16,0
5333542,45919.5828,1995-02-23,0
2934884,45913.23,1995-01-23,0
861477,45907.4372,1995-02-23,0
4141536,45882.2341,1995-02-27,0
1957921,45877.1232,1994-12-22,0
3098850,45873.408,1995-02-08,0
5838240,45834.1668,1995-03-03,0
4781572,45826.1685,1994-12-12,0
1727462,45787.074,1994-11-05,0
946240,45769.4097,1995-02-17,0
668449,45764.0752,1994-11-25,0
5526211,45762.799,1995-01-13,0
1919652,45758.3308,1995-01-06,0
5488866,45753.2928,1995-02-11,0
1977248,45730.8,1994-11-24,0
5640389,45703.3213,1995-01-31,0
557924,45682.3719,1994-11-27,0
4746727,45675.5,1994-12-03,0
4388928,45675.3,1995-02-13,0
1769319,45670.0625,1994-11-29,0
3475682,45648.3804,1994-11-19,0
1105184,45635.2936,1995-01-15,0
5619393,45627.1488,1994-11-12,0
2351331,45598.7388,1995-01-18,0
4288770,45595.6956,1995-01-16,0
2096387,45572.6803,1995-02-03,0
3643169,45551.28,1994-12-15,0
3928769,45537.4425,1994-12-13,0
1577703,45502.6176,1994-12-15,0
5648231,45497.8764,1995-01-07,0
3178694,45472.4937,1994-12-17,0
3881090,45439.3391,1995-02-25,0
2673858,45437.2,1994-12-19,0
3869958,45433.7815,1994-12-15,0
1151270,45430.2954,1994-11-13,0
3272514,45427.7472,1995-01-05,0
1412866,45421.572,1995-01-11,0
3986119,45420.0715,1995-01-06,0
1577092,45406.8944,1994-11-24,0
4861412,45389.3504,1994-12-16,0
5548000,45366.468,1994-12-26,0
4916741,45356.4015,1995-01-17,0
5561316,45334.9216,1995-01-22,0
1890055,45306.0453,1994-12-24,0
2949543,45303.5356,1995-02-03,0
947424,45303.3714,1994-12-16,0
5407264,45303.1345,1995-01-23,0
4184966,45301.267,1995-01-16,0
2711139,45277.9012,1994-11-14,0
579489,45267.7836,1995-01-30,0
296421,45240.8544,1994-12-25,0
2536516,45233.664,1995-02-19,0
1292197,45214.4885,1994-12-30,0
5019618,45209.5444,1995-01-07,0
2471714,45208.695,1994-12-09,0
3918209,45207.1748,1995-03-02,0
5176993,45199.07,1995-01-14,0
2508258,45192.9852,1994-11-25,0
5315425,45191.412,1994-12-02,0
5435397,45190.5696,1995-02-23,0
2897024,45183.8871,1995-02-22,0
4954208,45140.6304,1995-01-06,0
3038721,45129.924,1995-02-16,0
2671844,45112.7712,1994-11-17,0
1968740,45098.6481,1995-01-24,0
2625540,45098.3715,1995-01-21,0
3790470,45092.2318,1995-03-02,0
4460645,45079.8075,1995-01-26,0
1667904,45045.0,1995-01-22,0
3064161,45043.92,1995-01-13,0
3352835,45040.7412,1995-01-15,0
1068582,45026.3051,1995-02-14,0
468225,45017.27,1995-02-08,0
2366112,45008.055,1994-12-15,0
5889026,44998.39,1995-02-22,0
5357186,44988.5997,1994-11-09,0
1997925,44985.6407,1995-02-10,0
4192644,44973.9648,1994-12-29,0
3565184,44959.386,1995-02-11,0
3131651,44955.48,1994-11-14,0
5947169,44951.94,1995-01-23,0
1333313,44947.5534,1995-02-09,0
1968065,44920.6368,1994-12-25,0
3742951,44917.919,1994-11-28,0
2469895,44887.068,1994-11-25,0
3736996,44848.5142,1995-02-13,0
1827716,44842.7184,1995-01-31,0
1030949,44828.6008,1995-02-03,0
5075200,44818.074,1994-11-20,0
151335,44780.0112,1994-11-11,0
5007364,44770.2544,1994-12-09,0
1491205,44751.338,1994-12-29,0
3675748,44747.0104,1995-01-25,0
861539,44740.28,1995-01-13,0
5144550,44720.478,1995-01-05,0
2792961,44717.184,1994-11-13,0
3023681,44712.0192,1994-12-10,0
1355109,44702.9548,1994-11-18,0
1897634,44700.39,1994-12-22,0
4235172,44689.995,1995-02-03,0
4640293,44687.214,1995-01-11,0
1803396,44677.0085,1994-11-14,0
4713986,44642.982,1995-01-15,0
1633159,44616.3625,1995-02-24,0
1638021,44609.4464,1995-03-03,0
5779972,44589.6193,1995-02-12,0
3343111,44584.1396,1994-12-26,0
5861379,44573.958,1995-02-18,0
453254,44556.6556,1994-11-24,0
3564741,44546.436,1995-01-28,0
1236294,44531.312,1995-02-10,0
2886951,44512.107,1994-12-26,0
3619077,44497.5426,1994-12-10,0
3780673,44494.5555,1994-12-26,0
976992,44486.3826,1994-12-13,0
3697154,44478.369,1994-12-31,0
2633986,44438.835,1994-12-26,0
5094406,44431.6614,1995-01-15,0
3858594,44424.5184,1994-12-02,0
413410,44423.1936,1995-01-15,0
4642080,44420.72,1994-11-28,0
737061,44411.85,1994-12-22,0
3376390,44379.9,1995-01-08,0
4168070,44368.857,1994-12-22,0
315015,44334.1008,1995-01-28,0
5704036,44327.25,1994-12-23,0
139463,44318.1024,1995-01-04,0
1877958,44314.992,1995-01-22,0
1596005,44265.3032,1994-11-27,0
2556103,44263.968,1994-11-14,0
5341669,44252.352,1994-11-07,0
3077923,44235.45,1994-11-14,0
5302182,44235.3312,1995-02-28,0
5706629,44219.5098,1994-12-06,0
541062,44219.3892,1995-01-23,0
4037602,44214.4444,1994-12-10,0
3293152,44200.1664,1995-02-24,0
3764737,44197.1712,1994-12-02,0
2502144,44195.181,1994-12-06,0
3288805,44173.3926,1994-11-10,0
3867719,44167.968,1995-01-04,0
3273536,44136.36,1995-01-20,0
4031079,44135.5392,1995-02-21,0
2592608,44129.0916,1995-02-24,0
756704,44128.695,1994-11-19,0
3309122,44128.031,1994-11-16,0
678820,44119.908,1994-12-01,0
1443074,44096.0016,1994-11-15,0
3215430,44086.2822,1994-11-16,0
4626662,44084.7052,1995-02-10,0
589734,44081.5168,1995-01-27,0
300805,44066.4894,1994-12-21,0
2732165,44066.0948,1994-12-12,0
2724128,44042.1618,1994-12-07,0
4564706,44040.8064,1995-01-23,0
2026630,44025.6524,1995-01-30,0
4152032,44019.4792,1994-11-17,0
4139811,43987.1872,1994-11-21,0
5989701,43975.9872,1995-02-18,0
4550275,43974.077,1994-12-08,0
5695460,43969.8432,1994-11-09,0
4999557,43954.6464,1994-12-06,0
1291138,43948.4892,1995-01-20,0
3212997,43946.82,1994-12-07,0
2273541,43924.316,1995-01-05,0
103335,43909.411,1994-12-24,0
1082464,43906.5262,1994-12-16,0
4819141,43889.664,1994-12-31,0
5476034,43860.31,1995-01-06,0
2474434,43847.4252,1994-12-02,0
3124678,43824.62,1995-01-18,0
4239523,43818.7041,1995-02-05,0
5543333,43812.366,1995-02-01,0
3736997,43778.907,1995-01-31,0
2995650,43748.5635,1995-01-30,0
1033317,43741.4694,1995-02-10,0
4152679,43715.802,1994-12-07,0
4148736,43715.4445,1994-12-15,0
3533057,43703.055,1994-11-30,0
1518279,43692.075,1994-12-01,0
1193792,43678.0708,1994-11-16,0
3652421,43652.9952,1995-01-05,0
1032611,43631.136,1994-12-28,0
5876643,43629.8805,1994-12-25,0
3850311,43629.1198,1994-12-11,0
2372295,43628.4362,1995-02-08,0
3011493,43612.128,1994-11-25,0
2726787,43578.192,1994-12-27,0
4891942,43570.0,1994-12-09,0
3354854,43560.1716,1995-01-08,0
694500,43510.608,1994-12-15,0
4825029,43504.56,1994-11-25,0
5225094,43479.1071,1994-12-28,0
1493731,43453.865,1994-12-08,0
5241954,43421.468,1994-11-11,0
4401024,43420.104,1994-12-26,0
699463,43409.921,1995-02-12,0
363747,43397.45,1995-02-11,0
2907170,43380.483,1995-01-06,0
1011780,43376.6322,1994-12-06,0
4722436,43374.54,1994-12-20,0
4512709,43354.2879,1994-12-17,0
4969282,43354.116,1995-01-28,0
3461858,43339.4024,1994-12-29,0
3444290,43333.9452,1995-01-07,0
1056643,43331.0235,1995-02-07,0
5211463,43326.9992,1995-01-13,0
5819712,43289.1984,1995-02-07,0
3845986,43281.8176,1995-01-23,0
2565414,43278.8148,1994-12-02,0
3055331,43278.3456,1995-01-20,0
4108037,43273.44,1994-12-15,0
4933221,43273.3612,1995-01-23,0
4340486,43262.748,1995-01-24,0
2572740,43255.989,1994-11-17,0
2292805,43245.748,1994-12-16,0
2237223,43245.7025,1995-02-04,0
2908320,43234.48,1995-02-03,0
2049413,43218.0,1994-11-23,0
1928965,43203.6,1994-12-10,0
592260,43185.1266,1995-01-27,0
5411044,43132.5555,1994-12-03,0
867555,43130.9142,1994-11-30,0
2154336,43130.4488,1995-01-27,0
1822278,43124.4,1995-02-12,0
5155587,43076.6,1995-02-14,0
146469,43061.22,1994-11-27,0
939428,43038.72,1995-03-02,0
3931168,43034.589,1994-11-17,0
3867623,43025.8304,1994-11-26,0
214087,42997.659,1995-02-18,0
1404646,42992.049,1994-11-11,0
5887590,42987.6174,1994-11-26,0
1427489,42986.4874,1994-11-22,0
4956292,42985.74,1994-12-10,0
3384516,42975.184,1995-01-16,0
4544353,42960.3174,1994-12-21,0
3390659,42932.1565,1995-02-22,0
2377764,42931.032,1994-12-13,0
4662306,42926.1364,1994-12-03,0
2654464,42864.912,1995-01-13,0
4598022,42855.5136,1994-12-30,0
5605636,42841.7535,1994-11-22,0
5254053,42816.144,1994-12-03,0
2712581,42808.822,1995-02-07,0
2787815,42788.1265,1994-12-22,0
4137223,42778.2888,1994-12-04,0
2354503,42766.287,1995-02-03,0
997376,42764.535,1994-12-04,0
768897,42745.776,1994-11-25,0
5845606,42722.208,1994-11-29,0
2576097,42720.5588,1994-11-27,0
2056358,42717.504,1995-01-13,0
2657061,42698.3088,1995-02-06,0
5755076,42696.5721,1995-01-02,0
1029952,42693.3984,1995-01-01,0
214208,42654.357,1994-11-07,0
4241890,42647.0616,1995-01-03,0
1560453,42634.306,1994-11-20,0
4830818,42619.7572,1994-12-27,0
4279431,42600.0484,1994-11-18,0
4602181,42599.5986,1994-12-10,0
4750404,42599.4224,1994-11-23,0
90917,42598.9146,1995-03-03,0
3793445,42591.7102,1995-01-12,0
3356641,42572.5768,1994-12-05,0
5187072,42563.6617,1994-12-25,0
5436352,42561.6712,1994-11-20,0
2413635,42560.7804,1994-12-05,0
5956193,42530.488,1995-01-05,0
2174339,42526.5512,1994-12-08,0
20965,42490.7322,1994-12-21,0
1389952,42489.7461,1994-12-17,0
3927877,42484.365,1994-11-07,0
5459840,42477.3256,1995-01-23,0
885188,42458.0736,1994-12-04,0
1449157,42434.3856,1995-01-15,0
5559458,42434.26,1994-12-05,0
3525921,42428.8176,1994-11-07,0
4357317,42424.342,1994-12-30,0
90727,42416.208,1994-12-10,0
2069952,42408.55,1995-02-10,0
3111911,42404.04,1995-03-02,0
3558592,42396.2634,1995-01-24,0
3624386,42387.1386,1995-01-19,0
952930,42382.4622,1995-01-16,0
5042016,42380.286,1994-12-26,0
4509955,42371.082,1994-12-20,0
1563075,42363.8264,1994-12-20,0
1380932,42359.0076,1994-12-06,0
5689990,42351.0402,1995-02-07,0
4584454,42344.4868,1994-12-14,0
562085,42342.8688,1994-12-16,0
4874371,42342.3,1995-01-01,0
3290275,42335.9514,1995-01-03,0
4503427,42330.7976,1994-12-13,0
1784709,42316.2096,1994-12-29,0
1566978,42315.1792,1994-11-13,0
3723398,42311.0896,1995-01-26,0
1024449,42298.83,1995-01-15,0
4567810,42284.6424,1994-11-21,0
3414657,42266.07,1994-12-25,0
2978247,42217.902,1995-02-07,0
1882371,42177.89,1994-11-09,0
2759175,42177.5739,1995-02-14,0
1949666,42157.219,1994-12-25,0
5895296,42153.2592,1994-12-14,0
4193509,42150.5658,1994-12-13,0
3713190,42147.5575,1995-01-24,0
313153,42144.966,1995-03-02,0
4653252,42130.3792,1995-02-16,0
595300,42125.6316,1994-11-29,0
979591,42113.6072,1994-12-21,0
3980679,42077.2517,1995-02-04,0
1350371,42064.5696,1994-11-06,0
2501222,42064.16,1994-12-04,0
5641383,42062.004,1994-11-29,0
3685126,42058.9323,1994-12-03,0
3478599,42058.513,1994-12-30,0
5312224,42017.9463,1994-11-30,0
1669158,42007.9452,1995-02-11,0
4928070,42001.9652,1994-12-12,0
2209830,42000.084,1995-01-09,0
3998758,41999.305,1994-12-12,0
4790117,41956.245,1994-12-16,0
3372033,41955.7248,1994-11-24,0
710407,41954.6064,1994-12-18,0
2436902,41953.8,1995-02-07,0
750944,41927.7465,1994-12-04,0
2181956,41909.1156,1994-11-17,0
4963296,41899.662,1995-01-25,0
4969159,41896.2025,1995-02-02,0
124324,41892.4764,1995-02-13,0
5339559,41874.9075,1995-01-28,0
3999301,41862.7968,1995-02-16,0
1068773,41856.8696,1994-12-09,0
5743105,41852.4736,1995-01-25,0
5914694,41836.8132,1995-01-04,0
665154,41825.0016,1995-01-14,0
685888,41816.5157,1994-11-10,0
3676711,41811.9896,1995-01-17,0
540929,41782.7384,1994-11-27,0
1086276,41762.7936,1994-12-28,0
5839365,41716.848,1994-11-15,0
639815,41711.7006,1995-01-23,0
2176614,41704.92,1995-02-06,0
3679012,41703.012,1995-01-22,0
1774021,41696.6088,1995-01-18,0
3150023,41692.0922,1995-01-20,0
1312518,41690.4192,1995-02-23,0
5798759,41665.266,1994-12-05,0
1736448,41662.4076,1995-02-07,0
4164608,41656.1152,1995-02-07,0
513796,41644.5435,1994-12-23,0
5599207,41639.1414,1995-01-15,0
694561,41579.0454,1994-12-13,0
4572897,41576.34,1994-11-21,0
3679556,41566.5936,1994-12-10,0
3484387,41564.64,1994-12-18,0
3903872,41548.1976,1994-12-03,0
2356964,41540.6664,1995-02-28,0
3119460,41528.1,1994-11-28,0
1758400,41512.05,1994-11-20,0
5036065,41499.9816,1994-11-08,0
4763333,41480.4746,1995-01-23,0
33958,41432.0489,1995-02-03,0
1911235,41421.492,1994-12-04,0
4453765,41418.0,1994-12-08,0
1259202,41416.5304,1994-12-13,0
1754530,41391.6216,1994-12-29,0
1582692,41379.618,1994-12-24,0
3607270,41378.7066,1995-02-16,0
1318657,41354.5052,1994-12-13,0
1739975,41318.2188,1995-02-05,0
5295138,41315.778,1995-01-14,0
212039,41308.983,1995-01-26,0
124417,41305.671,1995-01-16,0
5867136,41303.8692,1994-11-30,0
4991043,41303.673,1995-01-27,0
1178275,41293.4124,1994-12-07,0
3334435,41279.464,1994-12-22,0
5813573,41277.7276,1994-11-21,0
2983206,41262.611,1995-01-09,0
5282501,41260.191,1994-12-16,0
880100,41239.265,1994-12-19,0
5304290,41220.318,1994-12-22,0
760356,41220.2826,1995-02-15,0
656192,41215.3,1995-01-03,0
3447105,41204.8594,1995-02-08,0
883233,41188.8072,1994-11-27,0
516228,41166.4671,1994-11-28,0
4063616,41165.1607,1995-02-03,0
287905,41161.4388,1995-01-12,0
4929665,41154.1858,1995-02-15,0
1257030,41149.764,1994-12-29,0
2297568,41138.5536,1994-11-13,0
746530,41133.432,1994-11-14,0
4725188,41109.1596,1994-12-14,0
5903590,41108.0367,1995-01-24,0
3509410,41088.4512,1994-12-05,0
5263588,41084.8593,1995-02-14,0
1610243,41073.974,1995-02-25,0
2381664,41073.4696,1995-02-07,0
1727748,41053.716,1995-01-09,0
5221541,41025.4737,1995-01-09,0
1775363,41021.7444,1994-11-30,0
1483619,41004.432,1995-01-01,0
3609287,40990.05,1994-12-18,0
1702279,40985.1375,1995-02-06,0
306053,40981.2371,1995-02-03,0
854407,40970.7242,1994-11-05,0
2856228,40950.0,1994-12-16,0
4084452,40883.8974,1995-02-16,0
3599782,40877.0892,1995-02-05,0
5716804,40825.5771,1994-12-16,0
4122980,40819.2102,1995-02-04,0
1479649,40806.9688,1995-01-03,0
4015271,40799.3652,1994-12-19,0
2616417,40785.5872,1994-12-19,0
2013733,40776.24,1994-12-01,0
2283681,40765.72,1995-02-26,0
4404288,40755.0738,1994-12-15,0
3663268,40737.7971,1994-12-03,0
2415074,40737.4896,1994-12-21,0
5971266,40734.7232,1995-01-20,0
4711139,40728.9519,1994-12-03,0
17891,40723.5654,1995-01-07,0
292545,40722.381,1995-01-12,0
4159846,40721.8986,1994-12-19,0
861511,40710.384,1994-11-15,0
819687,40683.2496,1994-11-12,0
5083712,40660.065,1994-11-21,0
106279,40651.11,1995-01-07,0
5909314,40646.655,1995-02-08,0
807332,40636.307,1995-01-12,0
5337984,40635.432,1994-11-16,0
5363238,40616.667,1994-11-16,0
279075,40589.25,1995-01-26,0
2098786,40581.6384,1994-12-13,0
1713958,40581.2664,1994-12-13,0
3063398,40580.1744,1995-02-01,0
3722662,40577.3601,1995-02-01,0
1066145,40569.9913,1995-01-30,0
5448610,40558.9548,1995-02-19,0
4733761,40553.28,1995-01-18,0
4730594,40551.72,1995-02-25,0
195844,40535.568,1994-11-22,0
4559335,40525.5906,1995-02-02,0
3039908,40516.318,1994-11-05,0
4320737,40511.0592,1994-12-21,0
321378,40494.44,1995-02-17,0
3381890,40450.2112,1994-12-31,0
2620960,40436.3814,1994-12-26,0
3742310,40434.0047,1995-01-06,0
3218402,40433.8788,1995-02-20,0
808869,40428.1592,1995-02-27,0
5694055,40424.3385,1995-02-07,0
1287173,40411.303,1994-12-12,0
1646115,40361.9088,1995-02-26,0
1420197,40358.7918,1994-12-10,0
1321089,40358.7171,1994-12-22,0
3183074,40356.72,1995-02-08,0
1223333,40356.5415,1995-01-26,0
475079,40352.2037,1994-12-17,0
1818145,40343.39,1994-12-17,0
5107170,40336.1088,1994-11-11,0
3110310,40320.0044,1995-01-04,0
911296,40316.3136,1994-11-19,0
445159,40312.5412,1994-12-06,0
27622,40311.0918,1995-02-07,0
4756037,40296.0,1995-03-02,0
3471968,40278.5488,1995-01-04,0
3745028,40265.1816,1995-01-31,0
4369250,40260.024,1994-11-17,0
4319906,40227.1104,1994-12-01,0
5315648,40213.8468,1995-01-09,0
233733,40183.564,1995-01-27,0
845638,40162.3068,1994-11-19,0
2450595,40154.8728,1995-01-10,0
5357446,40145.82,1994-12-17,0
5875203,40145.7456,1994-11-22,0
1928866,40141.4412,1994-12-16,0
1530562,40116.942,1994-12-16,0
4655106,40098.1627,1994-12-14,0
5786563,40085.523,1994-12-14,0
4976901,40080.489,1995-01-24,0
4266051,40078.3458,1995-02-25,0
2385125,40069.9026,1995-02-10,0
4599776,40051.98,1995-01-03,0
1370592,40049.8052,1994-11-12,0
5422306,40033.3476,1995-01-03,0
5225475,40025.2425,1995-02-06,0
142212,40021.41,1995-01-26,0
5724548,40004.8668,1994-12-06,0
5867751,39997.4324,1995-02-08,0
5209632,39995.76,1995-01-13,0
5041927,39992.5064,1995-02-14,0
4392420,39985.6116,1995-02-28,0
3607652,39984.3675,1995-02-22,0
5586950,39980.6976,1994-12-01,0
2106375,39979.6005,1995-01-03,0
659687,39964.904,1995-03-01,0
2801766,39955.113,1994-11-21,0
1260389,39927.6,1995-03-03,0
4730436,39927.2265,1995-02-17,0
4563463,39918.8196,1994-12-28,0
5382660,39902.058,1994-11-17,0
5127105,39890.61,1995-03-03,0
1429894,39884.6592,1994-11-23,0
3845696,39851.7091,1995-01-18,0
4064004,39823.875,1995-01-16,0
5847686,39820.12,1995-02-11,0
4390018,39809.7336,1995-01-03,0
1803008,39804.6948,1995-01-03,0
5674277,39802.4286,1994-12-19,0
1009829,39796.614,1994-11-16,0
5734148,39795.424,1995-01-11,0
1396515,39792.3935,1994-12-04,0
3605443,39781.6056,1994-12-06,0
5811424,39780.1092,1994-11-28,0
2748996,39766.9302,1995-01-25,0
4239270,39743.829,1994-11-24,0
4053026,39741.0,1994-11-21,0
1523908,39718.1272,1995-02-18,0
4469638,39699.4734,1994-12-25,0
2168835,39699.0164,1994-12-22,0
546436,39665.4412,1994-12-27,0
5228422,39661.185,1994-11-17,0
5189636,39651.0709,1995-02-19,0
1929411,39650.1408,1995-01-06,0
3624579,39647.79,1995-02-24,0
247526,39647.74,1995-02-12,0
1644583,39643.2306,1995-02-09,0
5505472,39626.56,1995-02-16,0
3486784,39625.5684,1995-01-18,0
2080002,39624.3391,1995-01-16,0
5956481,39621.232,1995-01-25,0
870277,39617.1424,1995-02-28,0
457188,39616.159,1994-11-13,0
2171782,39580.0684,1994-12-28,0
4157089,39580.0468,1995-01-28,0
467232,39570.048,1995-01-26,0
5233157,39563.2416,1995-01-10,0
3282439,39551.5917,1995-01-11,0
1090947,39518.402,1995-01-05,0
2084704,39517.4528,1995-01-24,0
1860769,39515.9926,1994-11-10,0
4599299,39515.04,1994-12-18,0
5558464,39513.69,1995-01-16,0
4493989,39509.6922,1994-11-24,0
1541253,39504.0888,1994-12-10,0
220387,39499.8504,1995-01-30,0
161127,39487.2576,1995-01-20,0
3147873,39484.2196,1994-12-05,0
4780192,39479.2545,1994-12-06,0
5658084,39473.901,1994-12-01,0
2550535,39472.08,1994-11-24,0
3680259,39460.5015,1994-11-21,0
5436037,39434.88,1994-12-06,0
3020131,39413.4248,1994-12-21,0
3833924,39411.7911,1994-11-19,0
400005,39405.7993,1995-02-11,0
5448321,39385.4916,1995-01-16,0
3077254,39323.81,1994-12-28,0
1770977,39323.808,1994-12-11,0
1199975,39318.0192,1994-12-30,0
5733316,39302.822,1994-11-24,0
1498150,39291.924,1995-01-10,0
2300258,39291.2352,1994-12-10,0
2253377,39287.376,1995-01-09,0
4681474,39240.5819,1995-02-26,0
4838340,39238.64,1995-02-13,0
1354882,39202.254,1994-11-14,0
2247206,39191.1264,1995-01-16,0
1163844,39185.8176,1995-02-23,0
4840775,39174.9429,1995-01-03,0
4653607,39157.917,1994-11-18,0
1716546,39137.004,1995-01-31,0
4566592,39132.153,1994-11-22,0
1861893,39115.4864,1995-02-01,0
790115,39107.3485,1994-12-17,0
2694406,39095.8425,1994-11-20,0
3356516,39069.3996,1994-11-17,0
5986086,39039.6144,1994-11-20,0
3474017,39030.6048,1994-11-17,0
4535297,39028.752,1994-12-27,0
243968,39022.784,1995-02-03,0
4219333,39017.4162,1994-12-13,0
4448130,39009.8916,1995-01-04,0
1546465,39009.3248,1995-01-30,0
3083719,39006.1536,1995-01-14,0
4554340,39002.2512,1995-02-09,0
2829669,38999.934,1995-02-20,0
136354,38988.675,1994-12-16,0
3348902,38963.5456,1995-02-02,0
5719617,38950.8056,1994-12-18,0
2951207,38945.5542,1994-12-27,0
2557793,38938.445,1994-12-27,0
4167523,38898.552,1994-12-18,0
3699553,38896.6578,1994-11-25,0
3514115,38868.192,1995-01-22,0
217285,38867.1756,1994-12-22,0
2397444,38860.3332,1995-01-04,0
3636839,38854.9644,1995-02-10,0
5401156,38832.057,1995-01-31,0
2255840,38820.6,1995-01-23,0
1343172,38807.9828,1994-12-27,0
5820192,38801.7084,1994-11-10,0
838466,38785.0176,1995-01-16,0
5139493,38777.382,1995-01-15,0
3348673,38772.768,1994-11-18,0
3904964,38720.2998,1995-01-29,0
4149762,38687.838,1995-01-03,0
1232550,38686.9032,1994-11-21,0
3361159,38684.304,1994-12-22,0
5902563,38679.8,1995-01-05,0
947491,38668.056,1994-11-27,0
5035457,38638.9328,1994-12-12,0
2451937,38632.1578,1995-02-13,0
5064134,38606.3038,1995-01-01,0
3879971,38584.66,1994-11-22,0
427586,38584.161,1995-02-02,0
4390915,38583.775,1995-01-03,0
685796,38551.2192,1995-01-15,0
5654370,38525.62,1995-02-27,0
4242978,38504.5463,1994-11-24,0
958437,38495.8464,1994-12-17,0
1862336,38479.5684,1994-11-14,0
2978658,38478.384,1994-11-11,0
688903,38472.1216,1994-12-08,0
2634468,38442.844,1994-12-23,0
4082080,38435.0512,1995-01-16,0
4766567,38426.949,1994-12-05,0
1973255,38420.546,1995-02-23,0
5130789,38409.8533,1994-11-06,0
155585,38400.912,1995-02-08,0
1518854,38380.9298,1994-12-31,0
1193056,38369.6198,1994-12-01,0
4975011,38348.2103,1995-01-17,0
4529285,38336.62,1995-01-10,0
3542818,38327.6436,1994-12-27,0
4045478,38320.7616,1994-12-26,0
5297377,38297.5417,1994-12-17,0
5132419,38278.14,1995-01-12,0
3548743,38269.539,1995-01-27,0
5825765,38257.5424,1994-11-21,0
2709671,38250.564,1995-01-01,0
1778242,38249.07,1995-01-03,0
1107363,38219.6336,1995-01-24,0
5971714,38215.0318,1994-12-11,0
5034947,38196.6975,1994-12-12,0
5573766,38178.519,1995-01-04,0
853763,38158.5204,1995-01-16,0
5921702,38129.894,1995-01-15,0
2999170,38107.5684,1994-12-07,0
677600,38102.0112,1994-11-09,0
2107461,38090.9948,1995-01-04,0
3043618,38075.3,1994-12-21,0
453152,38069.154,1995-01-18,0
4292836,38051.8875,1994-12-01,0
5919618,38043.7174,1994-11-30,0
4179911,38041.787,1995-02-20,0
645607,38027.7492,1994-12-18,0
47201,38008.32,1994-12-29,0
3850147,37975.49,1995-01-20,0
2902180,37927.4688,1994-11-15,0
4672357,37926.2394,1995-02-08,0
4339876,37871.5953,1994-12-19,0
813410,37869.93,1994-12-25,0
906241,37864.008,1995-02-11,0
5119271,37810.4613,1994-12-15,0
3558053,37779.1066,1995-02-03,0
3664294,37747.8556,1994-12-06,0
22532,37740.5472,1995-02-09,0
2388838,37730.8932,1994-12-16,0
4275685,37727.208,1994-12-08,0
4166883,37721.866,1995-01-16,0
21061,37720.7489,1994-12-22,0
5978466,37704.128,1994-11-07,0
1442689,37689.6,1995-01-09,0
4321472,37675.935,1995-01-03,0
4511360,37653.9972,1994-12-15,0
3133189,37651.7988,1994-11-15,0
367781,37646.6409,1994-12-19,0
2485061,37646.6046,1994-11-21,0
1275686,37632.9275,1995-02-27,0
655204,37624.2678,1995-01-01,0
1428706,37604.762,1994-11-10,0
651395,37588.6784,1995-02-03,0
2490310,37581.9836,1995-02-23,0
4358915,37575.1,1995-01-13,0
258694,37545.693,1995-01-01,0
507332,37504.575,1995-02-21,0
4960805,37496.823,1994-12-19,0
4957280,37492.5768,1994-12-03,0
1639424,37464.0,1995-01-02,0
3717543,37461.97,1995-02-01,0
4957319,37444.1481,1994-12-14,0
3518852,37436.6664,1995-01-12,0
1882148,37433.396,1994-11-30,0
3355968,37428.195,1994-11-13,0
4836384,37414.1544,1995-01-02,0
3457255,37411.8004,1994-12-29,0
596933,37410.43,1994-11-20,0
1499333,37409.6602,1995-02-27,0
632417,37404.276,1994-11-17,0
3228930,37393.9858,1995-01-10,0
3273735,37390.426,1995-01-02,0
2350722,37380.98,1994-11-25,0
5484932,37375.8288,1995-02-08,0
5391205,37326.8412,1995-01-25,0
2440647,37320.444,1995-01-17,0
2310470,37309.86,1995-02-12,0
2674050,37307.2,1995-02-14,0
840932,37299.2128,1994-12-13,0
4531878,37292.744,1994-11-19,0
5413857,37269.5266,1994-12-01,0
5585734,37261.224,1994-11-25,0
4032100,37245.672,1994-12-29,0
322337,37236.4314,1994-12-31,0
4651075,37236.3264,1994-12-23,0
2484896,37227.213,1994-11-28,0
1699392,37218.2481,1994-12-17,0
4639651,37193.97,1995-01-06,0
3341763,37186.401,1995-01-30,0
3859399,37164.1764,1994-12-22,0
2739430,37153.161,1995-02-02,0
4779108,37120.4256,1995-03-01,0
1713319,37101.024,1995-01-03,0
1071815,37073.036,1995-01-10,0
4659008,37069.812,1994-12-16,0
5636997,37016.3738,1995-01-10,0
5147842,37016.298,1995-01-26,0
5232641,37006.233,1995-01-12,0
4793795,36998.212,1995-01-30,0
5379175,36994.662,1994-12-01,0
3000998,36988.063,1995-02-23,0
4574725,36966.7368,1995-02-10,0
316706,36916.6869,1994-12-24,0
2504672,36911.5846,1995-01-08,0
2461735,36911.216,1994-11-21,0
5136103,36899.0912,1995-02-03,0
5487075,36896.633,1994-11-16,0
5393092,36885.6692,1995-01-26,0
4243364,36882.5352,1994-12-19,0
1808452,36880.269,1994-12-09,0
1367106,36868.3992,1995-02-05,0
3487328,36866.43,1995-01-04,0
2971525,36852.7194,1995-03-03,0
1942693,36831.34,1995-02-19,0
1904802,36829.0643,1995-02-14,0
1812067,36826.2218,1995-01-28,0
4612195,36800.9844,1994-11-07,0
4064806,36796.194,1995-01-10,0
982531,36795.514,1994-12-02,0
2873189,36737.295,1994-12-16,0
2241601,36735.7626,1995-01-22,0
4875238,36703.7136,1994-11-14,0
855648,36703.4092,1994-12-27,0
5622276,36701.28,1994-12-25,0
1856672,36695.6448,1994-11-16,0
2010881,36689.8456,1994-12-31,0
5481479,36682.3645,1995-01-29,0
538276,36666.504,1994-12-27,0
456738,36655.0254,1995-02-12,0
3360711,36601.389,1995-01-22,0
4018403,36596.4704,1994-12-03,0
5332261,36564.6033,1994-11-20,0
3148929,36534.762,1994-11-17,0
3427169,36530.0208,1995-02-12,0
5047744,36517.44,1994-12-16,0
4537858,36514.001,1995-01-18,0
3747585,36487.2368,1995-02-02,0
835265,36467.718,1995-01-19,0
393285,36465.8368,1995-02-08,0
1608833,36443.76,1995-02-13,0
296003,36442.512,1994-12-03,0
4416483,36431.2992,1994-12-25,0
231618,36404.5968,1994-11-16,0
3609093,36399.7872,1995-02-07,0
5528738,36396.3964,1994-11-22,0
5740256,36370.62,1995-01-31,0
3213760,36352.62,1995-01-28,0
1748581,36352.1376,1995-02-15,0
2076390,36347.85,1994-12-20,0
1005957,36342.3456,1994-11-22,0
52482,36332.3485,1995-02-01,0
3453446,36331.8032,1995-01-02,0
1941702,36315.84,1995-01-10,0
4088416,36291.57,1995-01-01,0
3985092,36284.0296,1995-01-04,0
5549282,36279.5433,1995-01-15,0
1087557,36269.1342,1994-12-23,0
391878,36253.2,1994-11-25,0
2370695,36251.911,1995-01-30,0
1959040,36225.22,1994-11-22,0
1659745,36223.872,1995-01-19,0
2637282,36194.8613,1995-02-11,0
5305604,36179.3562,1994-12-25,0
169793,36135.3,1995-01-27,0
2442950,36124.0635,1994-11-22,0
1585543,36117.504,1994-12-22,0
3829280,36117.48,1994-12-21,0
3375140,36105.124,1994-11-18,0
1960870,36084.097,1994-12-16,0
4245028,36082.5656,1994-11-15,0
5877921,36081.57,1995-01-01,0
5500706,36080.2149,1994-11-29,0
4740710,36070.3798,1994-12-15,0
2553671,36061.6893,1994-11-14,0
3088354,36042.4268,1994-11-24,0
3333664,36041.4316,1994-12-22,0
5357735,36036.801,1995-01-10,0
2498755,36026.7345,1995-01-02,0
2932866,36015.111,1994-12-15,0
1790343,36008.9433,1994-12-31,0
3620519,35982.4704,1995-02-03,0
2968386,35964.138,1995-02-17,0
2031046,35961.4528,1994-11-21,0
3108996,35948.7244,1995-02-26,0
4626374,35946.1089,1995-02-20,0
1751427,35918.4672,1994-12-13,0
2877158,35905.436,1994-12-31,0
5999424,35887.2399,1995-01-03,0
1885062,35884.122,1995-02-06,0
2679399,35884.0036,1995-01-03,0
3015650,35872.3392,1994-12-16,0
2180739,35844.8412,1995-01-01,0
4108615,35832.4596,1995-02-15,0
4497280,35830.4688,1994-11-08,0
4713600,35821.67,1994-12-09,0
2318115,35799.5126,1994-12-15,0
2344004,35796.7416,1994-12-21,0
5116515,35777.9975,1995-01-03,0
1704739,35773.9072,1994-12-08,0
1462565,35755.02,1994-11-24,0
1580417,35737.4052,1995-01-15,0
5213574,35715.6828,1995-01-26,0
3801985,35713.944,1995-01-13,0
5599651,35706.3525,1995-01-03,0
5581184,35701.7814,1994-11-11,0
1712834,35700.3936,1994-12-09,0
2346054,35669.403,1995-02-09,0
5454023,35656.4134,1995-02-18,0
3496099,35654.8608,1994-11-17,0
3547619,35646.6726,1994-12-07,0
144033,35633.6838,1995-02-15,0
916100,35631.936,1995-01-12,0
5967011,35629.1712,1995-01-27,0
397056,35628.6436,1994-12-14,0
668579,35623.8999,1995-01-22,0
684130,35605.752,1994-11-04,0
3793027,35586.5908,1995-01-28,0
379175,35585.434,1994-11-17,0
5406052,35575.0696,1995-01-13,0
635076,35568.057,1995-01-11,0
2320101,35564.58,1995-02-11,0
4936837,35556.0948,1994-11-18,0
1814342,35555.2392,1995-02-05,0
2234112,35540.893,1994-12-16,0
4144132,35528.351,1995-01-03,0
3102373,35521.9392,1995-01-26,0
2111431,35511.48,1995-02-11,0
2050276,35508.5718,1995-02-23,0
5856486,35503.3785,1995-01-21,0
4691713,35484.6354,1994-11-24,0
4149479,35466.2392,1994-12-09,0
1267876,35452.6438,1995-02-25,0
3073636,35421.2448,1994-11-05,0
931875,35409.9109,1994-12-07,0
4927941,35385.6789,1994-12-18,0
143815,35383.4208,1995-01-12,0
4805155,35376.7827,1994-11-16,0
634017,35376.4125,1994-12-08,0
1633505,35350.02,1994-12-27,0
4565383,35337.132,1995-01-09,0
5509830,35332.2312,1994-12-19,0
4324839,35320.05,1994-12-06,0
3121703,35319.5332,1995-01-07,0
2800358,35319.2069,1994-12-06,0
5409381,35308.458,1994-12-03,0
5269893,35301.9525,1994-11-22,0
545537,35300.727,1994-12-21,0
5593186,35285.6064,1994-12-23,0
4019617,35283.15,1994-12-19,0
100964,35280.96,1994-12-13,0
3752389,35273.8304,1994-12-12,0
5241283,35206.47,1995-01-05,0
4381477,35155.4112,1995-01-09,0
5735908,35145.307,1994-11-29,0
1004710,35114.9154,1995-02-23,0
3371654,35110.197,1995-02-10,0
5277924,35109.0699,1994-11-17,0
3884579,35101.152,1995-01-26,0
5984069,35089.2036,1994-12-30,0
1493765,35084.808,1994-11-20,0
747045,35077.4912,1994-12-15,0
2712448,35053.2364,1994-12-19,0
3671105,35041.2114,1994-12-27,0
1214977,35038.2176,1994-11-18,0
565539,35033.4852,1994-12-11,0
2710787,34994.1056,1995-01-23,0
1169985,34966.365,1994-11-11,0
1245508,34965.0432,1994-12-15,0
3148485,34957.941,1994-12-10,0
5873347,34956.405,1994-12-18,0
4985287,34956.1611,1994-11-07,0
1529378,34942.446,1995-01-11,0
3655303,34916.5196,1995-01-14,0
2693218,34905.607,1995-01-05,0
3113828,34896.654,1994-12-01,0
223106,34891.1607,1994-11-24,0
1292324,34882.752,1995-01-29,0
1508775,34871.364,1994-12-12,0
1135714,34860.1704,1995-01-23,0
5917314,34849.1027,1994-11-17,0
580576,34838.812,1995-02-21,0
2812482,34821.4176,1994-12-25,0
5190240,34800.9228,1994-12-12,0
3192196,34784.136,1994-12-27,0
987236,34773.354,1994-12-18,0
1331814,34767.585,1994-11-21,0
5068515,34766.58,1994-12-15,0
1773986,34762.1308,1994-11-17,0
1448389,34756.56,1994-11-30,0
4107044,34749.6307,1994-11-24,0
2902598,34726.3313,1994-11-24,0
5172998,34708.5255,1995-03-02,0
4709446,34695.6464,1995-02-20,0
5940770,34694.0968,1995-01-07,0
3071009,34673.778,1994-12-07,0
2099300,34662.368,1994-12-31,0
803588,34651.4652,1995-02-20,0
3114212,34641.0116,1994-12-17,0
5700199,34622.1437,1994-12-18,0
2087843,34597.56,1994-12-23,0
655267,34582.413,1994-11-24,0
4338726,34571.1696,1995-02-21,0
5847491,34561.1,1994-11-08,0
234501,34551.198,1995-03-03,0
4598338,34524.4812,1994-12-26,0
1552102,34516.0356,1994-12-21,0
3165510,34511.7465,1995-01-02,0
2666083,34505.6714,1994-12-10,0
3404641,34503.5328,1994-12-07,0
1392839,34489.0572,1994-12-28,0
2823456,34487.5248,1994-12-09,0
1844035,34477.714,1995-02-10,0
2764355,34462.28,1995-01-20,0
144039,34460.3456,1995-01-21,0
1287589,34435.5816,1994-12-03,0
2015972,34423.5584,1994-12-07,0
5667651,34408.7079,1995-01-28,0
3289925,34402.704,1995-01-09,0
4767712,34396.9324,1995-01-23,0
1075973,34379.2224,1995-01-16,0
5437152,34349.643,1995-01-07,0
499108,34349.4424,1994-11-21,0
2945697,34347.6903,1994-11-19,0
508228,34306.272,1995-02-02,0
632263,34298.028,1994-11-20,0
3813508,34285.69,1994-12-05,0
4217824,34258.266,1995-01-01,0
977063,34247.1544,1994-12-22,0
3960069,34238.8284,1994-11-22,0
31140,34235.625,1995-02-02,0
1143459,34221.3072,1994-12-22,0
2584130,34215.9342,1995-01-10,0
68514,34205.4981,1994-12-30,0
1854560,34203.0015,1995-02-19,0
4040327,34202.605,1995-02-19,0
4202080,34194.7278,1994-12-08,0
1807425,34172.9193,1994-12-17,0
5306944,34121.834,1995-01-03,0
3261474,34111.5786,1994-12-17,0
2424131,34094.464,1995-01-30,0
4237826,34072.7406,1995-02-18,0
2760675,34071.852,1994-12-04,0
1781542,34063.6072,1994-11-17,0
5713158,34018.2024,1994-12-06,0
2595715,34013.434,1994-11-30,0
4156864,34005.44,1995-02-25,0
1632164,33994.56,1994-12-30,0
4766465,33971.2053,1994-12-27,0
2049188,33963.8481,1995-02-22,0
1331686,33936.224,1995-01-19,0
225445,33931.656,1994-11-29,0
5762726,33929.478,1994-11-20,0
660486,33916.8396,1994-12-04,0
5667202,33915.1244,1995-02-21,0
5596512,33893.4255,1995-01-12,0
4138566,33877.7712,1994-12-05,0
2146433,33870.1011,1994-11-29,0
199270,33846.9012,1994-12-05,0
1702786,33846.657,1995-01-15,0
5489414,33844.4568,1994-12-01,0
3165734,33815.4,1994-11-13,0
879301,33813.9072,1994-11-27,0
725989,33806.4507,1995-01-03,0
864002,33754.1158,1995-02-16,0
4222662,33747.9082,1994-11-09,0
1274823,33707.209,1995-01-22,0
5559494,33670.9128,1994-11-30,0
131140,33666.3972,1995-01-24,0
676483,33664.9068,1995-02-09,0
3894534,33611.0928,1995-03-02,0
4861923,33608.3242,1994-12-23,0
3638214,33599.6892,1994-12-30,0
1801188,33598.8056,1994-12-19,0
1351845,33592.968,1994-11-05,0
4326720,33559.794,1995-02-08,0
3236930,33556.5098,1994-11-13,0
4994914,33542.6868,1994-12-11,0
3509350,33518.7004,1995-01-30,0
2767393,33518.4206,1994-12-23,0
47207,33509.376,1994-12-19,0
5792965,33507.24,1994-11-28,0
1049159,33487.5768,1995-01-20,0
3219525,33476.184,1994-12-11,0
3718787,33473.3154,1995-02-12,0
4367328,33458.832,1995-01-06,0
4999526,33449.5136,1995-02-16,0
5811713,33440.64,1994-12-20,0
3525185,33434.0328,1994-12-30,0
5677956,33415.668,1994-11-07,0
5535169,33406.6137,1995-01-26,0
126727,33392.007,1994-11-25,0
655366,33380.424,1994-12-12,0
3448899,33379.2252,1994-12-22,0
5550304,33374.3508,1995-01-18,0
418919,33339.9076,1994-11-12,0
2098752,33324.1344,1994-12-03,0
5034818,33317.9836,1995-01-31,0
5065281,33317.7836,1994-12-18,0
2046052,33306.8288,1994-12-01,0
5734340,33288.8592,1995-01-29,0
100804,33278.6223,1995-01-05,0
752865,33275.61,1995-01-30,0
1175296,33255.8633,1995-02-03,0
321891,33251.936,1995-01-24,0
4518119,33239.7252,1995-01-31,0
1302309,33224.8933,1995-01-23,0
364771,33151.6,1994-12-08,0
2151685,33148.9496,1994-11-16,0
5664167,33121.7664,1995-01-09,0
3383718,33111.6515,1995-02-25,0
1032674,33062.432,1994-11-29,0
3613635,33054.0912,1994-11-26,0
3935296,33050.655,1994-12-10,0
4145888,33049.6992,1995-01-04,0
1231782,33026.2416,1994-11-16,0
2530567,33016.9674,1995-02-27,0
4581607,32997.965,1994-11-13,0
4026534,32993.142,1995-01-03,0
5612421,32993.082,1995-02-20,0
5969318,32974.2625,1994-11-23,0
2149920,32957.9604,1994-12-06,0
3595047,32941.622,1994-11-28,0
3977184,32933.6469,1995-02-06,0
5403235,32929.905,1995-02-24,0
2056165,32926.2115,1995-01-10,0
1194534,32924.5261,1995-02-03,0
1662405,32891.0736,1994-12-03,0
3813831,32856.4782,1994-12-24,0
2475328,32843.664,1994-12-29,0
2996547,32805.312,1995-01-04,0
2809350,32772.1364,1995-02-15,0
3404774,32759.3988,1995-01-06,0
4620289,32750.1306,1995-02-04,0
4611911,32690.016,1994-11-27,0
1193639,32675.4246,1994-11-25,0
1337157,32673.5136,1994-11-17,0
2175751,32653.6888,1994-12-12,0
4503555,32648.7586,1995-02-09,0
4303206,32644.318,1994-12-07,0
4860481,32633.1915,1994-11-27,0
2466656,32612.624,1995-01-08,0
5509220,32554.2,1995-02-25,0
4634852,32539.818,1994-11-29,0
1528293,32484.454,1994-12-04,0
4947716,32459.058,1994-12-15,0
2542150,32449.086,1994-12-24,0
992066,32423.7459,1995-01-15,0
5522791,32400.5738,1995-01-04,0
4189382,32374.5588,1995-02-05,0
4449703,32317.4016,1994-12-01,0
180417,32311.1556,1994-12-10,0
4155332,32278.9292,1995-02-22,0
5997316,32278.566,1994-12-03,0
721479,32261.157,1994-12-26,0
4828102,32260.3112,1994-12-03,0
5213061,32259.3408,1995-01-10,0
1509698,32243.2989,1994-12-06,0
1012032,32233.8705,1994-12-10,0
2214471,32214.78,1994-11-25,0
4033703,32210.892,1995-02-25,0
1755841,32199.5402,1995-01-11,0
585794,32178.5088,1995-01-06,0
4020931,32172.4386,1995-01-03,0
397189,32157.635,1995-01-15,0
5103365,32152.3276,1995-01-04,0
1338690,32144.955,1995-01-18,0
5124483,32132.7825,1995-02-10,0
4571170,32118.814,1995-01-11,0
327873,32102.5824,1994-12-31,0
3710916,32101.6542,1995-03-02,0
5981376,32090.6245,1995-01-05,0
1643874,32089.9189,1994-12-23,0
5987015,32084.1122,1994-11-30,0
5868099,32071.3104,1995-01-24,0
4225571,32042.952,1995-02-06,0
5656865,32024.8576,1995-03-01,0
1637604,32015.0124,1994-12-21,0
1141639,32000.9088,1994-12-15,0
686148,31986.8016,1995-01-26,0
4317381,31978.8324,1995-01-25,0
3657794,31977.8976,1994-11-21,0
2712355,31962.4032,1994-12-06,0
5170470,31958.1504,1995-01-24,0
2170598,31948.6272,1994-12-02,0
1339907,31940.5275,1995-02-05,0
3820931,31931.636,1995-01-07,0
4771207,31930.992,1994-12-25,0
1387297,31922.28,1994-11-27,0
4913987,31922.0811,1994-11-28,0
5205158,31910.0544,1995-01-13,0
4396064,31909.512,1994-12-26,0
5326662,31907.0724,1994-12-13,0
2060037,31899.285,1994-12-27,0
2933220,31895.61,1994-11-30,0
2200165,31889.8461,1995-01-17,0
560897,31883.3762,1994-12-13,0
3077766,31797.262,1995-01-29,0
5824993,31790.6442,1995-02-16,0
4204199,31762.3215,1995-01-29,0
2437120,31755.24,1994-12-10,0
3659332,31754.5137,1994-11-08,0
3354944,31737.408,1995-01-11,0
2382980,31729.9632,1995-02-28,0
2344194,31691.7888,1994-12-05,0
4110982,31675.14,1995-01-09,0
1319175,31674.2817,1994-12-30,0
3437920,31667.2499,1994-11-22,0
445446,31655.6856,1994-12-03,0
4409792,31634.2265,1995-01-10,0
1485537,31608.7596,1994-12-02,0
3700195,31608.2836,1995-01-06,0
2496067,31602.6666,1995-01-30,0
1683012,31600.62,1995-02-04,0
4224064,31583.5632,1994-11-29,0
2691746,31568.823,1995-01-22,0
3560197,31550.5442,1994-12-27,0
5004999,31544.7041,1995-01-09,0
1123077,31532.3628,1995-01-15,0
709894,31519.86,1994-12-05,0
596992,31494.3552,1995-01-10,0
1365063,31473.796,1995-01-11,0
877504,31462.52,1995-01-26,0
3320224,31439.1726,1995-02-28,0
3505216,31437.252,1995-02-12,0
5234599,31425.12,1995-01-04,0
5456704,31422.453,1995-02-02,0
4852869,31405.752,1994-12-13,0
237315,31401.4995,1995-02-03,0
4654342,31350.8048,1995-02-01,0
3405700,31333.4237,1995-01-09,0
494210,31329.47,1995-02-04,0
956384,31321.2267,1994-12-16,0
1697221,31314.1164,1994-12-10,0
2057380,31307.3985,1994-11-27,0
3968197,31300.944,1994-12-22,0
4971204,31287.0784,1994-11-25,0
2035206,31285.701,1995-01-25,0
3750149,31268.496,1994-11-25,0
2444003,31265.92,1994-11-19,0
2336131,31247.964,1994-12-28,0
3784775,31243.242,1994-12-02,0
2271360,31219.6296,1995-02-15,0
1288226,31201.326,1994-12-22,0
312034,31189.3764,1995-02-06,0
1936228,31161.3984,1995-01-17,0
1840199,31152.1356,1994-11-30,0
3608737,31127.8488,1995-01-22,0
2291360,31127.1604,1994-12-23,0
3307206,31121.496,1994-11-17,0
4115524,31116.1257,1994-12-02,0
4661924,31110.4224,1995-01-22,0
4375269,31095.504,1994-12-04,0
1035718,31092.048,1995-02-12,0
4474434,31078.476,1994-12-17,0
2802756,31078.35,1995-03-03,0
5082562,31071.39,1995-02-08,0
5708454,31067.7536,1994-12-04,0
1378626,31058.541,1995-02-23,0
4725255,31056.9984,1994-11-23,0
3483649,31043.241,1994-12-16,0
4531555,31021.4664,1994-11-28,0
5014887,31019.4,1994-12-30,0
5249254,31010.8194,1994-12-01,0
4382977,30941.1599,1994-12-23,0
4736001,30899.8008,1994-11-30,0
1752324,30883.5072,1994-11-25,0
3857925,30865.6872,1995-01-17,0
4853282,30864.7053,1995-02-11,0
5137025,30848.6152,1995-02-10,0
2751393,30847.1882,1994-12-16,0
2941504,30831.428,1994-12-16,0
844546,30809.7468,1995-02-26,0
5927618,30787.575,1995-02-11,0
1428036,30782.97,1995-02-06,0
5366982,30752.526,1994-11-24,0
3329188,30705.754,1995-02-05,0
4546631,30702.672,1994-11-30,0
5215525,30701.7438,1995-01-14,0
5395619,30693.4264,1995-01-06,0
3376006,30687.4656,1994-12-31,0
2195332,30670.7852,1994-12-27,0
3302533,30666.4336,1995-01-24,0
3094340,30619.89,1994-12-26,0
4588901,30604.6832,1994-12-02,0
2851110,30598.092,1994-12-20,0
5507045,30593.5245,1994-11-25,0
962691,30586.5,1995-01-28,0
375203,30582.981,1995-02-26,0
3059235,30577.6926,1994-12-02,0
3267745,30564.6912,1994-12-08,0
4006215,30554.9853,1995-01-29,0
3538368,30545.2455,1995-01-17,0
5322241,30544.044,1994-12-30,0
2748774,30542.9949,1995-02-08,0
2863715,30542.7395,1995-01-13,0
1570816,30539.1,1994-12-25,0
5584641,30537.055,1995-02-11,0
4094823,30530.0835,1994-11-23,0
3153346,30510.81,1994-12-20,0
5505221,30503.5016,1995-01-01,0
2627617,30499.3892,1995-01-19,0
1157636,30488.16,1994-12-21,0
3671585,30480.6,1994-11-16,0
5318245,30477.1712,1994-12-05,0
4201632,30420.1312,1994-12-20,0
3358017,30405.13,1994-12-09,0
1829698,30394.9601,1994-12-03,0
704419,30388.8381,1994-11-28,0
3050438,30369.15,1994-11-18,0
2118659,30365.92,1994-11-19,0
5450342,30331.638,1994-12-24,0
3918146,30297.97,1995-01-20,0
4811747,30290.1948,1995-01-04,0
652868,30289.0752,1995-01-05,0
3029123,30259.6965,1995-02-17,0
842912,30251.6214,1994-12-06,0
735299,30225.656,1995-02-25,0
4880160,30218.688,1994-11-17,0
1585474,30218.2004,1995-01-14,0
48198,30176.4416,1994-11-21,0
1683779,30176.37,1994-12-01,0
638594,30152.85,1995-01-17,0
3331201,30140.536,1994-11-29,0
2654725,30125.9079,1994-12-08,0
1042565,30117.5468,1995-01-16,0
2461377,30093.536,1994-12-10,0
921124,30078.5168,1994-11-22,0
3106689,30077.1504,1994-12-14,0
4086308,30060.072,1995-02-20,0
4611457,30011.4045,1995-02-20,0
2121799,30002.3776,1994-12-10,0
857542,29992.83,1995-01-10,0
5717958,29986.704,1994-12-31,0
775622,29977.74,1994-11-15,0
262085,29961.2628,1995-01-26,0
2832102,29958.786,1994-12-31,0
5834151,29937.9648,1995-02-27,0
1524931,29936.466,1995-02-07,0
3714562,29931.975,1994-12-31,0
2452897,29925.852,1995-01-11,0
1879463,29924.6675,1995-01-07,0
2797031,29914.3584,1994-12-10,0
730182,29904.3612,1995-01-10,0
364481,29904.3056,1995-02-25,0
2963940,29892.824,1994-12-19,0
75494,29890.938,1994-11-05,0
2959431,29873.624,1994-12-04,0
2648417,29871.576,1994-12-15,0
3865222,29860.78,1995-02-16,0
5866849,29839.914,1994-12-19,0
161925,29836.3802,1994-12-27,0
5015428,29821.6512,1995-02-22,0
2252901,29795.6295,1994-11-20,0
3557732,29791.905,1994-11-12,0
1792256,29771.0712,1994-12-29,0
3776231,29769.1884,1994-12-30,0
2662660,29764.26,1994-12-17,0
4779969,29761.0984,1994-12-13,0
5594464,29759.792,1994-11-28,0
5665767,29739.8376,1994-11-17,0
2015109,29736.0396,1995-02-04,0
5823526,29734.704,1995-01-18,0
4746721,29730.9376,1994-12-27,0
4824930,29726.0745,1995-01-14,0
5467780,29718.72,1994-11-23,0
5164710,29710.44,1994-11-20,0
4524034,29706.842,1995-01-15,0
5982054,29702.6688,1995-01-20,0
1769127,29672.9624,1994-11-18,0
1727045,29664.0288,1994-12-13,0
2690374,29663.3946,1994-11-16,0
3320645,29654.682,1995-01-05,0
4801281,29644.719,1994-12-10,0
4052709,29625.1128,1994-12-29,0
5568453,29618.4456,1995-02-14,0
1004675,29607.2712,1995-01-31,0
2044615,29575.5712,1994-11-28,0
1655268,29527.686,1995-02-24,0
5644358,29514.06,1994-12-23,0
2515846,29504.3495,1994-12-18,0
2602339,29496.0006,1994-12-25,0
5754116,29490.846,1995-01-03,0
5579207,29464.776,1995-02-19,0
5592997,29440.545,1995-01-22,0
113030,29431.588,1995-02-03,0
3999268,29423.2676,1995-01-07,0
4771107,29414.85,1994-12-24,0
1101667,29404.368,1994-12-13,0
225633,29400.408,1994-11-30,0
3934306,29399.9616,1994-12-07,0
714758,29363.84,1995-02-15,0
1815239,29351.6784,1995-01-03,0
4530337,29311.875,1994-12-29,0
1841537,29296.2408,1995-02-22,0
4331746,29289.0906,1995-01-23,0
4654789,29284.32,1994-12-08,0
2668199,29275.344,1994-11-11,0
622080,29259.792,1994-11-21,0
1280007,29259.36,1994-12-01,0
1338309,29255.8284,1994-12-29,0
2496258,29239.2192,1994-12-27,0
252867,29129.2808,1994-12-26,0
4429127,29117.928,1995-01-31,0
4587749,29110.385,1995-01-17,0
4895648,29100.708,1994-11-19,0
2225895,29083.96,1994-11-12,0
3304289,29046.836,1995-01-24,0
5003335,29027.2024,1994-11-29,0
1158594,29010.017,1995-03-01,0
766886,28988.9418,1994-12-23,0
5353637,28987.686,1994-11-05,0
2776097,28971.7792,1995-01-19,0
2696099,28968.255,1995-01-29,0
1516544,28963.9,1995-01-23,0
5559362,28959.784,1994-11-15,0
5607073,28941.2036,1994-11-22,0
219874,28926.6432,1995-01-19,0
4964038,28920.2895,1995-02-05,0
4370628,28919.212,1995-01-27,0
4531141,28918.1832,1994-12-06,0
3351939,28906.0002,1994-12-21,0
1585798,28891.52,1994-12-24,0
4269696,28885.7184,1994-12-27,0
98787,28860.9,1995-03-01,0
5185539,28810.9008,1995-01-19,0
5440512,28806.505,1995-01-03,0
2848896,28776.5478,1994-11-15,0
3990502,28756.7232,1994-12-28,0
5796771,28748.1117,1995-01-05,0
248292,28740.9888,1995-01-04,0
3813637,28733.0316,1994-12-09,0
854976,28711.0656,1994-11-26,0
857862,28696.042,1995-01-28,0
3312768,28694.6842,1994-12-10,0
484711,28683.1896,1994-11-14,0
4604864,28663.9294,1995-02-11,0
1733765,28644.0,1995-02-28,0
3939971,28636.146,1995-01-05,0
2993442,28627.83,1995-02-03,0
748101,28622.1792,1995-02-24,0
2967041,28621.7712,1995-03-03,0
4021989,28537.0368,1994-12-04,0
2804450,28514.4932,1995-01-23,0
4775521,28488.9059,1995-01-13,0
2901058,28476.6586,1995-02-05,0
5742948,28473.1776,1995-01-06,0
1418534,28468.8,1994-12-22,0
1057312,28459.2,1994-11-08,0
2883011,28444.3718,1994-11-24,0
3256869,28436.954,1994-12-22,0
4984167,28435.3824,1994-11-11,0
5998433,28431.3728,1994-12-16,0
5059877,28420.1496,1994-12-30,0
184228,28410.7096,1994-12-03,0
3956704,28379.4,1994-12-01,0
4239271,28373.1693,1994-11-28,0
2384001,28344.741,1995-01-28,0
1292900,28337.778,1994-12-04,0
4630562,28336.8596,1994-12-18,0
2987300,28317.4176,1994-11-24,0
3290246,28253.5308,1995-02-03,0
4329766,28250.6678,1994-12-16,0
250433,28202.5926,1994-11-06,0
5198887,28182.33,1994-12-15,0
2310916,28176.152,1995-01-16,0
1163360,28164.92,1995-01-17,0
1555619,28124.25,1994-12-13,0
4165572,28123.404,1995-01-06,0
702500,28122.6036,1994-12-15,0
4072899,28096.341,1995-01-17,0
5654727,28092.4056,1995-02-08,0
85121,28058.2386,1995-01-24,0
1918469,28056.6336,1995-02-01,0
5928963,28035.83,1994-12-02,0
3173152,28026.37,1995-02-18,0
1963137,28020.3568,1995-02-23,0
1868833,28011.1296,1994-11-12,0
737030,27992.0724,1994-12-05,0
2180320,27985.304,1995-01-18,0
5541573,27981.67,1995-01-23,0
4988035,27973.9774,1994-11-27,0
4478464,27955.536,1994-11-27,0
5911136,27950.652,1994-12-31,0
4152966,27942.0192,1994-12-15,0
152673,27930.5598,1994-12-26,0
5122946,27923.6062,1995-02-12,0
3603719,27919.6415,1995-02-19,0
3106305,27915.0375,1995-02-26,0
842724,27903.04,1994-11-26,0
3851203,27851.1268,1994-12-23,0
4566626,27833.8398,1995-01-16,0
4111520,27791.9356,1994-11-12,0
4610597,27764.823,1995-01-04,0
1381191,27760.71,1995-01-15,0
3981697,27747.8895,1994-12-27,0
5997985,27702.521,1995-01-01,0
5977472,27693.0,1995-02-16,0
1032963,27687.744,1994-12-29,0
966242,27651.98,1995-02-22,0
1182977,27651.4464,1994-11-29,0
454688,27648.702,1995-01-06,0
5334691,27648.1062,1995-02-10,0
5267620,27638.6656,1995-01-29,0
3414690,27627.669,1994-12-04,0
3895782,27622.9698,1994-12-31,0
4893792,27604.0638,1995-01-21,0
230979,27590.976,1995-02-26,0
3808066,27580.224,1994-11-24,0
512929,27578.67,1994-12-06,0
3299842,27570.114,1994-12-18,0
152643,27519.102,1994-12-17,0
1787873,27511.8336,1995-01-04,0
714087,27499.84,1994-12-28,0
5887363,27489.735,1994-12-20,0
4819620,27488.16,1995-01-06,0
4906017,27486.2328,1994-11-28,0
2702950,27447.2856,1994-11-27,0
2029762,27435.862,1995-01-12,0
1696771,27427.5736,1995-03-01,0
391073,27423.8109,1994-12-10,0
4973602,27416.9664,1994-12-17,0
3815301,27370.8512,1995-02-26,0
1948260,27369.8895,1995-02-08,0
1423298,27327.2815,1994-12-29,0
3696263,27315.1242,1995-02-01,0
2669986,27295.0482,1994-12-07,0
4254212,27286.6644,1995-02-21,0
5799430,27286.0605,1995-03-02,0
2060613,27284.74,1995-01-07,0
4490183,27230.574,1995-01-01,0
2680449,27227.664,1994-12-08,0
5549253,27212.73,1995-02-12,0
685826,27195.1126,1995-02-07,0
64999,27170.3784,1995-01-23,0
1985219,27153.8717,1995-02-15,0
4559808,27148.6158,1994-12-21,0
4626758,27084.48,1994-12-09,0
178917,27075.8208,1994-12-22,0
4986658,27073.8432,1994-11-13,0
286467,27072.936,1995-01-31,0
129762,27019.8544,1994-12-25,0
4582215,26999.3653,1994-12-30,0
1212421,26964.3136,1994-12-12,0
4804481,26958.3552,1995-01-19,0
3621735,26957.7112,1994-11-26,0
990502,26950.7025,1995-01-19,0
4856482,26919.378,1994-12-01,0
1766852,26885.49,1995-03-01,0
5210787,26880.7392,1994-11-28,0
2555553,26875.9743,1995-02-26,0
837157,26865.732,1995-01-30,0
2255431,26857.4488,1994-11-14,0
2376641,26851.6076,1995-03-03,0
3382788,26848.6372,1995-02-26,0
2606080,26841.0625,1995-01-04,0
5523717,26831.5392,1995-01-23,0
2951937,26829.7592,1995-02-17,0
3321510,26823.972,1995-02-18,0
1075078,26817.93,1994-12-23,0
5348129,26787.6,1994-12-16,0
5434211,26776.728,1995-02-22,0
1813703,26762.64,1995-02-24,0
522432,26760.51,1994-12-25,0
2551015,26757.5319,1994-12-13,0
3086918,26741.456,1994-12-13,0
645094,26738.5644,1994-12-08,0
2574149,26706.0976,1994-12-04,0
2841249,26694.738,1994-12-15,0
5893090,26659.4133,1994-11-25,0
598597,26630.0299,1994-12-03,0
2001476,26616.348,1995-01-26,0
2779719,26604.3426,1994-11-27,0
1809190,26602.3842,1994-11-21,0
1867938,26596.338,1995-02-10,0
4444004,26574.3006,1994-12-13,0
940164,26554.1528,1995-02-08,0
2205124,26547.997,1995-01-16,0
2167303,26545.68,1994-12-20,0
2311458,26506.6284,1995-02-01,0
3780384,26496.348,1995-01-02,0
2485028,26472.9168,1995-01-19,0
4100165,26463.9704,1994-12-19,0
1937638,26455.905,1995-02-01,0
3767269,26450.2008,1995-02-03,0
1425382,26441.824,1995-01-19,0
3287462,26430.1056,1995-02-08,0
4489444,26406.81,1995-02-17,0
3817540,26394.4198,1994-11-14,0
765571,26392.1402,1995-01-07,0
996517,26389.6848,1995-01-03,0
3082247,26372.892,1994-12-08,0
2628551,26361.216,1994-11-08,0
220482,26360.84,1994-12-02,0
3254883,26337.0294,1995-01-28,0
2739298,26334.0256,1995-01-03,0
4382853,26332.286,1995-02-27,0
4623365,26315.5328,1994-12-12,0
1735780,26312.2504,1994-11-27,0
599585,26290.44,1995-01-29,0
2272960,26222.9725,1995-01-24,0
3216098,26212.7029,1994-12-31,0
473185,26203.7376,1994-11-28,0
3139392,26167.2876,1994-11-29,0
3430372,26159.8584,1995-01-17,0
5214531,26156.1888,1994-12-03,0
2583457,26151.2512,1995-02-03,0
300228,26140.4039,1994-11-26,0
3822403,26123.7878,1994-11-25,0
3638884,26098.5384,1994-12-26,0
4238020,26082.2016,1995-02-11,0
3869319,26076.029,1995-01-19,0
3096674,26073.8478,1994-12-07,0
4624384,26051.4188,1994-11-19,0
4001281,26030.6592,1994-12-23,0
5969924,26016.795,1995-02-17,0
5275815,25988.756,1995-01-22,0
163072,25960.6092,1995-01-08,0
1484228,25928.0294,1995-02-09,0
1020646,25924.78,1994-12-18,0
1776133,25915.1298,1994-12-11,0
4939074,25903.0,1995-02-23,0
2691203,25877.715,1994-11-18,0
4978949,25870.1355,1994-12-11,0
3400292,25853.9918,1994-11-13,0
3691334,25848.8622,1994-11-26,0
3555617,25843.104,1994-12-18,0
3120770,25824.3876,1995-02-11,0
2159653,25818.2694,1995-01-27,0
2240708,25810.5848,1994-12-13,0
530944,25808.84,1995-01-04,0
2554564,25796.8256,1995-02-05,0
422690,25776.25,1994-12-02,0
3561254,25775.5,1995-01-24,0
5339366,25752.5996,1995-02-26,0
4694246,25693.99,1994-11-19,0
5953350,25688.88,1994-11-21,0
3578882,25679.185,1995-02-17,0
36416,25675.114,1994-12-01,0
2571367,25672.464,1995-02-28,0
4780448,25632.4068,1994-11-29,0
445892,25592.0955,1994-12-23,0
4020455,25587.693,1994-11-07,0
4572193,25556.9496,1994-12-02,0
4979205,25550.2611,1995-02-01,0
4051430,25547.6788,1995-02-09,0
5384519,25546.08,1994-12-18,0
5172448,25492.8168,1994-12-18,0
1458561,25480.192,1995-02-06,0
4760263,25455.312,1994-11-23,0
3590177,25434.63,1994-12-17,0
2631620,25431.7536,1995-02-17,0
2927943,25405.004,1994-12-03,0
2580421,25393.743,1995-03-03,0
3166823,25390.0406,1994-11-29,0
5348096,25383.0473,1994-11-08,0
2494756,25368.868,1995-02-04,0
4628930,25355.232,1995-02-05,0
643554,25334.6262,1994-11-30,0
3833637,25299.0738,1995-01-18,0
2939010,25292.6176,1994-11-12,0
3051264,25274.08,1995-02-03,0
4247522,25269.31,1994-11-06,0
5046758,25255.0364,1995-01-17,0
1123845,25252.0268,1995-02-01,0
758787,25244.8546,1995-02-10,0
2697090,25239.0006,1995-01-06,0
5477442,25234.6378,1995-01-11,0
5910310,25211.4016,1994-11-25,0
5035298,25211.37,1995-02-02,0
3355175,25202.8752,1994-12-16,0
4703456,25182.4125,1994-12-22,0
4440578,25167.476,1994-12-08,0
1951841,25163.95,1994-12-22,0
5055783,25153.6194,1995-02-25,0
1703460,25139.2185,1995-02-27,0
3081762,25135.176,1994-12-09,0
322470,25106.62,1994-12-21,0
4973252,25106.2539,1994-12-11,0
5413318,25081.1552,1994-11-22,0
1806055,25079.904,1994-11-23,0
4032068,25067.52,1994-12-27,0
990113,25055.13,1994-12-12,0
1561637,25045.4295,1995-01-15,0
1115424,25042.3797,1994-12-14,0
686949,25029.944,1994-11-25,0
2700774,25026.4462,1995-02-27,0
995265,25011.396,1994-12-09,0
4639171,25005.429,1994-12-09,0
4324000,25004.3144,1995-01-15,0
5852417,24996.4,1995-01-09,0
2945703,24978.5088,1994-11-28,0
4060512,24972.2109,1995-02-25,0
533828,24930.039,1995-01-19,0
4836449,24918.4464,1995-02-15,0
1207364,24899.9712,1994-12-08,0
4404515,24882.5355,1994-12-29,0
622754,24868.22,1995-02-20,0
1439079,24867.843,1994-11-28,0
4560068,24867.0968,1995-02-19,0
1445508,24860.8082,1994-12-07,0
4012961,24834.8352,1994-12-21,0
2755907,24829.1134,1995-02-09,0
2389669,24824.6,1994-12-06,0
4236962,24791.328,1994-12-21,0
1124964,24784.0824,1994-12-05,0
2487333,24783.264,1994-11-19,0
5284965,24782.7664,1994-11-30,0
1741989,24736.7208,1994-11-17,0
3724802,24677.4984,1994-12-15,0
3903490,24664.7817,1995-01-15,0
4296614,24604.923,1995-02-09,0
889511,24599.3958,1994-12-07,0
5683106,24581.76,1995-02-20,0
5150467,24580.5134,1995-02-21,0
4393186,24537.1455,1995-02-12,0
5675719,24531.9457,1994-12-11,0
5538082,24522.12,1995-01-21,0
2157314,24515.7114,1994-12-23,0
573282,24499.8429,1995-02-13,0
1979943,24491.0796,1995-01-28,0
101415,24488.32,1994-12-03,0
4661156,24470.8132,1995-01-18,0
3685505,24399.98,1995-01-24,0
2218405,24388.419,1995-01-14,0
736070,24386.3004,1994-12-09,0
2922017,24347.316,1994-11-18,0
100549,24336.9476,1994-12-02,0
5603744,24332.6202,1995-02-09,0
1294980,24327.6848,1995-02-26,0
852386,24323.62,1994-12-15,0
1934980,24318.1287,1995-02-22,0
4530657,24313.7048,1994-12-12,0
1602757,24287.4808,1995-02-10,0
5802113,24280.1104,1995-01-04,0
3005158,24256.7325,1995-02-05,0
2821732,24250.59,1994-12-24,0
1940323,24239.7672,1995-01-25,0
3113281,24236.928,1994-12-24,0
3583076,24228.864,1994-11-29,0
670400,24160.2723,1995-01-14,0
4124583,24148.9512,1994-11-24,0
424032,24142.1796,1995-02-20,0
4316677,24137.543,1994-11-22,0
5960933,24134.454,1994-12-12,0
2352290,24131.745,1994-12-02,0
1159107,24131.406,1995-01-04,0
5248672,24129.9044,1994-12-09,0
5932263,24128.208,1995-01-31,0
69125,24126.83,1995-02-07,0
5153344,24123.407,1994-12-19,0
1522947,24084.039,1995-02-23,0
1663495,24067.9292,1994-11-10,0
2592514,24061.05,1994-11-25,0
2241217,24039.2412,1995-01-25,0
793154,23992.778,1995-01-13,0
5016835,23990.3584,1994-12-08,0
1928933,23989.014,1994-12-01,0
1446048,23949.1275,1994-12-26,0
2918752,23929.152,1994-12-09,0
581507,23893.1232,1994-12-26,0
153506,23850.035,1994-11-15,0
2058209,23825.9643,1995-02-01,0
4977090,23816.5361,1994-11-24,0
3325444,23796.227,1994-11-26,0
1135969,23770.5468,1994-11-22,0
212928,23745.5064,1995-01-22,0
5481445,23742.0816,1995-02-01,0
213219,23732.5956,1994-12-02,0
5609637,23720.8218,1994-11-25,0
1924517,23702.6574,1994-12-29,0
5838181,23690.1456,1994-12-12,0
2633255,23667.714,1995-01-15,0
134307,23661.0816,1995-02-10,0
2634085,23656.96,1995-01-10,0
3987331,23646.663,1995-01-28,0
117668,23613.3417,1994-12-03,0
3754464,23604.2496,1994-12-10,0
5958309,23584.1632,1994-12-06,0
4356035,23566.452,1995-01-14,0
2419750,23556.9408,1994-11-29,0
1573665,23552.928,1995-02-08,0
4672738,23545.9096,1994-11-30,0
4793218,23540.6388,1994-11-20,0
1215780,23486.3136,1994-11-30,0
2964679,23450.172,1995-02-26,0
4878853,23425.2018,1994-12-16,0
2570437,23424.3845,1994-12-22,0
4294759,23415.144,1994-11-15,0
4260512,23414.2425,1995-01-14,0
1489989,23412.3615,1995-01-23,0
42883,23409.204,1995-01-27,0
3790083,23400.9334,1995-01-27,0
3601253,23378.6746,1995-02-21,0
1008007,23376.6,1994-11-27,0
1719297,23364.315,1994-11-27,0
2037573,23351.4876,1994-12-04,0
4636609,23341.0842,1994-12-22,0
1754432,23337.0793,1995-01-06,0
4783776,23328.352,1995-01-18,0
3063971,23324.7742,1994-11-20,0
2951264,23319.933,1994-12-19,0
3667527,23316.0721,1994-11-21,0
135009,23278.344,1994-12-26,0
3577063,23263.6418,1994-11-29,0
2480708,23225.3406,1994-11-28,0
2739974,23213.4696,1994-12-01,0
4980451,23206.4112,1994-11-27,0
674598,23187.1692,1994-12-12,0
357761,23142.608,1994-11-07,0
1454340,23132.5584,1994-12-17,0
490560,23130.4788,1995-01-17,0
1753568,23119.347,1994-11-28,0
606566,23102.7552,1994-12-15,0
3935430,23082.1938,1995-01-17,0
5509991,23054.8289,1995-01-09,0
1902021,23051.6286,1994-11-13,0
5700487,23034.7754,1995-01-28,0
4781312,23023.1246,1994-12-02,0
1597440,23007.2942,1994-11-19,0
4413154,22971.6975,1994-12-11,0
4202374,22969.7568,1995-01-28,0
171495,22945.5072,1995-02-16,0
4208070,22932.954,1995-01-29,0
1095009,22929.53,1995-02-22,0
322018,22926.561,1994-12-02,0
354658,22923.4376,1994-12-19,0
1101025,22892.822,1995-01-02,0
1365511,22888.58,1994-12-29,0
5811586,22884.676,1995-01-07,0
4979808,22855.1506,1995-01-26,0
4450624,22805.2416,1994-12-19,0
1021058,22793.8592,1995-01-31,0
1359395,22791.2685,1994-12-08,0
2481191,22765.1424,1995-01-02,0
3565921,22747.0717,1995-02-03,0
1429060,22732.056,1994-11-12,0
1266083,22731.291,1994-11-29,0
689799,22720.743,1994-11-08,0
1443523,22717.1,1994-11-07,0
1615621,22708.8,1995-02-05,0
5217606,22704.192,1995-02-02,0
2654752,22701.5922,1994-12-19,0
594017,22689.887,1994-12-10,0
2513223,22687.2912,1995-01-09,0
5774147,22683.78,1995-03-02,0
617120,22632.024,1995-02-25,0
1383495,22627.4552,1995-01-08,0
2970914,22615.44,1994-12-12,0
5546532,22607.9598,1995-02-06,0
5528129,22597.65,1995-01-31,0
5556260,22589.9172,1995-01-17,0
3126466,22579.7376,1994-12-14,0
1771171,22570.9638,1995-01-22,0
4993026,22554.527,1995-02-03,0
3642215,22549.7937,1994-11-28,0
1454016,22528.2568,1994-11-21,0
3066020,22491.2616,1994-11-22,0
2476295,22464.9216,1994-12-20,0
5322113,22437.7272,1994-11-11,0
1712224,22409.478,1995-01-14,0
5249635,22381.06,1995-01-18,0
5412993,22359.68,1995-03-03,0
2993890,22338.459,1994-11-21,0
5120065,22323.9075,1995-02-09,0
49252,22311.38,1994-12-10,0
3887430,22310.3712,1995-02-08,0
5559686,22292.6301,1994-12-12,0
1146051,22250.5248,1994-11-27,0
4887655,22244.3812,1995-01-28,0
2369633,22237.578,1994-12-01,0
902022,22225.4592,1995-01-26,0
184388,22177.9008,1994-12-19,0
4873088,22145.374,1995-02-05,0
1020419,22124.3256,1994-12-12,0
4851297,22123.6704,1994-11-24,0
1804740,22098.2083,1994-12-06,0
3797319,22065.408,1994-12-09,0
2435330,22055.76,1994-12-29,0
4397761,22026.6722,1994-12-27,0
1212162,22018.6728,1995-02-07,0
4122471,22011.0744,1994-12-27,0
1800608,22009.5736,1995-01-08,0
3475910,21980.976,1995-01-05,0
5662054,21968.274,1995-02-01,0
2118180,21965.0,1994-11-21,0
1014017,21924.936,1994-12-17,0
1098181,21913.2459,1994-12-25,0
4562243,21893.9894,1995-02-23,0
4404097,21871.3656,1994-11-16,0
1836804,21864.972,1994-12-02,0
5173025,21864.06,1995-01-13,0
4695267,21790.3504,1994-12-20,0
2510502,21789.9099,1995-01-15,0
3642182,21779.0199,1995-01-25,0
2918180,21776.7312,1995-02-08,0
4723367,21760.5888,1994-11-08,0
4840005,21752.0075,1995-02-06,0
2267141,21732.656,1994-12-23,0
4727556,21717.1584,1995-01-21,0
1844481,21704.7688,1995-02-22,0
2629344,21698.8075,1994-12-11,0
2054913,21680.8449,1995-02-17,0
1528292,21668.094,1994-11-17,0
964610,21665.7714,1995-02-11,0
2691205,21628.992,1995-01-09,0
3724163,21626.734,1994-12-19,0
3021313,21607.7085,1994-11-24,0
331524,21603.1725,1994-12-31,0
1797765,21592.284,1994-12-24,0
1497284,21582.86,1995-02-07,0
1998785,21579.2082,1994-12-14,0
1067681,21567.2248,1994-12-22,0
1782404,21546.15,1995-02-05,0
2066695,21514.4188,1994-12-16,0
293766,21479.2407,1995-01-07,0
2878438,21474.7142,1995-01-13,0
820512,21459.8755,1995-01-10,0
4126438,21452.5377,1994-12-31,0
3268417,21409.317,1994-11-24,0
2699463,21405.024,1994-11-05,0
3753061,21400.3684,1994-12-20,0
1522660,21391.4973,1995-02-26,0
5087395,21383.472,1994-11-22,0
3727744,21371.526,1994-12-14,0
2492928,21342.8304,1995-01-10,0
1001473,21337.425,1994-11-24,0
2525605,21301.128,1994-12-11,0
3880901,21299.5704,1994-12-17,0
5026114,21299.0649,1994-12-08,0
5054304,21292.47,1994-11-21,0
2728487,21290.4,1994-11-24,0
3049314,21275.114,1995-01-05,0
358244,21273.2904,1994-12-13,0
366375,21266.775,1994-11-12,0
2321664,21261.4464,1994-11-29,0
5349191,21220.8,1994-11-26,0
2827493,21217.408,1994-12-31,0
2641991,21216.8904,1994-12-14,0
707904,21212.0118,1994-12-18,0
1611974,21190.9544,1995-02-02,0
269861,21171.7632,1995-01-07,0
3609605,21162.576,1994-11-29,0
2632391,21153.24,1994-12-09,0
4664103,21089.232,1994-11-26,0
5949766,21082.41,1994-12-08,0
193504,21074.0418,1995-01-14,0
2076420,21073.8528,1995-02-04,0
3107619,21046.8256,1995-02-18,0
5089828,21041.6206,1994-11-27,0
2769927,21031.7198,1995-01-31,0
153858,21031.2557,1995-01-16,0
5222340,21029.772,1995-01-19,0
5754276,21028.0854,1995-01-18,0
4403648,20981.961,1994-11-28,0
735746,20981.655,1994-12-22,0
571621,20950.4286,1994-12-08,0
5624549,20929.3455,1994-11-10,0
1997671,20915.7284,1994-11-24,0
2781703,20909.0178,1994-11-15,0
1606532,20894.208,1994-12-12,0
1523239,20866.1128,1995-02-28,0
1829733,20844.0488,1995-02-15,0
4701475,20835.3292,1994-11-29,0
5020837,20795.25,1994-11-12,0
679523,20785.6152,1995-01-02,0
3191041,20775.5015,1995-02-25,0
5244450,20770.8672,1994-12-22,0
3844487,20753.6784,1994-12-21,0
4978979,20751.276,1994-12-11,0
3129603,20748.57,1995-03-01,0
548035,20711.862,1995-01-18,0
5721415,20703.4796,1995-02-23,0
38947,20682.256,1994-11-30,0
412513,20671.1264,1995-01-24,0
504071,20655.2325,1994-12-08,0
5533027,20597.052,1994-12-24,0
619622,20589.6096,1995-01-19,0
2460935,20588.9516,1995-02-04,0
34368,20569.2942,1995-01-08,0
1938113,20563.848,1994-12-07,0
3047554,20545.0076,1994-12-27,0
1636614,20513.3474,1994-11-22,0
3653157,20483.976,1995-02-03,0
5882915,20472.842,1994-12-08,0
1854887,20467.8234,1995-02-06,0
4380228,20456.618,1994-12-28,0
2613505,20421.6331,1994-12-20,0
1603105,20408.9856,1995-01-26,0
2115172,20404.31,1995-01-31,0
2427333,20399.1776,1995-02-27,0
2624834,20365.335,1994-11-08,0
3912167,20360.4128,1995-01-02,0
1588966,20353.42,1994-12-28,0
278948,20321.7328,1994-11-25,0
2542087,20297.1384,1995-01-01,0
1121638,20296.224,1994-12-25,0
1777989,20291.4604,1994-11-23,0
908608,20242.2124,1994-12-11,0
2316035,20242.1568,1994-12-25,0
4760866,20215.0716,1995-01-21,0
5752677,20211.1455,1995-01-01,0
5338629,20208.501,1995-02-16,0
2964802,20198.7072,1995-01-07,0
1126855,20149.4734,1994-12-20,0
1692358,20146.7844,1995-02-07,0
5615174,20135.552,1995-01-28,0
1114753,20119.352,1995-02-04,0
4490273,20113.4432,1994-12-31,0
340838,20090.049,1994-12-18,0
736871,20089.7,1995-02-07,0
723456,20052.456,1994-11-17,0
4779687,20037.096,1994-11-15,0
2328039,20021.4378,1995-01-06,0
4496999,20008.8293,1994-12-11,0
685025,20003.1876,1994-12-20,0
2061702,19997.5524,1995-01-22,0
4622274,19996.0376,1995-01-15,0
5646433,19984.72,1994-11-17,0
21635,19981.7541,1994-12-03,0
4900608,19973.38,1995-02-27,0
1526691,19971.1922,1995-02-05,0
2460003,19970.0904,1994-11-12,0
3092133,19961.4177,1994-12-22,0
5549223,19945.4068,1994-11-14,0
4541735,19943.103,1994-12-30,0
1085827,19913.5668,1995-01-12,0
2091584,19883.367,1994-12-08,0
696294,19863.3984,1994-12-09,0
3001798,19852.2324,1995-01-14,0
3157472,19839.6774,1994-12-10,0
895712,19829.6109,1995-01-20,0
3104966,19821.636,1994-12-21,0
2960034,19808.6889,1995-01-18,0
2067777,19803.9764,1995-02-22,0
5361031,19793.4044,1995-02-01,0
3715264,19777.1112,1995-01-27,0
138085,19774.1096,1995-02-20,0
4518594,19764.48,1994-11-27,0
4509794,19748.452,1995-01-06,0
1882726,19729.8,1995-02-28,0
3836422,19693.6245,1995-01-09,0
5239524,19678.2395,1994-12-09,0
5115652,19667.394,1994-12-15,0
1015622,19663.1136,1994-11-26,0
1906533,19616.976,1995-02-20,0
5654944,19614.3234,1994-12-31,0
5511043,19604.169,1995-01-20,0
818311,19600.464,1995-02-21,0
5650948,19599.822,1995-02-02,0
1741959,19577.4975,1994-11-23,0
5688992,19576.4292,1995-01-15,0
2257190,19561.392,1995-01-16,0
230598,19558.692,1995-03-01,0
1632577,19556.786,1995-01-31,0
5175617,19548.802,1994-12-20,0
1199364,19534.6998,1994-12-07,0
4612833,19532.934,1995-02-10,0
1718597,19527.21,1995-02-23,0
2955491,19504.2762,1994-12-08,0
321856,19499.8488,1995-02-23,0
4779748,19494.9,1994-11-09,0
4460423,19473.102,1994-12-16,0
1006085,19451.25,1994-12-27,0
1101317,19424.6052,1994-12-07,0
3482946,19416.55,1994-12-15,0
339424,19413.896,1995-01-13,0
5682753,19405.8315,1995-01-12,0
2999938,19335.8,1994-11-13,0
2549313,19307.9887,1994-11-22,0
4587843,19299.8806,1994-11-16,0
320448,19275.405,1994-12-01,0
295940,19275.1056,1995-02-14,0
894023,19269.887,1994-11-24,0
3371553,19236.028,1994-11-30,0
4260964,19231.961,1995-01-19,0
5638439,19227.335,1994-12-18,0
3217669,19220.838,1994-12-14,0
5313798,19219.5288,1995-01-18,0
1108419,19202.04,1995-02-09,0
4835943,19168.6586,1995-02-06,0
848000,19161.495,1994-12-26,0
5591046,19147.9288,1995-02-08,0
415812,19133.982,1994-11-13,0
71782,19133.0295,1994-12-23,0
2197351,19122.2694,1994-12-09,0
1375623,19116.243,1994-12-02,0
34689,19100.592,1994-11-24,0
673761,19097.7732,1994-11-26,0
5789858,19084.896,1994-12-20,0
1944355,19083.063,1994-12-19,0
1964290,19076.76,1995-02-27,0
4088422,19064.087,1994-12-05,0
1214401,19050.3591,1994-12-07,0
2160034,19018.314,1994-11-24,0
421125,19006.878,1994-12-01,0
5291777,18999.126,1995-02-26,0
4631776,18993.76,1995-01-06,0
2765187,18982.5363,1994-12-13,0
2777574,18960.387,1995-02-08,0
3587971,18930.8592,1995-01-07,0
1048387,18914.7024,1994-12-09,0
7527,18914.688,1994-12-12,0
2166529,18908.9808,1994-12-02,0
3229571,18907.02,1994-11-26,0
5605415,18870.5664,1994-12-02,0
85154,18853.51,1995-02-15,0
1441378,18837.3042,1995-01-01,0
4612549,18835.5072,1994-11-27,0
1517828,18829.0011,1995-03-03,0
4392227,18817.526,1995-02-25,0
2728933,18809.5554,1995-01-18,0
5830085,18807.5328,1994-12-29,0
3475559,18800.3788,1994-11-27,0
4825060,18798.4336,1995-01-22,0
1221991,18777.2,1994-11-16,0
2709152,18772.8768,1994-12-23,0
1777701,18758.7,1994-12-31,0
1632576,18750.474,1995-01-18,0
1630662,18737.8539,1995-01-03,0
2271456,18736.3392,1994-12-21,0
443043,18716.8608,1994-12-14,0
1884166,18705.1696,1995-01-05,0
4164386,18697.5789,1995-02-19,0
4324071,18691.2144,1994-12-28,0
1513318,18656.9764,1994-12-30,0
132167,18637.6092,1995-01-29,0
456098,18633.6612,1994-12-03,0
4584931,18608.5548,1994-12-16,0
2904384,18596.9781,1994-12-25,0
3972102,18564.912,1994-12-02,0
461922,18528.3956,1995-01-28,0
5582658,18518.7045,1995-01-24,0
2185573,18491.257,1995-01-25,0
4327684,18483.0884,1995-02-06,0
173221,18458.7312,1995-02-09,0
5467271,18451.107,1995-01-28,0
2201539,18409.8,1995-01-12,0
318181,18393.0912,1995-02-09,0
174178,18385.654,1994-12-14,0
4549376,18372.9525,1994-12-21,0
927719,18335.76,1994-12-08,0
158336,18307.0602,1994-11-10,0
4449667,18251.7615,1994-11-15,0
3445442,18249.413,1994-12-22,0
1179873,18242.4528,1995-02-03,0
886532,18233.963,1995-01-26,0
1284231,18232.8672,1994-11-29,0
4361569,18211.93,1995-01-10,0
944935,18207.168,1995-02-04,0
3281123,18204.8328,1994-12-08,0
2226276,18181.8496,1994-12-25,0
4831587,18175.8304,1994-11-30,0
681830,18145.8368,1995-01-24,0
3123841,18139.3245,1995-01-13,0
2401603,18118.224,1994-12-27,0
1457218,18113.4063,1995-02-07,0
5172832,18106.8797,1995-01-13,0
4908416,18102.0672,1994-11-15,0
2801024,18101.1376,1994-12-16,0
5927968,18098.1,1994-12-07,0
1666374,18095.235,1995-01-24,0
1527331,18066.708,1994-12-21,0
4404902,18046.8764,1994-11-13,0
1138561,18001.842,1995-01-10,0
2571265,17992.715,1995-01-11,0
2847076,17982.0004,1995-01-12,0
4591973,17979.0635,1995-02-16,0
4116259,17960.0148,1995-02-10,0
4866883,17959.8656,1995-01-27,0
3590276,17954.7,1994-11-19,0
5729698,17948.8896,1995-01-16,0
822437,17942.7787,1995-01-15,0
2230310,17914.815,1994-12-15,0
4358304,17901.135,1995-02-09,0
5583394,17895.3346,1994-12-26,0
3324577,17871.183,1995-01-19,0
4544261,17871.168,1994-11-30,0
776739,17841.5523,1994-12-22,0
5952932,17781.1476,1994-11-08,0
4574753,17777.1,1994-12-19,0
202787,17776.416,1994-11-21,0
4172839,17763.6732,1995-02-07,0
581760,17751.5052,1995-02-11,0
736582,17740.268,1994-11-30,0
4134624,17723.202,1995-02-17,0
946468,17720.9088,1994-12-10,0
2378598,17715.9621,1994-12-09,0
2202788,17703.45,1994-11-18,0
1386049,17694.7848,1995-02-14,0
5198369,17693.0208,1995-01-02,0
4598561,17681.28,1994-12-15,0
1032706,17671.95,1994-11-21,0
1103877,17656.3933,1995-01-14,0
4351715,17602.5975,1994-12-27,0
4396098,17601.6672,1994-12-26,0
3983526,17585.568,1994-12-16,0
1063553,17565.1965,1994-11-25,0
808291,17561.908,1995-02-06,0
3835331,17558.1,1994-11-16,0
2540644,17557.79,1995-01-09,0
4862405,17539.389,1995-01-05,0
5443716,17520.2636,1994-12-22,0
2039431,17464.2976,1995-01-01,0
2402662,17461.3806,1994-12-18,0
2410917,17440.2816,1995-02-26,0
5101319,17418.5572,1994-12-16,0
410209,17412.8085,1995-02-16,0
1960167,17276.5095,1994-11-18,0
1036999,17274.0096,1995-01-08,0
861765,17229.576,1994-12-23,0
2395457,17218.9305,1994-11-29,0
2054848,17210.4608,1994-12-30,0
358403,17193.384,1994-12-30,0
608832,17190.912,1994-12-11,0
1557377,17174.0688,1995-01-27,0
3050533,17154.06,1994-11-28,0
3570692,17137.3468,1995-02-13,0
1942662,17133.27,1994-12-18,0
3363458,17127.1,1994-12-11,0
3103713,17121.3471,1995-02-09,0
2343394,17117.19,1994-12-21,0
3380384,17112.42,1994-12-13,0
5947267,17081.3844,1994-11-21,0
558691,17012.1432,1994-11-17,0
285159,17003.6608,1994-11-28,0
3820263,16991.756,1995-01-17,0
4374661,16991.6088,1995-01-29,0
2817729,16984.442,1995-01-16,0
4894885,16961.88,1994-11-18,0
2436546,16948.134,1995-01-17,0
2092295,16943.7723,1994-11-27,0
4256229,16938.7512,1995-02-03,0
868097,16934.67,1994-11-27,0
5319845,16897.7589,1994-11-24,0
3023364,16897.1616,1994-12-03,0
4928710,16868.817,1994-12-03,0
3698304,16827.03,1995-01-03,0
5395777,16819.817,1995-01-27,0
1658464,16775.2494,1995-02-14,0
4083079,16774.884,1995-03-01,0
859493,16771.1817,1995-01-03,0
2907175,16726.0968,1994-11-28,0
5364549,16694.34,1994-12-30,0
4643588,16683.1665,1995-02-04,0
2636613,16677.3222,1995-03-01,0
4823333,16663.6646,1995-02-23,0
3798689,16633.9965,1994-12-29,0
5578019,16611.441,1994-12-24,0
4826464,16583.832,1994-12-04,0
3876642,16575.391,1995-01-19,0
4824167,16570.026,1994-12-14,0
2267876,16564.5648,1995-01-02,0
3579938,16545.6432,1994-12-23,0
2181090,16529.732,1995-02-20,0
1529990,16521.0656,1994-12-10,0
3584835,16492.1427,1994-11-28,0
2153927,16473.0384,1994-11-25,0
5260103,16459.038,1994-12-31,0
2318432,16406.208,1994-12-13,0
3211590,16405.2234,1994-12-09,0
600999,16385.5116,1994-11-19,0
4572677,16380.6368,1994-12-13,0
1579783,16313.3718,1994-11-16,0
5789479,16303.4208,1995-01-31,0
1944036,16295.2608,1995-01-26,0
1122342,16284.8644,1994-11-15,0
5035938,16252.1824,1994-12-05,0
623747,16247.2608,1994-11-10,0
2102501,16246.3,1994-12-10,0
4069799,16220.6859,1994-12-30,0
2096165,16216.848,1994-12-27,0
530052,16214.5632,1994-12-17,0
395301,16211.9367,1994-11-27,0
4588518,16186.584,1994-12-05,0
3808451,16134.3454,1995-01-01,0
3770503,16129.9634,1994-12-09,0
3578023,16122.9432,1995-01-23,0
1252870,16105.3529,1995-01-31,0
1428997,16065.2916,1995-01-15,0
1814019,16063.951,1995-01-11,0
2838912,16046.16,1995-02-05,0
4117794,16043.125,1994-11-20,0
524386,16036.176,1995-01-06,0
4710179,16015.86,1995-02-26,0
4410022,15995.5822,1994-12-22,0
198565,15993.4797,1994-12-13,0
1639591,15966.504,1995-01-24,0
5742784,15962.0461,1995-02-03,0
1658336,15935.832,1994-12-11,0
3945347,15908.724,1994-12-11,0
4286401,15907.671,1994-11-29,0
3200615,15903.5592,1995-01-23,0
2985029,15876.0756,1994-11-18,0
5504453,15856.8102,1995-02-08,0
121061,15852.8556,1994-11-05,0
5888099,15845.34,1995-01-18,0
2119874,15841.2672,1994-11-17,0
831303,15827.5605,1994-12-10,0
4514980,15822.3156,1995-01-04,0
421221,15816.1932,1994-12-23,0
3866145,15816.1016,1994-12-12,0
5591012,15779.874,1995-01-06,0
2033412,15759.7995,1995-01-01,0
5743138,15750.0057,1994-12-16,0
5690181,15743.0515,1995-01-27,0
2334214,15730.005,1994-12-28,0
9953,15729.1394,1995-02-28,0
104484,15698.424,1994-12-12,0
2094372,15697.0632,1995-01-26,0
2388709,15696.6336,1994-11-19,0
1523428,15648.6694,1994-12-14,0
1561635,15625.3392,1994-12-04,0
2223232,15620.757,1995-01-09,0
3967171,15610.248,1995-02-24,0
3922340,15603.384,1995-02-24,0
4067045,15578.8416,1995-02-14,0
3343874,15556.032,1994-11-11,0
5788707,15541.5348,1994-12-24,0
2070915,15536.3328,1995-02-09,0
534503,15532.6464,1995-01-04,0
3832260,15518.3424,1994-12-31,0
1434244,15449.7924,1994-12-28,0
1518050,15445.052,1995-01-25,0
1037410,15436.0305,1995-01-04,0
59845,15398.944,1994-12-23,0
2613347,15398.2007,1995-02-08,0
4139778,15383.628,1995-01-14,0
4728705,15353.6435,1994-12-01,0
5708707,15308.2384,1995-01-06,0
4550241,15303.288,1995-02-12,0
4714273,15301.104,1995-01-12,0
4923045,15283.708,1995-02-02,0
4427648,15270.2592,1995-01-01,0
4745126,15257.151,1994-12-03,0
567520,15255.708,1994-12-05,0
3957284,15255.1896,1994-12-12,0
404578,15241.446,1995-01-05,0
3036194,15240.576,1994-12-23,0
4599239,15200.076,1995-01-25,0
1474436,15199.8128,1995-01-24,0
3201287,15168.2148,1995-02-20,0
230821,15135.0528,1995-02-02,0
3465667,15133.4172,1995-02-15,0
35617,15125.8212,1995-02-01,0
4869476,15122.8392,1995-01-02,0
4284321,15121.9341,1995-01-17,0
4984518,15118.857,1995-01-29,0
1491269,15115.0389,1994-11-22,0
4961189,15097.929,1995-01-01,0
5999908,15092.154,1995-03-02,0
4713700,15091.605,1994-11-28,0
4370214,15083.53,1995-02-19,0
3904640,15081.471,1994-12-04,0
4475457,15063.52,1995-02-10,0
2949984,15059.4156,1994-12-27,0
4976384,14990.962,1994-12-05,0
2610021,14984.5707,1995-02-21,0
3874626,14963.63,1994-12-26,0
1798816,14957.655,1994-12-27,0
4961540,14947.8156,1995-01-21,0
267268,14931.9,1995-01-10,0
3755460,14901.93,1994-12-02,0
1382790,14885.189,1995-02-12,0
3767877,14880.7482,1995-01-02,0
5823171,14861.8644,1995-01-06,0
1641024,14844.985,1994-11-22,0
3418467,14814.8273,1994-12-28,0
4688865,14803.488,1995-01-13,0
3183429,14778.1543,1994-12-31,0
1198240,14759.5976,1995-02-22,0
5928772,14749.5504,1994-11-13,0
5136742,14736.4956,1994-11-26,0
978789,14730.408,1995-01-31,0
3479238,14687.3124,1995-02-12,0
552007,14667.84,1994-11-25,0
3318693,14664.8175,1994-12-01,0
2537186,14664.423,1994-12-31,0
3013378,14654.715,1994-12-30,0
3040839,14654.2847,1994-12-31,0
4308487,14645.1888,1995-01-16,0
3186818,14639.5144,1994-11-24,0
5755330,14639.328,1994-12-15,0
969761,14600.2935,1995-01-03,0
5043394,14573.0926,1994-11-30,0
2635077,14558.346,1994-11-30,0
4949479,14553.594,1994-11-30,0
5007079,14522.156,1994-11-05,0
3891523,14520.5184,1995-02-10,0
5648323,14511.725,1994-12-15,0
5252389,14507.1432,1994-12-02,0
2037958,14507.0638,1995-02-20,0
127815,14454.896,1994-12-23,0
3038977,14448.4056,1994-11-11,0
5899970,14444.0604,1995-01-27,0
1513988,14417.998,1994-12-23,0
4933858,14415.5646,1994-11-14,0
1410080,14380.3436,1995-01-01,0
2153767,14377.4982,1995-02-07,0
2453891,14329.68,1994-11-25,0
5742276,14315.1096,1994-12-07,0
1376711,14312.662,1994-12-02,0
4003301,14310.45,1995-01-30,0
4321957,14290.506,1994-11-20,0
2296803,14282.965,1995-01-03,0
4163015,14258.13,1995-01-11,0
524642,14223.3828,1995-01-30,0
5528486,14210.8428,1994-11-24,0
2632037,14167.296,1994-12-30,0
3133413,14162.274,1995-01-18,0
1121408,14157.6156,1994-12-08,0
4645030,14137.92,1994-11-14,0
1381573,14128.1136,1994-12-01,0
1379492,14116.5,1995-01-07,0
5289633,14089.872,1994-11-18,0
3775783,14068.395,1995-01-22,0
754305,14044.2808,1995-01-27,0
4468608,14034.7942,1994-12-17,0
4136929,14028.8274,1995-02-10,0
248193,13999.0389,1995-02-01,0
445830,13998.32,1994-12-08,0
1396514,13982.31,1995-01-05,0
5294182,13963.43,1994-11-13,0
465764,13951.762,1994-12-07,0
676004,13948.35,1994-12-01,0
1594182,13940.9816,1994-11-07,0
2003524,13937.6328,1994-11-23,0
1484900,13937.3052,1994-11-06,0
745026,13926.3096,1994-12-22,0
4382658,13867.126,1995-02-17,0
4680900,13835.401,1995-01-26,0
1704391,13817.6242,1995-02-09,0
1036357,13798.02,1995-02-10,0
2239618,13784.3856,1995-01-21,0
4493184,13783.6032,1994-12-21,0
740547,13778.518,1994-12-30,0
4496067,13776.0384,1994-11-30,0
3031648,13734.406,1995-01-13,0
1151682,13696.0993,1994-12-11,0
3847808,13676.076,1995-01-05,0
4872164,13667.1192,1995-01-15,0
4526915,13660.164,1995-01-30,0
747010,13653.124,1995-01-24,0
3515109,13640.9472,1995-02-22,0
4610946,13614.0,1995-01-03,0
2072577,13595.932,1994-11-24,0
1724198,13574.715,1994-11-28,0
4827619,13573.0,1994-12-03,0
5069668,13569.4818,1994-11-09,0
1805927,13555.1542,1994-12-06,0
5207360,13490.28,1995-02-11,0
2912322,13483.584,1994-12-09,0
713574,13449.814,1995-01-19,0
5851840,13434.1152,1994-11-22,0
4065635,13429.3614,1995-02-10,0
364389,13338.7296,1995-01-15,0
5298978,13336.9632,1995-03-03,0
4446337,13330.4064,1995-01-07,0
2800257,13311.32,1994-12-11,0
4786308,13290.1912,1994-12-15,0
1380545,13278.33,1995-02-05,0
4821216,13273.932,1994-11-09,0
1150272,13235.2,1994-12-17,0
804836,13228.677,1994-12-31,0
2224711,13213.5534,1995-01-19,0
5538150,13203.288,1994-12-23,0
4419494,13177.3152,1994-11-18,0
4109601,13164.324,1995-01-06,0
1953350,13160.6016,1994-11-15,0
751365,13155.3396,1995-01-30,0
3865504,13147.477,1995-01-21,0
1634087,13137.4096,1994-12-14,0
5318852,13110.9168,1994-12-03,0
2411942,13097.2832,1995-01-13,0
3124128,13096.72,1994-12-22,0
4493507,13077.1113,1994-11-19,0
630785,13076.8,1995-02-11,0
698914,13066.6705,1995-01-18,0
4009987,13066.17,1994-12-04,0
2210497,13058.688,1995-02-03,0
2007878,13057.744,1995-01-12,0
2600738,13037.0688,1994-12-30,0
4434917,13035.715,1994-12-13,0
295591,13032.6418,1995-02-02,0
1861287,13029.6288,1995-01-17,0
5849797,13029.174,1995-01-21,0
1145826,13006.868,1994-12-18,0
4792133,13002.624,1994-12-01,0
2728576,12990.879,1995-03-03,0
130946,12984.0768,1994-12-04,0
4460229,12981.771,1994-11-23,0
2061217,12941.565,1994-11-07,0
2019591,12890.3712,1994-11-25,0
3839843,12886.3336,1994-12-21,0
4434852,12885.135,1994-11-13,0
1197732,12882.42,1994-11-22,0
1159427,12878.208,1995-02-28,0
5561958,12868.8384,1994-12-04,0
1258247,12862.377,1994-12-29,0
4925312,12862.0656,1994-12-13,0
4223140,12784.64,1994-11-29,0
38818,12762.3,1994-11-19,0
5752864,12724.712,1994-11-14,0
3912640,12679.956,1995-02-07,0
4706438,12675.11,1995-01-22,0
1127877,12650.0736,1994-11-16,0
4774531,12649.6097,1995-01-18,0
5161543,12615.3252,1995-01-24,0
2078530,12611.3928,1995-02-24,0
1557733,12601.4144,1994-12-29,0
1068899,12597.3936,1994-11-30,0
3689059,12585.6627,1994-11-28,0
249411,12545.592,1995-01-21,0
3453764,12519.4368,1995-02-11,0
2141861,12493.4264,1994-12-05,0
3996166,12471.4,1995-01-23,0
3731747,12428.402,1994-12-02,0
2711330,12414.799,1994-11-28,0
1527907,12407.7345,1995-01-07,0
3271495,12399.439,1994-12-10,0
436514,12388.8277,1994-11-28,0
1667072,12388.152,1994-11-08,0
1428999,12382.5793,1994-11-24,0
5655269,12369.584,1995-01-04,0
3838245,12361.8,1994-11-14,0
4332225,12332.192,1994-12-01,0
484482,12272.316,1994-12-01,0
503013,12251.862,1994-12-28,0
5672868,12242.412,1995-01-10,0
939109,12226.1904,1995-02-26,0
2105152,12223.3538,1995-01-08,0
2247524,12186.6466,1995-02-18,0
2445287,12174.687,1994-12-09,0
661381,12165.8592,1994-11-25,0
3504097,12146.6345,1995-02-11,0
3337349,12112.32,1994-11-29,0
3311460,12104.118,1994-12-03,0
2040038,12079.881,1994-12-26,0
2897061,12043.08,1995-02-28,0
2434816,12034.98,1995-01-07,0
5949824,12023.1688,1995-01-30,0
650176,12021.317,1994-12-04,0
1591303,12005.2224,1994-12-10,0
5455682,11955.9804,1994-12-11,0
150144,11935.462,1994-12-24,0
4693313,11918.7306,1995-03-01,0
3488807,11911.8884,1994-12-31,0
5428673,11877.3648,1994-11-28,0
712833,11867.1546,1994-12-09,0
1337312,11865.0654,1994-12-31,0
4638023,11853.1672,1995-02-17,0
1399104,11839.4496,1995-02-10,0
2370500,11810.2446,1995-02-24,0
708932,11796.884,1994-11-19,0
3069986,11795.6475,1995-01-28,0
2469986,11788.236,1994-12-13,0
1994246,11781.0784,1995-01-21,0
4527942,11770.66,1994-11-25,0
1617250,11729.88,1995-01-27,0
3766948,11726.33,1994-11-25,0
5457828,11708.697,1994-11-26,0
5581094,11680.061,1995-02-06,0
752965,11661.2392,1995-01-16,0
95685,11638.5465,1995-01-07,0
222816,11636.2701,1994-11-13,0
195361,11618.0544,1995-01-12,0
113287,11612.88,1994-12-05,0
191459,11604.168,1994-12-30,0
5852710,11586.5599,1995-01-25,0
4016454,11546.145,1994-11-27,0
1883365,11521.0368,1995-02-23,0
893922,11501.5824,1994-11-13,0
3848869,11493.2818,1995-02-24,0
4171552,11478.5088,1995-02-07,0
2857029,11476.278,1994-12-16,0
5891776,11471.478,1994-12-21,0
614182,11444.5521,1995-02-08,0
3979553,11427.6168,1995-01-30,0
3169383,11410.5327,1995-01-08,0
1338178,11394.792,1995-03-02,0
4749376,11381.0688,1995-01-16,0
4675616,11347.7952,1994-12-10,0
5215680,11346.0165,1995-01-29,0
2400519,11331.7008,1995-01-28,0
5536167,11327.283,1994-11-26,0
5308583,11319.525,1994-12-17,0
1201957,11316.2385,1994-12-31,0
2816704,11294.2512,1994-12-27,0
5752038,11276.8404,1995-01-05,0
5854080,11262.6409,1994-11-30,0
2758917,11261.811,1995-03-03,0
5393665,11246.301,1994-12-21,0
550019,11216.954,1995-01-17,0
1646368,11201.89,1994-12-30,0
2935648,11192.7816,1994-12-24,0
756064,11188.089,1994-12-11,0
3036999,11118.2616,1994-12-11,0
5490336,11081.7,1994-11-23,0
1735046,11073.5064,1994-12-04,0
646432,11061.5964,1995-02-01,0
2533158,11056.71,1995-02-19,0
2466785,11022.5745,1995-02-20,0
5646017,11018.9142,1994-12-26,0
989152,11012.6016,1995-01-10,0
1252227,10991.4833,1995-02-20,0
1772004,10982.2713,1994-12-27,0
2740802,10974.8736,1994-12-31,0
4373889,10966.9824,1995-02-25,0
3606080,10965.465,1994-12-21,0
4167650,10950.588,1995-01-14,0
855362,10947.724,1995-02-23,0
5507302,10941.15,1994-11-20,0
5765892,10938.243,1994-12-20,0
336453,10932.9426,1995-01-20,0
5486789,10931.7824,1995-02-14,0
454979,10927.8,1995-02-01,0
1650023,10914.8613,1995-01-20,0
4996195,10889.9184,1995-01-05,0
5059335,10886.943,1994-11-10,0
4078081,10882.5066,1994-11-30,0
3216769,10840.032,1995-02-27,0
2119684,10790.0352,1994-12-31,0
4333569,10764.936,1995-03-02,0
372930,10760.46,1994-12-25,0
4665734,10749.0834,1994-12-11,0
2513381,10746.612,1995-02-03,0
5291937,10710.224,1994-12-15,0
968932,10648.0368,1994-11-17,0
751047,10644.48,1994-12-28,0
3307972,10637.2539,1995-01-03,0
4437249,10612.3416,1995-01-25,0
3839142,10602.0558,1995-01-25,0
4089958,10570.56,1994-11-27,0
5324485,10570.24,1994-12-05,0
5537920,10555.545,1994-11-19,0
3538919,10547.0148,1995-02-19,0
1517249,10523.359,1995-03-03,0
4464583,10424.6784,1995-02-01,0
760582,10419.2736,1995-01-21,0
4866595,10338.356,1994-12-19,0
4402689,10322.422,1994-11-24,0
5964163,10309.2902,1995-01-14,0
5745633,10306.7968,1994-12-25,0
3111044,10278.148,1994-12-13,0
2024551,10264.716,1994-12-19,0
5587399,10256.7584,1994-11-12,0
3835975,10255.682,1995-02-17,0
3327942,10222.3014,1995-02-24,0
2007367,10174.1913,1995-01-08,0
2789794,10125.84,1995-01-30,0
3778053,10119.9906,1994-12-23,0
5944196,10073.6136,1994-12-18,0
5143462,10059.8256,1995-01-11,0
4216929,10020.876,1994-12-31,0
812481,10018.386,1995-01-07,0
2026659,10014.4818,1994-11-08,0
2112838,10011.384,1994-12-17,0
1396327,9946.8096,1994-12-05,0
5200802,9946.046,1995-01-02,0
4582692,9927.936,1995-02-23,0
4597634,9917.82,1995-02-09,0
2057089,9915.696,1995-02-24,0
3707463,9910.791,1995-01-07,0
5860800,9876.3786,1995-03-01,0
651904,9873.9552,1995-01-18,0
5584609,9853.0803,1994-12-11,0
2991554,9847.7568,1995-02-25,0
3310117,9838.7198,1995-02-23,0
3167617,9781.8624,1994-12-24,0
3181286,9768.906,1995-02-22,0
912288,9764.75,1994-12-01,0
5968995,9747.8,1994-12-06,0
2678593,9696.915,1994-12-17,0
73281,9689.3664,1995-02-01,0
433574,9664.3608,1995-01-19,0
3931715,9650.5992,1995-01-24,0
3508386,9616.7808,1994-12-25,0
477383,9603.2328,1994-11-22,0
919971,9578.7916,1994-11-18,0
5966592,9561.9216,1995-02-16,0
5426311,9557.121,1994-12-05,0
4656198,9540.0872,1994-11-30,0
154790,9536.0274,1995-02-25,0
638660,9513.3,1994-11-26,0
2972481,9502.434,1994-12-24,0
3338403,9493.0506,1994-12-28,0
2100226,9469.05,1995-02-24,0
4312609,9431.2512,1995-02-02,0
4724672,9427.68,1994-11-29,0
4759845,9420.5727,1995-02-17,0
1147076,9416.2593,1994-11-23,0
2866592,9406.26,1994-12-17,0
2192256,9392.593,1994-12-08,0
4932832,9392.0316,1994-12-16,0
3563652,9376.01,1995-01-13,0
2056608,9329.3824,1994-12-18,0
4892420,9305.307,1994-11-17,0
1487783,9304.0808,1994-12-11,0
4341123,9302.4288,1995-02-20,0
4550,9294.1065,1994-12-29,0
905255,9275.211,1994-12-14,0
5936256,9275.0698,1995-01-12,0
1238471,9247.7952,1994-12-29,0
143558,9239.28,1994-12-29,0
1210691,9222.3264,1995-01-11,0
691744,9215.835,1995-01-16,0
2638306,9211.6728,1994-11-22,0
1283456,9201.68,1995-01-15,0
1731811,9181.37,1994-12-16,0
2454534,9144.32,1994-11-24,0
282180,9141.594,1995-02-11,0
168577,9134.3154,1994-12-02,0
4549958,9123.296,1995-01-10,0
5831974,9116.8896,1994-11-19,0
1054823,9090.36,1994-11-27,0
2832838,9089.8392,1995-02-21,0
1560929,9086.31,1995-03-03,0
2790242,9061.668,1995-01-13,0
2696004,9058.5216,1994-11-15,0
1474372,9057.8745,1994-12-08,0
4369382,9016.515,1995-02-17,0
2424166,9009.2754,1995-01-13,0
4918754,8945.775,1995-01-04,0
4897026,8873.083,1994-11-30,0
1163812,8870.4504,1995-02-18,0
3103559,8864.361,1994-11-17,0
3744740,8849.088,1994-12-30,0
1391494,8828.65,1995-01-10,0
3011685,8792.4525,1994-11-17,0
379875,8768.9322,1994-12-20,0
1306854,8761.5528,1995-02-14,0
1654694,8715.1792,1994-12-27,0
4533186,8698.14,1994-12-29,0
659360,8671.872,1994-11-22,0
3965121,8664.48,1994-12-15,0
1653824,8638.2768,1995-01-04,0
3714885,8629.5625,1995-01-31,0
3822789,8613.0135,1994-12-31,0
660645,8611.152,1994-12-18,0
361984,8601.072,1994-11-28,0
4348999,8587.3875,1994-11-20,0
1493413,8583.786,1994-12-02,0
3680231,8577.36,1995-02-04,0
5591078,8576.8704,1995-01-04,0
2874757,8573.56,1994-12-21,0
40455,8554.8736,1995-01-13,0
5961088,8482.078,1995-01-08,0
2281377,8480.646,1994-12-08,0
1098279,8480.346,1994-11-21,0
2841218,8478.12,1995-02-21,0
4689574,8419.9896,1994-12-07,0
751811,8400.32,1994-12-22,0
977828,8399.646,1995-02-14,0
727554,8387.1424,1994-11-24,0
151555,8371.356,1994-12-09,0
2089127,8346.9024,1994-12-20,0
5196326,8346.1102,1994-11-14,0
758853,8322.901,1994-12-21,0
185186,8307.663,1994-12-21,0
4417926,8256.248,1995-01-21,0
1828673,8242.4196,1995-01-20,0
631844,8227.6416,1994-12-06,0
731138,8222.1804,1994-12-22,0
1240230,8212.2432,1994-11-07,0
5598882,8206.9152,1995-02-08,0
4095463,8178.2,1995-01-03,0
345889,8164.5762,1994-11-30,0
5455044,8104.5792,1994-11-26,0
636576,8084.8272,1994-12-24,0
4258403,8083.166,1995-03-03,0
1612198,8076.72,1994-12-31,0
1634055,8071.5096,1995-02-24,0
2504449,8057.055,1995-01-02,0
3028384,8040.9217,1995-01-20,0
2859392,7984.249,1994-11-29,0
5102406,7928.64,1994-12-07,0
1721542,7919.184,1994-12-10,0
4221863,7898.82,1994-12-21,0
4165476,7875.1428,1995-01-13,0
552802,7848.4,1995-01-29,0
1841698,7832.6028,1994-12-17,0
4363105,7825.8012,1995-02-04,0
2730822,7799.4,1994-12-13,0
249216,7795.896,1995-01-16,0
1367526,7756.0254,1994-12-15,0
5660098,7729.4448,1994-12-28,0
5968678,7670.025,1995-01-13,0
296644,7641.458,1995-01-14,0
2879586,7616.4075,1995-02-27,0
1358373,7600.4292,1995-02-07,0
5960992,7585.0824,1995-02-13,0
4990948,7582.3026,1995-02-26,0
4058949,7572.9435,1995-02-06,0
5660484,7557.0724,1995-01-16,0
4172260,7556.367,1995-02-15,0
842691,7551.9192,1994-11-29,0
3693733,7548.849,1995-01-30,0
5102085,7535.7435,1994-12-10,0
2312581,7530.0864,1994-12-14,0
5454917,7512.6604,1994-12-02,0
141216,7492.9879,1995-02-21,0
2792357,7473.4785,1995-02-13,0
3619493,7447.9284,1995-01-24,0
3010754,7432.6525,1995-01-23,0
2536547,7424.972,1994-11-18,0
2010052,7409.658,1994-12-27,0
5297954,7399.1184,1994-12-27,0
3906817,7377.9888,1995-02-02,0
4896384,7359.6768,1994-11-22,0
5407172,7337.856,1995-02-07,0
5506274,7337.534,1994-11-11,0
2463332,7334.586,1994-12-19,0
2445254,7326.97,1994-11-30,0
5782528,7325.784,1994-12-13,0
530785,7279.5,1995-01-14,0
1509058,7278.864,1994-12-07,0
4781890,7252.7385,1995-01-27,0
4801221,7219.3786,1994-12-24,0
423427,7200.4779,1994-11-25,0
5735040,7182.21,1994-12-10,0
2376483,7179.7275,1995-02-22,0
3473286,7174.4757,1995-01-10,0
1687559,7166.3438,1995-01-17,0
1614788,7120.6528,1994-12-20,0
4427331,7105.38,1994-12-30,0
2137123,7098.336,1995-02-13,0
3385827,7098.324,1994-11-16,0
5432289,7081.389,1994-11-21,0
4373699,7059.526,1994-12-12,0
5963105,7047.6112,1994-12-19,0
3628679,7043.7696,1995-01-25,0
4906183,7041.762,1995-01-16,0
3715936,7037.658,1994-11-22,0
2827235,6996.2805,1994-11-14,0
353543,6990.912,1995-01-17,0
4332929,6986.7765,1994-12-12,0
5012292,6972.35,1995-02-15,0
2716133,6962.627,1994-12-17,0
2844647,6931.5349,1995-02-10,0
1322597,6896.0374,1994-12-25,0
2846564,6857.5052,1994-12-19,0
3176928,6814.6056,1994-11-25,0
3425154,6814.332,1994-12-30,0
1542212,6811.128,1995-01-26,0
5501124,6769.152,1995-01-15,0
1739968,6753.7383,1995-01-19,0
3056326,6739.155,1994-11-26,0
4908832,6725.5461,1994-12-29,0
3234788,6724.711,1995-02-28,0
4023558,6719.3802,1994-12-26,0
2989093,6700.7304,1995-02-18,0
1270371,6667.9256,1995-02-24,0
378976,6662.6868,1995-01-06,0
5364199,6649.5744,1995-01-07,0
3521030,6639.0468,1995-01-21,0
1859874,6616.32,1995-01-30,0
594055,6597.32,1994-12-08,0
4809152,6560.928,1995-01-18,0
716741,6543.4264,1994-11-13,0
217893,6520.04,1995-01-14,0
2399906,6519.6168,1994-11-20,0
1704642,6501.3464,1995-01-03,0
1219490,6491.15,1995-01-11,0
3228869,6472.1804,1995-01-02,0
5817509,6424.5616,1994-12-22,0
2538820,6417.3186,1995-02-12,0
4094211,6413.5776,1995-01-18,0
1184865,6398.2464,1994-12-22,0
3593056,6349.11,1994-12-17,0
4293959,6320.85,1994-11-18,0
5865987,6284.9605,1994-11-20,0
4348353,6277.88,1995-01-24,0
809254,6253.821,1995-02-14,0
4501345,6238.686,1994-12-27,0
5675558,6212.025,1994-12-20,0
3733127,6177.2788,1994-11-28,0
754566,6165.432,1995-02-15,0
484709,6151.7016,1995-01-16,0
570182,6126.2565,1994-12-02,0
195746,6066.2,1995-01-12,0
1202880,6028.5576,1994-12-01,0
3768579,5997.42,1994-11-21,0
5140704,5995.4076,1995-01-12,0
3451234,5992.8576,1995-01-24,0
4716775,5949.47,1994-12-06,0
4680384,5942.8992,1995-01-02,0
3465958,5939.166,1994-12-01,0
4953798,5917.0932,1995-01-25,0
5804928,5911.356,1994-12-23,0
5373091,5910.086,1995-01-31,0
2789447,5870.2,1995-01-22,0
4924805,5829.105,1995-01-17,0
412422,5816.741,1994-11-29,0
2988903,5794.1604,1994-11-12,0
2421383,5709.4096,1994-11-18,0
2467527,5703.552,1995-02-09,0
556228,5700.6609,1994-11-24,0
29409,5698.4895,1995-01-14,0
1949473,5690.0745,1994-12-26,0
171047,5665.068,1995-02-16,0
467648,5656.1184,1994-12-10,0
442947,5638.8612,1994-11-06,0
2502534,5620.6656,1995-02-25,0
5043971,5599.072,1994-12-26,0
5993189,5569.3035,1995-01-19,0
2794561,5564.232,1994-11-16,0
1704480,5552.52,1995-01-14,0
2334406,5549.4498,1994-12-04,0
1313956,5536.7808,1995-01-14,0
4441959,5533.56,1994-12-11,0
5364228,5488.4928,1994-11-22,0
2162146,5480.02,1995-01-22,0
3698720,5451.7281,1995-02-05,0
2220129,5429.8675,1994-12-17,0
1184992,5427.4472,1994-12-04,0
2959555,5413.7664,1994-12-25,0
392999,5372.136,1995-01-14,0
3367904,5361.915,1994-12-07,0
4338180,5359.92,1994-11-27,0
3047975,5329.908,1995-02-23,0
4574627,5312.16,1994-11-29,0
4561632,5296.629,1994-12-05,0
5027680,5278.7358,1995-02-09,0
3426759,5268.5724,1995-01-27,0
4241089,5255.0235,1994-11-25,0
2864326,5234.8072,1995-01-07,0
4579012,5217.6474,1994-11-12,0
5438177,5123.6955,1994-11-15,0
5877060,5108.8968,1994-11-17,0
954342,5087.16,1995-01-20,0
3761984,5077.978,1995-01-10,0
1906816,5075.0805,1994-11-25,0
1722144,5069.5128,1994-12-13,0
1268133,5057.0562,1994-12-03,0
693571,5041.62,1994-12-25,0
1091172,5036.1408,1994-12-29,0
2135075,4984.8975,1994-11-21,0
330277,4962.3756,1994-12-11,0
5581348,4948.8333,1995-02-26,0
2835750,4946.9952,1995-01-05,0
1970944,4821.845,1995-02-21,0
2031297,4795.4385,1995-02-15,0
1636482,4742.1504,1994-12-17,0
1987908,4729.4156,1994-11-26,0
1578562,4658.7717,1994-12-01,0
4124481,4652.7156,1994-12-28,0
3118532,4615.1556,1995-01-15,0
1564258,4594.9848,1994-12-16,0
1499524,4581.738,1994-12-01,0
2981280,4571.2996,1995-01-28,0
1402178,4537.944,1995-01-10,0
5975270,4532.2452,1995-01-13,0
974305,4521.5577,1994-12-26,0
1381956,4512.8576,1995-02-02,0
3942595,4453.0965,1995-01-27,0
1513025,4426.5708,1994-12-08,0
3717632,4363.92,1995-01-26,0
678182,4322.7459,1994-12-18,0
1576160,4320.918,1994-11-25,0
5319399,4304.1096,1995-01-27,0
612577,4295.9007,1995-01-16,0
1984192,4262.3454,1994-11-24,0
2616515,4254.4656,1994-12-16,0
3849345,4252.2948,1995-02-20,0
3091904,4223.9232,1995-02-13,0
1398017,4191.7518,1994-12-21,0
1686661,4170.078,1994-12-12,0
1458501,4157.3532,1994-12-14,0
5012323,4156.5342,1994-11-25,0
600642,4151.6776,1994-12-31,0
5750723,4124.666,1995-01-09,0
93954,4120.5892,1994-12-21,0
1601185,4113.6768,1994-11-09,0
312451,4054.248,1994-12-16,0
3098148,4050.3,1994-12-10,0
3208450,4025.1975,1994-11-11,0
4415938,3981.7596,1995-01-20,0
2147108,3980.907,1994-11-22,0
1488453,3940.4274,1995-02-26,0
5494406,3940.326,1994-12-04,0
5371750,3898.7312,1994-12-29,0
4757120,3898.6716,1995-01-27,0
5278695,3891.672,1995-01-07,0
2252519,3882.555,1995-01-11,0
1314208,3868.9836,1994-12-30,0
466275,3864.6126,1995-02-03,0
4028672,3862.6155,1994-12-19,0
1028294,3851.82,1995-01-28,0
3901408,3802.491,1995-01-06,0
4867975,3797.4222,1994-11-15,0
129986,3791.86,1995-02-02,0
5020132,3790.6204,1994-12-01,0
5947520,3785.4552,1994-11-15,0
4594657,3753.0584,1995-01-27,0
1276069,3751.8612,1995-01-16,0
1827397,3743.3452,1995-01-03,0
1802023,3734.4418,1994-11-16,0
3898470,3707.9868,1994-11-30,0
1310469,3692.2842,1994-12-06,0
5442498,3678.528,1995-02-03,0
3402372,3659.445,1995-01-11,0
3495684,3655.9144,1995-02-27,0
1497286,3641.3412,1994-12-12,0
2746531,3633.66,1995-01-27,0
4326242,3620.7171,1994-11-16,0
5057826,3608.91,1995-02-16,0
797285,3577.529,1994-12-14,0
1714753,3562.272,1994-12-21,0
559270,3552.8328,1994-11-11,0
5426754,3551.613,1994-11-06,0
5380899,3540.0096,1995-02-15,0
5588323,3525.44,1994-11-25,0
4386215,3522.8844,1995-01-18,0
4971621,3511.2948,1994-11-20,0
3905954,3505.7488,1995-02-01,0
1549317,3463.0038,1995-02-21,0
2527591,3442.824,1994-11-22,0
5772513,3409.8822,1994-12-18,0
3633059,3401.802,1995-01-23,0
5319142,3401.568,1994-11-12,0
5458308,3384.5868,1995-01-12,0
3559393,3333.33,1995-02-19,0
3129606,3332.2016,1994-11-20,0
2628868,3225.763,1994-12-05,0
4519969,3216.304,1995-01-31,0
192256,3201.232,1995-01-11,0
4804899,3192.9504,1994-12-08,0
4555591,3187.5936,1995-01-10,0
4956931,3186.729,1995-01-18,0
4189221,3186.4752,1994-12-12,0
1270372,3175.74,1994-11-11,0
2853472,3172.449,1994-12-27,0
3596706,3170.016,1995-01-17,0
5601923,3142.1376,1995-02-08,0
1930311,3113.424,1994-12-21,0
2358659,3103.0,1994-12-17,0
2050529,3096.3606,1995-02-23,0
2436898,3066.5808,1995-01-04,0
2965220,3066.3058,1995-02-06,0
2459876,3049.9288,1994-12-23,0
3519552,3045.0,1995-02-27,0
5409572,3016.1574,1995-01-22,0
5510213,2996.6792,1994-11-20,0
4084512,2974.1824,1995-02-03,0
1624769,2945.952,1994-11-17,0
5007365,2935.1322,1994-12-21,0
3049731,2885.8284,1994-11-08,0
5909158,2867.6952,1994-11-25,0
444646,2850.1632,1995-01-16,0
5257859,2847.3816,1994-12-27,0
5609952,2822.643,1994-12-19,0
3110112,2808.7232,1995-03-01,0
223463,2805.7792,1994-12-27,0
5688770,2750.7844,1994-12-22,0
1088898,2733.136,1995-01-16,0
5959621,2684.9856,1994-12-23,0
2623105,2672.5816,1994-12-01,0
694725,2665.481,1994-12-15,0
1225346,2661.66,1994-12-27,0
2879651,2657.76,1994-12-05,0
1817188,2643.489,1994-12-29,0
3606244,2637.666,1994-12-09,0
163239,2619.3228,1995-01-14,0
1185061,2609.348,1994-11-29,0
221510,2586.8928,1995-01-10,0
1939203,2573.2608,1994-11-18,0
5306663,2566.858,1994-12-12,0
279009,2534.46,1994-12-13,0
2405601,2485.903,1995-03-02,0
1851520,2426.0742,1994-11-11,0
731555,2316.575,1995-01-04,0
4168896,2301.299,1995-02-14,0
1537728,2237.724,1994-11-19,0
665123,2222.9604,1995-01-04,0
126818,2216.4,1994-12-24,0
2739395,2178.246,1994-12-13,0
459490,2169.017,1995-01-31,0
3519239,2137.3248,1994-12-01,0
479589,2134.6392,1994-11-30,0
1218977,2112.8996,1994-12-24,0
2946658,2066.4786,1994-12-26,0
2603110,2040.082,1995-02-08,0
5174592,2032.578,1994-11-12,0
1926694,2012.157,1994-12-17,0
696256,2004.3056,1994-12-27,0
2064355,1980.036,1995-02-20,0
487904,1956.7912,1995-01-08,0
2622817,1948.419,1994-12-20,0
3582822,1940.89,1995-01-10,0
526983,1940.08,1995-01-11,0
1041476,1924.7136,1995-01-14,0
1248225,1904.0,1994-12-21,0
5066885,1889.2146,1994-12-24,0
124838,1882.8711,1994-12-24,0
4864736,1859.82,1994-11-18,0
1331205,1857.1263,1995-01-01,0
260289,1817.76,1994-11-26,0
5176898,1792.439,1994-11-10,0
3624738,1786.6584,1994-11-15,0
1623525,1781.85,1995-01-14,0
157923,1747.8804,1994-11-24,0
924293,1739.8905,1994-12-18,0
2848161,1725.7178,1994-11-26,0
2017184,1709.766,1995-01-25,0
5000999,1697.9328,1994-11-12,0
1824578,1677.64,1995-01-13,0
4405377,1674.7998,1994-12-13,0
5685479,1662.7268,1994-11-11,0
4499652,1637.0838,1994-11-14,0
2604000,1629.0717,1995-02-11,0
5344868,1627.8732,1995-01-19,0
720646,1594.8792,1994-11-30,0
1244932,1581.484,1995-01-05,0
5834723,1571.0217,1994-11-09,0
132004,1560.321,1994-11-15,0
1197697,1552.9668,1995-02-27,0
4005093,1529.0748,1994-12-17,0
1531938,1515.53,1995-02-01,0
4475619,1478.6145,1994-11-19,0
5370534,1473.4876,1994-12-13,0
666787,1472.0138,1995-01-15,0
2432517,1463.8988,1995-01-18,0
2204611,1433.9794,1995-01-26,0
4270886,1410.5452,1995-01-13,0
1121059,1404.8582,1994-11-14,0
4214503,1401.0888,1994-12-26,0
2941989,1384.0654,1994-12-08,0
3943424,1357.596,1995-01-16,0
2659521,1356.3095,1994-12-20,0
2572678,1345.4632,1995-01-13,0
4510789,1342.6302,1995-01-16,0
1465445,1278.8685,1994-12-28,0
2633123,1215.9675,1995-01-02,0
1136992,1177.8392,1994-12-07,0
373700,1145.865,1994-12-18,0
5078469,1125.3358,1994-11-18,0
1037826,1090.9644,1994-11-29,0
1110087,1073.898,1995-02-22,0
551745,1068.8355,1995-02-10,0
4915012,1063.0529,1995-01-17,0
3820256,1028.945,1995-02-03,0
3354560,1019.862,1994-12-06,0
2207873,1014.898,1994-11-05,0
4182179,990.7296,1994-11-25,0
5540389,979.1496,1995-01-12,0
4209412,975.3888,1994-11-15,0
1112002,967.8952,1994-12-11,0
5151459,918.26,1995-03-03,0
247170,863.1,1994-12-01,0
