l_orderkey,revenue,o_orderdate,o_shippriority
3459808,436029.0279,1995-03-04,0
492164,426168.0874,1995-02-19,0
2456423,406181.0111,1995-03-05,0
2192676,389844.4164,1995-03-07,0
2020610,385595.0357,1995-02-05,0
4487361,381485.733,1995-02-22,0
405063,379459.7229,1995-03-03,0
4393826,379255.7816,1995-03-06,0
2435712,378673.0558,1995-02-26,0
5455494,375787.7068,1995-02-21,0
2628192,373133.3094,1995-02-22,0
993600,371407.4595,1995-03-05,0
3978503,370171.7512,1995-02-09,0
1166660,365967.4424,1995-02-27,0
1083941,365184.4922,1995-02-21,0
4212103,356025.2163,1995-02-14,0
4232067,355384.5423,1995-02-21,0
3946406,353876.4243,1995-02-06,0
2254055,350308.5806,1995-02-01,0
4451046,345194.6947,1995-02-20,0
5084260,344125.8516,1995-01-29,0
4391237,343202.3804,1995-03-05,0
1660512,342900.9212,1995-01-16,0
4200932,341937.3472,1995-03-03,0
4110148,340406.9716,1995-03-02,0
1549319,337587.1629,1995-03-07,0
754912,337349.8889,1995-02-14,0
4289698,336980.431,1995-01-23,0
2517952,336320.9057,1995-02-20,0
4129095,335723.1209,1995-02-17,0
1566307,335640.5543,1995-03-07,0
4175075,335612.1044,1995-02-09,0
5844161,334427.7461,1995-03-05,0
255361,333835.4139,1995-02-22,0
1886340,332807.7322,1995-03-04,0
3681568,332599.8601,1995-02-27,0
217572,332211.6141,1995-03-05,0
1827495,331854.9272,1995-03-04,0
2994211,330726.8306,1995-03-05,0
2376358,330055.0938,1995-02-18,0
2948355,329877.7886,1995-01-21,0
181793,329629.9252,1995-02-14,0
4044166,329134.4979,1995-02-08,0
4346215,329005.1182,1995-02-21,0
4641217,329001.1749,1995-02-15,0
821158,328507.3101,1995-01-09,0
1730400,327607.6553,1995-02-13,0
1908865,327482.1038,1995-03-06,0
4065637,326715.9806,1995-01-19,0
3702215,326568.442,1995-01-25,0
3154627,325810.2556,1995-01-24,0
4225253,325488.0979,1995-02-28,0
1162147,325256.3468,1995-03-03,0
1635941,323680.8228,1995-02-22,0
2548260,323385.3707,1995-02-15,0
2880898,322087.1541,1995-02-23,0
1232902,321384.6178,1995-03-01,0
4878882,320894.249,1995-03-01,0
1000005,320877.1825,1995-02-06,0
236836,320794.6991,1995-02-21,0
4617957,320542.046,1995-01-28,0
3841217,320473.4349,1995-03-05,0
755745,320222.6138,1995-02-22,0
2955847,319815.2854,1995-02-07,0
1220678,319670.3784,1995-02-09,0
5587686,318577.8612,1995-03-07,0
1881824,317585.0749,1995-01-27,0
5901729,317343.4301,1995-03-03,0
1708417,317181.9932,1995-03-05,0
1274374,316332.9715,1995-02-24,0
4456832,316170.0391,1995-02-23,0
3078945,315875.0191,1995-01-09,0
632292,315180.1775,1995-02-26,0
4614758,315040.7636,1995-02-13,0
3717922,314635.9919,1995-01-30,0
964002,314131.9359,1995-02-27,0
4898983,314037.1327,1995-01-30,0
5089889,313272.9441,1995-02-14,0
1092293,313210.6723,1995-03-05,0
2818756,312939.3886,1995-03-06,0
4115877,312893.4749,1995-02-13,0
311266,312371.6538,1995-02-17,0
2288865,311949.4075,1995-02-18,0
4090502,311808.0815,1995-02-02,0
166757,311702.9988,1995-02-28,0
3287808,310998.2967,1995-02-17,0
5188579,310709.6849,1995-02-06,0
2979175,309437.9609,1995-02-27,0
804932,309359.6554,1995-03-05,0
580033,308706.3199,1995-03-02,0
5346629,308421.5634,1995-02-19,0
4373991,308007.3505,1995-03-01,0
1288001,307823.9514,1995-02-27,0
3393030,307407.9861,1995-02-18,0
2509287,306927.0793,1995-03-07,0
3471298,306619.9437,1995-02-10,0
169668,305965.7827,1995-01-12,0
130787,305761.8014,1995-02-03,0
647234,305016.2365,1995-02-05,0
1243684,304914.8458,1995-03-02,0
1160455,304779.5275,1995-03-04,0
5682950,304285.5373,1995-03-05,0
3194598,304232.9069,1995-03-05,0
3628647,303876.7862,1995-02-22,0
1616518,303848.6412,1995-02-25,0
360804,303816.9441,1995-02-23,0
1384993,303763.0696,1995-02-14,0
2419904,303741.7828,1995-03-01,0
3721319,303709.6736,1995-02-10,0
2524006,302207.5544,1995-02-20,0
3940163,302198.2248,1995-02-26,0
5620545,301917.7108,1995-03-07,0
3146982,301479.9333,1995-03-02,0
4258912,301335.9927,1995-02-23,0
3079552,301324.3206,1995-02-13,0
159809,301135.4984,1995-02-08,0
1244295,301096.3571,1995-02-03,0
2852295,300664.324,1995-02-08,0
3775684,300085.2852,1995-02-11,0
2599461,299665.7908,1995-01-31,0
2889126,299665.223,1995-03-06,0
4455074,299664.7127,1995-01-07,0
3461635,299432.7528,1995-02-18,0
1535684,298603.5961,1995-03-06,0
4955012,298189.5699,1995-03-04,0
2142407,298121.4031,1995-02-03,0
2013507,297690.5238,1995-03-06,0
3917859,297647.0262,1995-03-07,0
1190215,296768.8097,1995-02-26,0
40612,296728.9887,1995-03-01,0
5173316,296349.7907,1995-03-02,0
46115,296087.2031,1995-03-03,0
4163941,295975.1248,1995-01-14,0
5151010,295559.479,1995-01-22,0
762690,295530.7388,1995-02-13,0
4280001,295193.276,1995-03-06,0
5144481,295185.1206,1995-03-03,0
749472,295047.732,1995-02-21,0
625062,294820.1777,1995-03-03,0
4324804,294803.231,1995-02-23,0
4003234,294800.4494,1995-03-03,0
738822,294539.3798,1995-02-04,0
353922,294533.8315,1995-03-02,0
4164994,294164.3956,1995-03-01,0
4187264,293884.134,1995-01-27,0
2743844,293431.5915,1995-03-04,0
4502215,293217.8386,1995-01-09,0
2282054,292793.0269,1995-02-17,0
80549,292532.0246,1995-01-23,0
3866279,292304.9562,1995-02-15,0
5991526,291706.5936,1995-02-24,0
771396,291656.6906,1995-01-30,0
1478115,291611.7639,1995-02-05,0
654400,291494.3238,1995-02-28,0
783522,291359.4006,1995-02-28,0
118151,291338.3806,1995-02-23,0
132774,291101.5012,1995-02-27,0
2184677,290907.7799,1995-03-06,0
597699,290377.6859,1995-02-01,0
3862048,290263.4431,1995-02-28,0
834758,290157.9872,1995-02-15,0
2327364,290061.2217,1994-12-27,0
3686211,289846.0523,1995-03-02,0
980484,289655.2016,1995-01-16,0
429506,289544.8172,1995-02-02,0
5067684,288962.5884,1995-02-25,0
2488482,288918.5059,1995-01-26,0
4577507,288512.6127,1995-03-03,0
1452932,288509.0294,1995-02-15,0
2416262,288239.8407,1995-02-12,0
4929858,287901.2938,1995-03-02,0
5105793,287589.6821,1995-03-05,0
5775234,287435.1773,1995-03-07,0
3646080,287170.3036,1995-03-04,0
5373445,287007.3101,1995-01-29,0
3731557,286645.7289,1995-02-28,0
1405573,286527.0594,1995-02-09,0
2505123,286450.5901,1995-01-20,0
1422343,286227.6715,1995-02-03,0
5782213,286179.3307,1995-02-24,0
1173478,286107.2256,1995-02-21,0
2074628,285940.1312,1995-03-07,0
992583,285724.2142,1995-02-09,0
756322,285139.2046,1995-02-24,0
3631367,285017.023,1995-02-19,0
1899748,284810.295,1995-02-26,0
1722050,284465.5064,1995-02-03,0
344807,283631.3526,1995-02-22,0
51461,283516.661,1995-02-11,0
3298275,283432.2269,1995-01-19,0
4126693,283383.71,1995-02-24,0
3732263,282703.9621,1995-03-03,0
2008067,282665.1588,1995-01-29,0
1077281,282530.3668,1995-02-20,0
1966019,282490.8082,1995-02-27,0
1919970,282367.0435,1995-03-01,0
287552,282272.8169,1995-02-28,0
4515846,282216.9303,1995-02-18,0
2758273,282180.8075,1995-02-26,0
265796,282148.4351,1995-02-24,0
5905286,282029.9802,1995-02-23,0
2186723,281857.09,1995-02-27,0
1295138,281469.3775,1995-03-07,0
3283687,281049.9514,1995-02-19,0
800578,281038.5126,1995-02-27,0
1668388,280820.828,1995-01-09,0
2873955,280471.4674,1995-02-18,0
4816839,280439.5289,1995-01-29,0
3736864,279724.9856,1995-02-21,0
3421764,279555.5478,1995-01-14,0
5910081,279185.2462,1995-02-26,0
5644551,279105.0964,1995-02-25,0
1562400,279088.1146,1995-02-25,0
4290055,278634.2708,1995-02-13,0
2542215,278628.2628,1995-02-26,0
3561092,278593.2896,1995-01-05,0
50145,278324.8728,1995-02-27,0
3162918,278313.0088,1995-03-07,0
1215175,278140.1139,1995-03-07,0
5658148,277926.943,1995-02-27,0
539623,277297.9982,1995-02-20,0
5386596,276910.0506,1995-03-06,0
5252897,276826.9731,1995-02-24,0
2644067,276640.676,1995-03-04,0
4042950,276388.5434,1995-03-03,0
5144069,276189.5796,1994-12-18,0
3205667,275621.0444,1995-02-22,0
1927808,275552.6598,1995-02-24,0
4118080,275534.0632,1995-02-06,0
94432,275486.588,1995-01-19,0
3549474,275414.0738,1994-12-24,0
1871008,275079.2374,1995-01-22,0
1157382,274637.9062,1995-03-02,0
5783809,274512.0775,1995-02-01,0
4330535,274404.193,1995-02-24,0
1074752,274248.5844,1995-02-02,0
3587623,274225.1274,1995-02-20,0
1609059,274212.4348,1995-02-21,0
553731,274195.7674,1995-02-15,0
2709571,273687.3832,1994-12-10,0
1786272,273640.1921,1995-02-08,0
4142853,273617.7215,1995-02-16,0
2295777,273584.9129,1995-01-16,0
3612322,273575.2693,1994-12-27,0
4421860,273565.758,1995-02-27,0
47525,273370.8953,1995-03-04,0
3415232,273067.5186,1995-03-02,0
2129029,272831.7768,1995-02-11,0
4841733,272455.8524,1995-01-29,0
5807460,272259.212,1994-12-22,0
213314,272195.9848,1995-02-05,0
4875459,272132.2218,1995-02-15,0
5267780,272022.0461,1994-12-19,0
1334496,271914.2252,1995-02-24,0
1801157,271750.9802,1995-02-04,0
5419715,271744.1996,1995-03-07,0
5827649,271737.62,1995-01-21,0
148161,270650.3428,1995-02-01,0
5738343,270598.7876,1995-01-19,0
5881890,270532.7378,1995-02-15,0
97830,270217.0762,1995-03-04,0
431106,270154.6946,1995-02-23,0
108421,270064.0758,1995-01-30,0
5780518,269500.862,1995-01-03,0
1484098,269048.6765,1995-01-28,0
1883879,268978.0741,1994-12-30,0
5122532,268923.6256,1995-02-24,0
2135110,268888.0345,1995-03-07,0
930151,268811.3118,1995-01-10,0
1523940,268804.0045,1995-02-24,0
5460581,268257.5308,1995-02-16,0
1637,268170.6408,1995-02-08,0
5290240,267961.8466,1995-02-22,0
1408578,267751.6084,1995-02-07,0
988226,267681.0166,1995-02-01,0
2958049,267579.7318,1995-02-20,0
3054020,267530.5812,1995-01-13,0
2142787,267473.6808,1995-02-26,0
3112354,267431.0322,1995-03-04,0
662340,267322.8948,1995-02-26,0
1174050,267275.462,1995-01-31,0
800033,267217.3479,1995-01-31,0
4575140,266925.6314,1994-12-26,0
4107236,266782.1302,1995-02-24,0
4208644,266743.4112,1995-02-05,0
4687013,266582.3436,1995-01-15,0
2136006,266576.9473,1995-02-14,0
4681473,266445.7853,1995-03-06,0
2507781,266403.3942,1995-02-11,0
3690496,266098.6714,1995-01-28,0
2806278,266051.0237,1995-02-26,0
1635653,265897.4332,1995-02-14,0
2764930,265718.8421,1995-03-01,0
1826663,265685.2483,1995-01-26,0
5556450,265432.2986,1995-02-27,0
5031137,265198.4783,1995-02-08,0
3640386,265189.4243,1995-02-05,0
1162563,265107.1388,1995-02-15,0
1962020,265024.4058,1995-02-06,0
4606240,265010.3468,1995-02-03,0
1531394,264814.251,1995-02-19,0
5126881,264599.6516,1995-01-20,0
4766118,264360.9612,1995-02-10,0
5324162,264314.9151,1995-02-10,0
220834,264297.6811,1995-02-27,0
1153410,263982.0757,1995-02-02,0
3124167,263752.7821,1995-03-06,0
1406118,263566.3028,1995-02-17,0
3695556,263472.0715,1995-02-06,0
2017793,263232.202,1995-02-01,0
1402247,263153.9982,1995-03-03,0
5935588,263023.7652,1995-01-30,0
3282660,262892.0086,1995-02-28,0
4956800,262865.7162,1995-02-10,0
1057863,262783.6887,1995-02-08,0
2440324,262358.6826,1995-03-02,0
4905699,262243.3878,1995-02-26,0
4231170,262172.8387,1995-02-22,0
3889248,262056.9238,1995-02-28,0
4892455,261883.0422,1995-01-13,0
874947,261861.6352,1995-02-11,0
3823045,261624.0573,1995-03-05,0
1677286,261601.0641,1995-02-21,0
283364,261547.5207,1995-02-23,0
1612929,261463.8575,1995-01-22,0
299014,261195.4376,1995-03-04,0
93671,261152.2102,1995-03-03,0
3379364,261138.2945,1995-01-20,0
5216199,261062.7576,1995-02-24,0
1865089,261042.2898,1995-02-27,0
3528001,261027.0798,1995-02-24,0
1197607,261019.0009,1995-03-04,0
5543170,260830.6186,1995-03-07,0
2917795,260768.5109,1995-02-28,0
775847,260746.0478,1995-01-25,0
4420802,260648.9333,1995-02-05,0
5088130,260518.7394,1995-03-04,0
1341153,260411.0203,1995-01-14,0
1878628,260272.3213,1995-03-05,0
3846144,260164.1584,1995-03-05,0
2097025,260092.7543,1995-02-28,0
3888896,259976.347,1995-01-12,0
3676707,259872.9641,1995-02-05,0
4541217,259375.0148,1995-02-16,0
4684353,258994.5875,1995-02-27,0
4925223,258321.359,1995-02-22,0
1752642,258287.1672,1995-02-20,0
5824675,258238.3598,1995-02-13,0
1214981,258229.9143,1994-12-31,0
859237,258145.3451,1995-02-13,0
1245318,258137.6383,1995-02-12,0
2688102,258102.1852,1995-02-08,0
5667684,257952.6268,1995-01-31,0
269376,257771.1333,1995-02-25,0
5156999,257694.7586,1995-03-01,0
1777986,257648.8916,1995-02-23,0
5314147,257558.2622,1995-02-25,0
4703399,257339.9467,1995-02-15,0
4590759,257301.6749,1995-01-22,0
187427,257236.523,1995-03-05,0
1919462,256982.2911,1995-02-19,0
1314567,256858.2795,1995-02-09,0
587808,256816.7252,1995-02-10,0
1728355,256540.2365,1995-01-20,0
2918466,256154.9399,1995-01-31,0
1288418,255966.1181,1995-02-11,0
3370759,255912.727,1995-02-26,0
442627,255896.4629,1995-03-06,0
5116004,255753.5574,1995-01-07,0
3292263,255713.7529,1995-02-25,0
4601283,255454.32,1995-01-24,0
2258208,255412.0494,1995-01-28,0
3029702,255391.323,1995-02-18,0
295360,255278.253,1995-02-25,0
446147,255268.7873,1995-03-04,0
4115200,255254.8263,1995-02-28,0
1601410,254977.2877,1995-02-26,0
351329,254964.2175,1995-02-25,0
878785,254424.8888,1995-02-01,0
5594181,254402.2756,1995-02-16,0
2083271,254264.965,1995-02-26,0
4990337,254093.7234,1995-01-23,0
1111526,254057.4048,1995-01-31,0
4369505,253869.7054,1995-02-14,0
2008707,253833.6016,1995-01-28,0
1444418,253758.9625,1995-02-10,0
5874595,253719.3126,1995-03-07,0
3708739,253398.1664,1995-02-24,0
3915751,253357.9546,1995-02-22,0
155078,253319.6024,1995-02-07,0
3585766,253220.2865,1995-01-25,0
4899014,252806.2725,1995-02-24,0
3422240,252805.0009,1995-02-28,0
1604100,252625.6236,1995-03-02,0
2010021,252521.3808,1995-02-17,0
4707363,252477.372,1995-01-19,0
3629634,252398.926,1995-03-04,0
5683846,252358.342,1995-02-14,0
325444,252320.2908,1995-02-24,0
9696,252014.5497,1995-02-20,0
987175,251821.0311,1995-02-14,0
5692483,251774.3464,1995-01-24,0
842820,251673.591,1995-01-21,0
5812608,251652.7105,1995-02-20,0
4444610,251581.133,1995-02-01,0
4842144,251515.936,1995-02-24,0
2775716,251322.6544,1995-01-30,0
5342786,251022.952,1995-02-16,0
1294563,250957.3846,1995-02-06,0
460453,250822.2788,1995-01-08,0
1447879,250755.7153,1995-01-30,0
2613473,250748.9574,1995-02-17,0
3342848,250650.2467,1995-02-20,0
3214051,250551.2565,1995-02-22,0
5101958,250476.3697,1995-02-20,0
5302979,250393.6944,1995-01-23,0
2604101,250314.5096,1995-02-06,0
1602758,250300.5001,1995-02-10,0
1546020,250168.8684,1995-02-20,0
1244226,250075.8595,1995-02-11,0
5781634,250016.3036,1995-01-14,0
4127300,249970.0402,1995-01-31,0
4991972,249796.8286,1995-01-18,0
4893383,249637.9027,1995-02-06,0
1534048,249529.0339,1994-12-16,0
3429858,249503.7948,1995-01-11,0
2026912,249465.49,1995-01-03,0
3956899,249461.5322,1995-02-18,0
5714401,249302.5041,1995-02-18,0
2409381,249271.6847,1995-01-18,0
5812005,249232.271,1995-01-22,0
1386055,249231.7819,1995-02-23,0
4392739,249078.3331,1995-02-17,0
5203489,248992.4219,1995-02-18,0
2460676,248986.0194,1995-02-24,0
2146817,248908.0581,1995-01-18,0
66981,248716.7842,1995-02-05,0
2049219,248553.964,1995-02-08,0
680549,248415.6303,1994-12-25,0
4420645,248397.2816,1995-02-25,0
645606,248389.1568,1995-02-18,0
652226,248313.2248,1995-01-26,0
4912068,248290.1892,1995-02-02,0
4663104,248227.2308,1995-01-07,0
2770759,248217.0098,1995-03-02,0
5762209,248213.2096,1995-02-22,0
4860327,247840.0646,1995-02-22,0
1169669,247806.1627,1995-01-29,0
5130945,247794.4262,1995-01-21,0
3944455,247602.3046,1995-02-10,0
4487652,247516.7076,1995-02-22,0
5691014,247507.0732,1995-02-27,0
1202374,247200.2901,1995-01-29,0
5225061,246964.2354,1995-01-31,0
1676260,246886.9053,1995-02-27,0
2298144,246682.5995,1995-02-20,0
4203942,246477.8004,1995-02-03,0
1216293,246214.009,1995-02-04,0
3900420,245811.382,1995-03-02,0
2168225,245769.0531,1995-02-02,0
3646304,245695.3894,1995-01-17,0
1396482,245640.28,1995-01-04,0
3699175,245376.5953,1995-02-23,0
2746245,245231.1189,1995-02-22,0
2102211,245096.8122,1995-02-15,0
2548161,245077.1646,1995-03-03,0
3587046,245067.2603,1995-01-14,0
4221889,244868.7804,1995-02-21,0
2289696,244855.9842,1995-02-16,0
2143879,244725.1997,1995-03-07,0
2675876,244553.7059,1995-02-19,0
3934694,244460.8721,1995-01-31,0
1824388,244388.2213,1995-02-08,0
4748868,244199.1791,1995-02-05,0
5323205,244120.9398,1995-02-01,0
4487427,244034.3465,1995-03-04,0
5541572,243850.249,1995-01-31,0
5730566,243816.0484,1995-03-03,0
2927041,243720.2819,1995-01-31,0
4890279,243482.9773,1995-02-27,0
5682369,243464.4906,1995-03-07,0
4272934,243267.3792,1995-03-02,0
4226051,243191.0496,1995-02-18,0
5293863,243133.1157,1995-03-01,0
1727905,243079.2156,1995-02-24,0
2604455,242976.7941,1995-01-19,0
4787172,242932.3557,1995-02-28,0
5157221,242891.6136,1995-03-02,0
5920167,242861.8328,1995-02-14,0
4123009,242758.6856,1995-02-01,0
3383749,242638.9622,1995-01-06,0
5982598,242618.1415,1995-02-07,0
1593251,242409.6248,1995-02-14,0
1139429,242392.1572,1995-01-27,0
1324739,242353.1798,1995-02-16,0
2300645,242181.1027,1995-03-07,0
3413251,241989.735,1995-02-09,0
5365383,241650.4038,1995-03-02,0
5547458,241630.558,1995-02-06,0
1710564,241581.5443,1995-02-16,0
2124163,241438.057,1995-02-19,0
4719238,241270.7498,1995-02-07,0
4646720,241243.1828,1995-03-05,0
1272162,241157.3635,1995-02-21,0
266598,241139.5026,1995-01-05,0
3008577,241090.7373,1995-02-24,0
1087077,241062.8382,1995-02-18,0
3679814,240897.5688,1995-01-12,0
4184384,240895.0647,1995-02-04,0
1039812,240758.9133,1995-02-13,0
4383171,240754.225,1995-02-20,0
2158215,240726.8166,1995-03-05,0
1168832,240688.2551,1995-03-05,0
1655588,240666.3165,1995-02-24,0
1229569,240653.5922,1995-01-09,0
5663877,240588.502,1995-02-04,0
3309538,240189.6213,1995-02-01,0
4701924,240189.0679,1995-02-23,0
3800226,240123.0048,1995-01-18,0
3179074,240111.6096,1995-03-05,0
2375360,240027.0578,1995-01-31,0
3746976,239980.857,1995-01-28,0
563873,239847.9821,1995-02-09,0
105221,239544.2104,1995-03-04,0
579460,239225.1359,1995-02-12,0
299552,239174.2879,1995-01-28,0
4834533,239125.6384,1994-12-09,0
2895204,239095.6269,1995-02-25,0
5787364,238831.3176,1995-02-22,0
426723,238777.5565,1995-01-08,0
361954,238668.6287,1995-02-27,0
1242561,238635.4882,1995-03-06,0
210565,238607.316,1995-02-13,0
3113735,238574.417,1995-02-23,0
5969444,238525.5437,1995-02-07,0
4717441,238499.9218,1995-01-22,0
5173315,238492.1878,1995-01-21,0
3482114,238124.5586,1995-02-07,0
5464162,238042.7886,1995-03-05,0
4795266,237827.3596,1995-01-31,0
2803264,237803.1801,1995-02-25,0
1160579,237761.1971,1995-02-22,0
675808,237689.2143,1995-02-28,0
4746496,237679.7626,1995-02-22,0
769765,237476.4433,1995-02-03,0
482019,237464.1045,1994-12-28,0
2368768,237357.2408,1995-02-01,0
4550850,237245.9876,1995-02-11,0
3866083,237121.3085,1995-02-12,0
3773574,237095.5986,1995-01-30,0
4100160,237074.3916,1995-01-30,0
4740673,237028.4807,1995-02-06,0
5372871,236975.0187,1995-02-11,0
3281060,236959.6377,1995-02-28,0
2825284,236870.6904,1995-01-21,0
4371845,236778.5937,1995-03-06,0
1308064,236765.7023,1995-03-03,0
4980452,236718.3467,1995-03-06,0
3170087,236651.3345,1995-02-13,0
2785634,236642.5577,1995-02-04,0
3027968,236493.0224,1995-01-10,0
617986,236417.8725,1995-02-07,0
5687140,236413.0339,1995-02-02,0
2898788,236353.7529,1995-02-24,0
2412357,236298.046,1995-03-06,0
2150692,236242.2934,1995-02-21,0
1898275,236168.8674,1995-01-18,0
2467876,236142.5406,1995-02-24,0
5689571,236086.7314,1995-02-05,0
4269348,236007.7403,1995-02-21,0
5186054,235968.3145,1995-03-07,0
3428611,235862.9068,1995-02-27,0
720259,235617.8378,1995-02-21,0
5737671,235510.9188,1995-03-02,0
1365766,235134.8097,1995-02-26,0
5324519,234950.6549,1995-02-08,0
5198917,234887.7341,1995-02-02,0
2882147,234817.4479,1995-02-13,0
1533794,234674.8477,1995-02-21,0
4712295,234661.251,1995-03-02,0
1289639,234509.1722,1995-03-03,0
290566,234467.5354,1995-02-13,0
1876290,234347.4432,1995-02-19,0
5106563,234333.0161,1995-02-25,0
2639875,234297.0132,1995-01-31,0
5329319,233894.1495,1995-02-26,0
299105,233875.7892,1994-12-22,0
2321381,233799.3868,1995-02-06,0
3770885,233731.3643,1995-01-18,0
3161409,233653.9564,1995-02-22,0
4435462,233615.1514,1995-03-01,0
5055937,233577.704,1995-01-27,0
2275680,233575.5389,1995-02-25,0
115334,233446.6027,1995-02-17,0
2963269,233012.2696,1995-01-05,0
1053856,232870.1034,1995-01-30,0
4358822,232452.8886,1995-01-20,0
1279910,232398.1389,1995-01-31,0
5794114,232390.2524,1995-02-05,0
1804801,232367.9741,1995-02-21,0
3790817,232299.7255,1995-01-30,0
790821,232238.8478,1995-02-10,0
5028388,232130.9342,1995-03-05,0
5321218,231970.3526,1995-02-15,0
68644,231929.6077,1995-02-01,0
1998246,231745.6294,1995-01-27,0
2734599,231595.3252,1995-02-27,0
3076612,231455.8955,1995-01-31,0
1976802,231147.8806,1995-02-28,0
433223,231126.3503,1995-02-07,0
4578528,231030.8633,1995-02-24,0
4960359,230919.9211,1995-02-08,0
2267782,230778.3096,1995-03-04,0
931203,230728.5302,1995-01-04,0
1597475,230614.3774,1995-02-02,0
2744962,230608.7768,1995-03-05,0
806082,230589.0084,1995-02-11,0
3333280,230525.5687,1995-02-19,0
3493828,230501.1377,1995-02-23,0
2135682,230444.2762,1995-02-04,0
1653474,230310.5084,1995-03-03,0
4423877,230185.4183,1995-03-02,0
4889122,230020.0661,1995-02-25,0
5303680,229925.7738,1995-03-02,0
4476353,229925.2705,1995-02-04,0
107010,229720.8854,1995-02-22,0
223045,229533.3397,1995-02-18,0
5725056,229163.9866,1995-01-08,0
1121632,229127.0759,1995-02-05,0
2508931,229063.8093,1995-02-27,0
3175972,229040.4003,1995-02-24,0
3376672,228946.0362,1995-02-27,0
1184900,228931.379,1995-02-25,0
4808967,228900.9472,1994-12-12,0
1628743,228889.2019,1995-03-07,0
3613379,228859.999,1995-01-19,0
2336161,228657.0156,1995-01-25,0
1858370,228542.202,1995-01-29,0
1740419,228525.7522,1995-03-02,0
2017088,228311.6535,1995-02-14,0
1462497,228295.4121,1995-02-04,0
4346467,228293.2848,1995-01-11,0
4611877,228246.185,1995-02-23,0
1447009,228233.4225,1995-02-12,0
2820614,228211.9538,1995-03-02,0
2242470,228187.8774,1995-02-22,0
1807043,228053.6227,1995-03-04,0
4497665,228047.4503,1995-02-14,0
1539137,228002.7119,1995-02-12,0
4958721,228001.0961,1995-01-26,0
4886113,227778.5952,1995-01-22,0
3766723,227629.7524,1995-02-18,0
3510597,227518.4582,1995-03-04,0
364197,227505.9154,1995-02-26,0
3767491,227453.2471,1995-03-03,0
842151,227448.748,1995-02-26,0
5404641,227115.8189,1995-01-25,0
3099970,227094.2409,1995-02-08,0
1286048,227072.6611,1995-01-21,0
4813568,227055.9067,1995-02-28,0
983556,226979.8241,1995-03-01,0
184933,226865.4479,1995-01-29,0
4998881,226833.932,1995-02-21,0
1233026,226762.8638,1994-12-16,0
434150,226733.421,1995-01-26,0
3572897,226705.278,1995-03-07,0
44418,226569.9666,1995-02-01,0
1640678,226531.158,1995-02-17,0
4478500,226526.6485,1995-02-17,0
4489058,226409.7946,1995-02-25,0
4684263,226172.9169,1995-02-26,0
4223973,226169.7895,1995-02-15,0
4325444,226112.1554,1995-02-28,0
1389062,225970.8739,1995-03-06,0
4131303,225969.5779,1994-12-30,0
1735558,225944.3118,1994-12-04,0
4562561,225898.0535,1995-02-13,0
4108486,225766.83,1994-12-20,0
4313667,225637.1415,1995-02-19,0
2626496,225554.0149,1995-02-04,0
1979589,225512.7069,1995-03-01,0
5264262,225494.9933,1995-01-17,0
1322595,225480.5531,1995-03-01,0
4069057,225461.9232,1995-03-04,0
624229,225360.275,1995-02-11,0
3450373,225320.9822,1995-02-17,0
5819748,225290.1966,1995-02-23,0
1780386,225165.8422,1995-02-16,0
4341056,225102.1794,1995-02-19,0
1903910,224923.9557,1995-02-17,0
4576704,224913.9622,1995-02-14,0
3991716,224911.94,1995-02-24,0
2783653,224880.9043,1995-02-04,0
5618279,224858.2212,1995-03-06,0
4721955,224771.3016,1995-03-01,0
1945440,224686.872,1994-12-29,0
387746,224532.0611,1995-01-16,0
259782,224472.2082,1995-02-05,0
5075459,224364.6854,1995-03-05,0
5459744,224335.9742,1995-02-25,0
5737959,224295.3651,1995-01-08,0
3158279,224270.3246,1995-01-02,0
1932098,224033.4718,1995-02-17,0
1732832,224018.7948,1995-02-03,0
4719586,223893.1848,1994-12-20,0
5002790,223824.9217,1995-02-24,0
1437795,223763.1894,1995-02-01,0
3806631,223721.5838,1995-03-03,0
4064256,223714.4976,1995-03-04,0
3181570,223586.7688,1995-02-19,0
2349509,223538.7307,1995-03-07,0
2072257,223410.1491,1995-02-04,0
2861474,223403.6463,1995-02-07,0
2068805,223232.4994,1995-02-21,0
5426720,223082.2071,1995-03-02,0
4090662,222964.0112,1995-02-11,0
1205856,222877.0308,1995-02-28,0
4485123,222627.7031,1995-01-01,0
3333955,222606.8738,1995-02-08,0
2585543,222584.2446,1995-02-26,0
2789346,222526.5691,1995-03-06,0
2564420,222441.195,1994-12-19,0
2387783,222352.3066,1995-01-11,0
565730,222329.3205,1995-03-03,0
2732965,222296.3652,1995-02-26,0
3785988,222211.2976,1995-02-21,0
3302695,222083.2564,1995-02-28,0
2634340,222080.5532,1995-02-04,0
391719,222079.9268,1995-02-24,0
5370497,221980.961,1995-02-17,0
5684257,221980.1608,1995-03-03,0
3350724,221963.5664,1995-02-02,0
3789191,221908.5028,1995-02-13,0
5129764,221906.574,1994-12-27,0
3694247,221851.3186,1995-01-23,0
985700,221849.8535,1995-02-02,0
543168,221735.865,1995-02-21,0
1919141,221608.9145,1995-02-22,0
3798054,221443.528,1995-02-17,0
4200770,221329.9786,1995-02-13,0
3762944,221324.9641,1995-02-24,0
1641315,221317.993,1995-02-24,0
742567,221292.0221,1995-03-06,0
5517957,221161.8298,1995-02-06,0
1380068,221135.0667,1995-02-26,0
1476358,221111.537,1995-02-03,0
2510530,221001.6681,1995-03-02,0
549890,220985.9829,1995-03-04,0
3606561,220831.0807,1995-02-26,0
440803,220810.4186,1995-02-15,0
137760,220754.1436,1995-02-17,0
2177378,220722.2921,1995-02-22,0
1190661,220653.3538,1995-02-22,0
87811,220618.0547,1995-02-14,0
2689153,220447.6623,1995-02-10,0
3680802,220188.3835,1995-02-20,0
3219079,220178.981,1995-01-18,0
1807041,219797.9766,1995-02-25,0
4957957,219760.8416,1995-02-11,0
2331648,219664.0676,1995-02-21,0
2097668,219584.0214,1994-12-28,0
3644355,219493.0417,1995-03-07,0
3362145,219482.835,1995-02-08,0
229506,219455.7824,1995-02-21,0
1822533,219448.2318,1995-01-26,0
939202,219422.028,1995-02-09,0
4928036,219357.7791,1995-03-07,0
3976611,219321.719,1995-01-13,0
5692453,219304.2318,1995-02-12,0
3603877,219103.957,1995-03-07,0
1684804,218890.135,1995-02-19,0
2934276,218883.9364,1995-02-04,0
4898181,218815.3212,1995-02-24,0
712100,218765.6994,1995-02-19,0
2214146,218706.0305,1995-02-10,0
1595043,218547.0053,1995-01-22,0
1742018,218435.9028,1995-01-26,0
4541029,218364.0635,1995-03-05,0
4731204,218263.8844,1995-02-12,0
611940,218261.179,1995-02-20,0
5244545,218206.7539,1995-02-23,0
4454017,218011.3894,1995-02-17,0
4660549,217971.5559,1995-01-26,0
5731973,217842.4504,1995-02-03,0
4099616,217824.973,1995-02-05,0
431012,217757.4265,1995-02-16,0
1785473,217738.9548,1995-01-05,0
2443492,217479.4535,1995-02-18,0
5701857,217402.441,1994-12-17,0
387009,217284.8496,1995-01-13,0
3373030,217261.1092,1995-02-18,0
5780903,217230.9415,1995-03-01,0
1186176,217165.1892,1995-01-31,0
1782308,217092.2159,1995-03-07,0
4457988,217023.2833,1995-02-14,0
5837701,216938.1172,1995-03-01,0
4230311,216845.5553,1995-03-06,0
1703333,216835.686,1995-02-15,0
5330276,216804.2278,1995-02-06,0
2906369,216753.8416,1995-02-12,0
4621383,216731.6491,1995-02-26,0
602818,216666.6489,1995-01-08,0
5542018,216572.6376,1995-01-01,0
775745,216572.3372,1995-02-08,0
5060710,216508.3528,1995-02-22,0
4061059,216452.044,1994-12-28,0
4824514,216449.5451,1995-01-30,0
5124033,216312.2276,1995-01-18,0
2901348,216307.9413,1995-02-22,0
4127522,216131.6242,1995-01-22,0
2922051,216020.8216,1995-02-18,0
1131040,216020.1793,1995-01-12,0
5875334,215912.0164,1994-12-27,0
1321988,215906.2117,1995-02-05,0
1561762,215888.2282,1995-02-18,0
4264484,215805.7404,1995-01-16,0
1092327,215708.8726,1995-01-30,0
3796224,215629.854,1995-01-30,0
924134,215584.2118,1995-02-04,0
1867559,215581.3416,1995-01-28,0
1354023,215508.1448,1995-02-22,0
1609667,215495.5834,1994-12-20,0
680386,215466.0959,1995-02-28,0
75169,215448.1947,1995-01-23,0
661190,215441.6487,1995-01-13,0
3357088,215357.6129,1995-02-13,0
884772,215278.4376,1995-02-06,0
2130693,215273.506,1995-02-03,0
659587,215132.0616,1995-03-04,0
910021,215125.027,1995-02-21,0
5012130,215077.0958,1995-02-15,0
1097441,214959.7113,1995-02-12,0
1072708,214910.3555,1995-02-26,0
2901506,214903.9757,1995-02-07,0
3493571,214801.6188,1995-03-05,0
1378722,214795.2952,1995-02-18,0
5640769,214674.8131,1995-03-03,0
488928,214488.0995,1995-02-15,0
2037510,214484.0935,1995-03-07,0
601313,214439.5833,1995-02-10,0
4005413,214311.7372,1995-02-19,0
1692903,214206.325,1994-12-25,0
2576289,214194.5286,1995-01-27,0
5263424,214144.3656,1995-02-13,0
3553697,214054.754,1995-02-04,0
4650276,214045.9437,1995-03-01,0
3553216,213958.8379,1995-03-05,0
1326465,213926.7592,1995-02-02,0
3933315,213860.569,1995-02-23,0
659972,213854.0142,1995-02-13,0
689540,213748.1789,1995-03-04,0
5647072,213728.1117,1995-02-28,0
312480,213664.7669,1995-01-08,0
972229,213643.3252,1995-02-17,0
1885796,213556.468,1995-01-17,0
1486305,213524.134,1995-01-18,0
171687,213344.8935,1995-02-11,0
5289284,213293.2572,1995-02-14,0
2290023,213290.4348,1995-03-04,0
1831303,213254.315,1995-02-06,0
5927077,213209.0716,1995-02-26,0
503556,213101.4981,1995-02-01,0
4738049,212963.7742,1995-02-19,0
1773285,212911.3638,1995-02-02,0
3931142,212714.8662,1995-02-16,0
1381030,212680.788,1995-01-17,0
5268864,212675.2204,1995-01-26,0
1874150,212645.5516,1995-03-04,0
5705283,212608.0479,1995-03-05,0
4412227,212435.1015,1995-01-27,0
1100928,212425.0462,1995-02-10,0
2213349,211881.1852,1995-03-04,0
4473157,211796.2528,1994-12-31,0
586400,211714.422,1994-12-27,0
3909536,211704.6442,1995-03-05,0
5585955,211699.1174,1995-02-12,0
1366247,211646.0088,1995-02-08,0
894497,211617.4401,1995-01-27,0
4703011,211607.4917,1995-02-09,0
1384930,211508.5234,1995-03-02,0
3711143,211474.6648,1995-03-05,0
355461,211384.4895,1995-02-20,0
3648993,211319.72,1995-02-01,0
2970311,211293.6594,1995-01-26,0
1639520,211192.8494,1995-01-28,0
345956,211010.1239,1995-01-29,0
5416416,210998.5251,1995-02-01,0
2433984,210749.8102,1995-02-11,0
3116099,210733.9765,1995-03-05,0
907653,210716.5457,1995-02-12,0
3291525,210712.5486,1995-01-04,0
1469504,210645.2256,1994-12-29,0
4343362,210622.1091,1995-02-11,0
365313,210621.9316,1995-03-01,0
5948544,210559.1186,1995-02-08,0
5309248,210551.5726,1995-03-01,0
3670017,210529.6851,1995-02-26,0
3783297,210510.0946,1995-02-11,0
1442722,210364.5172,1995-03-04,0
297633,210355.8536,1995-01-04,0
292579,210351.8513,1995-01-18,0
4716897,210253.1976,1995-02-08,0
5922726,210217.0182,1995-01-31,0
1334944,210181.4516,1995-03-02,0
2648005,210114.1951,1995-02-08,0
703462,210112.1666,1995-02-02,0
1432068,210000.3824,1995-01-25,0
2378339,209982.0999,1995-01-29,0
4285991,209910.9656,1995-02-22,0
5357059,209848.9889,1995-02-24,0
5273731,209833.5758,1995-02-27,0
2764775,209820.233,1995-02-18,0
4815751,209727.5417,1994-12-23,0
2155554,209703.4904,1995-02-22,0
1273698,209665.0466,1995-02-02,0
2702017,209550.2828,1995-03-04,0
2647078,209527.9114,1995-01-10,0
4473447,209523.408,1995-03-03,0
4629315,209456.8852,1995-03-02,0
2582211,209455.4935,1995-02-12,0
5595233,209237.0208,1995-02-04,0
2847558,209233.723,1995-02-13,0
4712963,209225.4195,1995-02-10,0
749159,209163.3886,1995-03-06,0
5914182,209106.2864,1995-02-21,0
257572,209032.2906,1995-01-17,0
759168,209004.3599,1995-01-27,0
4572741,208994.697,1995-01-31,0
4922466,208969.7656,1995-01-28,0
2735655,208945.239,1994-12-16,0
673955,208837.3118,1995-02-14,0
5678950,208818.437,1995-01-10,0
861411,208767.022,1995-02-22,0
4605798,208602.3374,1995-01-07,0
1932641,208473.674,1995-02-28,0
5758279,208426.8413,1995-02-06,0
1007845,208424.7934,1995-02-19,0
2764130,208363.7201,1995-02-03,0
1952128,208339.3413,1995-02-25,0
3974787,208161.6602,1995-02-16,0
1243329,208128.8764,1995-01-24,0
3499043,208042.346,1995-02-15,0
1907335,208012.5416,1995-02-14,0
3267815,208007.5911,1995-02-02,0
2635488,207973.7791,1995-01-18,0
3681671,207959.456,1995-01-26,0
5992064,207943.8906,1995-02-19,0
1152003,207907.3686,1995-02-13,0
3609312,207795.8194,1995-02-10,0
3223175,207783.481,1995-03-05,0
4748615,207760.392,1995-01-15,0
2771973,207676.6538,1995-01-24,0
331655,207641.3727,1995-03-03,0
4921702,207634.4063,1995-03-05,0
5633220,207596.3478,1995-02-15,0
1369029,207588.2227,1995-02-16,0
1994343,207565.0028,1995-01-24,0
1305606,207501.2695,1995-01-28,0
3688998,207478.6259,1995-02-27,0
5752545,207438.5876,1995-03-02,0
5514467,207322.6742,1995-01-28,0
769607,207311.3769,1995-03-01,0
5308805,207289.0498,1995-02-17,0
5866215,207249.3112,1995-03-04,0
4340198,207200.5324,1995-02-26,0
1678626,207138.6966,1995-01-22,0
5411875,207123.7347,1995-02-07,0
683264,207112.6418,1995-02-26,0
5134279,207092.9456,1995-02-28,0
735424,207010.114,1995-03-04,0
1221795,207005.2446,1995-02-14,0
4731618,206925.9476,1995-02-01,0
5519648,206876.2456,1995-02-08,0
5598405,206872.8699,1995-02-15,0
219424,206864.9456,1995-03-06,0
3449219,206799.9581,1994-12-17,0
4714053,206700.2806,1994-12-15,0
4096739,206700.0514,1995-03-01,0
2420867,206572.9919,1995-01-02,0
5875714,206563.3326,1995-01-26,0
1507010,206558.6646,1995-03-07,0
4305505,206508.2852,1995-01-03,0
2414209,206318.2527,1995-01-15,0
481766,206214.4195,1995-01-30,0
3767879,206191.0305,1995-01-11,0
5404384,206143.104,1995-02-01,0
2024070,206105.1396,1995-02-19,0
5869345,206048.2246,1995-02-24,0
4230499,205956.7605,1995-02-19,0
2050400,205954.5112,1995-01-04,0
743617,205924.351,1995-02-27,0
4428293,205830.8548,1995-02-20,0
1421860,205651.7154,1995-02-27,0
843495,205573.936,1995-02-03,0
3582881,205464.0399,1995-02-15,0
4713570,205330.6164,1995-02-28,0
5781764,205264.44,1995-02-05,0
2696261,205262.092,1995-02-15,0
2850533,205231.2416,1995-02-11,0
4001123,205187.2225,1994-12-29,0
4523462,205063.7924,1995-01-01,0
4827591,204964.2248,1995-02-15,0
5672166,204954.5042,1995-03-04,0
5426726,204934.3932,1995-03-07,0
3525764,204912.0502,1995-02-14,0
2266465,204846.0322,1995-03-07,0
1078114,204733.1936,1995-02-14,0
2592580,204723.1978,1995-02-20,0
2341542,204674.4698,1995-01-23,0
5521253,204492.1916,1995-01-25,0
1942918,204469.7596,1995-02-09,0
3601408,204457.279,1995-02-23,0
5800742,204430.1464,1994-12-13,0
3640709,204315.8418,1995-01-11,0
3339429,204315.0744,1995-01-19,0
3891233,204302.776,1995-02-26,0
4919173,204061.9173,1995-02-24,0
4259491,204001.1806,1995-03-01,0
5232806,203893.2984,1995-02-27,0
2345443,203852.9243,1995-02-19,0
2334787,203635.6728,1995-01-27,0
5897410,203549.2371,1995-03-03,0
4104706,203537.8062,1995-02-15,0
2239396,203505.797,1995-01-14,0
2997287,203486.085,1995-02-27,0
5389380,203445.9654,1995-02-08,0
4967139,203390.3264,1995-01-16,0
1702784,203380.4628,1995-02-26,0
4771364,203373.8227,1995-01-17,0
2147299,203310.4232,1995-01-22,0
4197921,203270.5286,1995-01-20,0
346725,203166.0317,1995-02-09,0
4429217,203103.716,1995-02-13,0
2926023,203078.8906,1995-03-07,0
4389088,203073.2762,1995-02-28,0
3779302,202924.42,1995-02-17,0
2858310,202653.7699,1995-01-19,0
2532385,202599.3712,1995-02-15,0
3546818,202515.4576,1995-02-24,0
3485221,202476.7802,1995-02-13,0
5994374,202192.7581,1995-02-01,0
978693,202035.7578,1995-02-07,0
2206784,202022.4733,1995-02-16,0
4154564,201954.9114,1994-12-02,0
4234080,201914.999,1995-01-28,0
5494690,201837.0452,1995-02-19,0
2945828,201785.6437,1995-01-07,0
1406977,201728.653,1995-02-03,0
5717188,201651.44,1995-02-18,0
1742177,201608.3294,1995-03-06,0
3753155,201581.1036,1995-03-06,0
117381,201528.9309,1995-01-21,0
4906851,201525.4524,1995-01-26,0
5744931,201434.6871,1995-01-17,0
3767395,201413.1039,1995-03-01,0
4583456,201374.4498,1995-02-06,0
3902886,201369.4196,1995-03-04,0
786983,201352.988,1995-02-21,0
1377733,201347.5094,1995-02-13,0
5615203,201321.2977,1995-02-12,0
2368868,201320.387,1995-02-15,0
5259810,201239.4381,1995-01-08,0
2895108,200875.3766,1995-01-21,0
2511716,200847.7255,1995-01-21,0
3420355,200807.951,1995-03-04,0
3971168,200801.6185,1994-12-03,0
4811969,200639.1788,1994-12-13,0
2512038,200623.6728,1995-03-02,0
122853,200600.1572,1995-02-08,0
2592256,200511.7904,1995-02-03,0
177090,200476.2503,1995-01-22,0
2453607,200402.8974,1995-01-14,0
5637031,200304.5672,1995-03-03,0
254118,200125.7889,1995-02-22,0
1572225,199985.063,1995-02-25,0
3538628,199961.9865,1995-02-22,0
4739874,199941.4568,1995-03-03,0
2808545,199867.274,1995-01-28,0
699714,199766.7956,1995-01-30,0
5086499,199657.4442,1995-01-23,0
3952578,199462.7881,1995-01-01,0
3583719,199404.3204,1995-02-07,0
1306439,199337.4576,1995-02-23,0
660706,199301.1006,1995-03-07,0
1360229,199291.8553,1995-01-15,0
2197797,199264.8162,1995-02-28,0
5138817,199181.6013,1995-02-11,0
4104992,199176.0786,1995-02-27,0
2050369,199069.4659,1995-02-21,0
3600485,199046.6241,1995-02-10,0
63815,199042.5355,1995-02-07,0
231462,199030.9068,1995-02-23,0
4882725,198960.2532,1995-02-26,0
2978081,198959.9122,1995-02-03,0
3474177,198850.897,1995-01-01,0
2883878,198806.1776,1995-03-07,0
4596903,198699.2203,1995-01-25,0
550403,198688.725,1995-02-24,0
5696961,198639.5937,1995-03-01,0
3841827,198557.9614,1995-02-26,0
2422976,198537.1824,1995-01-12,0
3772288,198485.5166,1995-02-18,0
2791237,198374.5002,1995-03-01,0
3688999,198355.0719,1995-01-26,0
1700128,198277.634,1995-03-04,0
3301766,198254.3565,1995-02-26,0
5466594,198221.9085,1995-01-07,0
1520514,198220.7103,1995-02-24,0
4159366,198207.278,1995-03-05,0
1558820,197970.643,1995-02-07,0
846214,197958.9016,1995-02-26,0
4942338,197918.7438,1995-02-10,0
1327876,197880.1257,1995-01-06,0
4659141,197875.646,1995-02-06,0
2274051,197862.1953,1995-01-13,0
3290818,197855.8297,1995-02-14,0
5044549,197845.7285,1995-03-06,0
1436481,197748.0987,1995-01-31,0
5059779,197739.4143,1995-02-26,0
2546784,197714.4134,1995-02-08,0
4394278,197575.9196,1995-01-10,0
4586400,197390.05,1995-01-26,0
1247745,197317.8864,1995-02-01,0
1826465,197220.9738,1995-02-11,0
3566659,197182.9674,1995-02-17,0
1650979,197092.8352,1995-01-25,0
2892580,196995.7772,1995-02-22,0
3348037,196948.1942,1995-02-19,0
1100743,196919.8212,1995-02-22,0
1044710,196909.327,1995-03-02,0
1467366,196824.5536,1995-02-21,0
3294242,196822.0201,1995-02-06,0
2768933,196724.0454,1995-01-22,0
1361027,196543.6208,1995-02-19,0
4108962,196523.7554,1995-01-12,0
5717893,196521.1542,1995-01-06,0
3358022,196304.2177,1995-03-06,0
3973158,196224.1502,1995-01-21,0
1984933,196207.3148,1995-01-18,0
3963750,196186.4076,1995-01-09,0
3652677,195910.5868,1995-02-12,0
4354752,195846.2132,1995-02-11,0
3240485,195756.8424,1995-01-04,0
1934211,195705.7209,1995-01-18,0
2194211,195649.676,1995-01-31,0
55808,195563.3691,1995-02-15,0
491138,195418.0144,1995-01-28,0
1168835,195405.4348,1995-01-11,0
519364,195381.0542,1995-02-05,0
1348640,195338.1008,1995-03-03,0
3876001,195251.1014,1995-02-23,0
534885,195243.9486,1995-01-11,0
2953603,195123.1585,1995-02-01,0
4820676,195003.3931,1995-02-28,0
5665255,194845.7401,1995-01-04,0
3776199,194628.444,1995-02-07,0
4647558,194583.8707,1995-02-13,0
5111075,194498.2006,1995-02-11,0
1112481,194486.6455,1995-02-18,0
3977633,194473.9681,1995-02-20,0
3196996,194424.1779,1995-02-14,0
1649863,194420.8128,1995-01-07,0
3169571,194395.8402,1995-01-22,0
2132931,194305.358,1995-02-15,0
4967847,194254.4768,1995-01-26,0
5092354,194227.2544,1995-03-06,0
3916992,194196.007,1995-03-06,0
3949954,194136.4232,1995-01-29,0
5816004,194032.1617,1995-01-03,0
2334592,194008.4286,1995-02-11,0
1633508,193996.9737,1995-02-26,0
3992583,193907.6796,1995-02-21,0
5093923,193903.3007,1995-02-21,0
661446,193895.18,1995-02-27,0
1699552,193877.8054,1995-02-04,0
47015,193868.6129,1995-02-14,0
857156,193764.8838,1995-01-08,0
4076098,193759.8844,1995-02-18,0
5068546,193756.5876,1995-02-08,0
3529831,193723.4273,1995-01-10,0
4311296,193717.4298,1995-01-21,0
4918437,193687.1256,1995-02-18,0
3654752,193629.0183,1995-02-26,0
4512932,193617.904,1995-02-17,0
2160838,193601.7144,1995-02-15,0
353506,193529.0493,1995-03-01,0
4241895,193510.305,1995-01-10,0
941312,193406.5683,1995-02-11,0
846433,193404.6757,1995-03-03,0
2324099,193359.926,1994-12-23,0
881920,193356.4104,1994-12-31,0
5561639,193345.2962,1995-01-25,0
827777,193340.6404,1994-12-27,0
3350465,193322.0485,1995-01-08,0
2576290,193314.612,1994-12-13,0
1647783,193263.7201,1995-01-07,0
4567815,193220.0913,1995-01-26,0
4139044,193052.7008,1994-12-21,0
3262692,193007.4365,1995-01-08,0
3325058,192998.1898,1994-11-28,0
3039872,192988.4634,1995-01-23,0
1647491,192963.7078,1994-12-26,0
2077826,192880.7517,1995-03-02,0
987846,192877.3776,1995-02-28,0
1387970,192738.4726,1995-02-11,0
1576292,192516.2966,1995-02-22,0
2157315,192509.1613,1995-02-27,0
4808326,192501.9931,1995-01-13,0
1188992,192462.7107,1995-01-30,0
4895109,192460.265,1995-03-04,0
2943169,192416.4196,1995-01-06,0
4784069,192309.0788,1994-12-15,0
1218083,192267.9991,1995-01-31,0
5180675,192249.702,1995-03-05,0
2589280,192175.8912,1995-03-01,0
3553319,192160.4998,1995-02-03,0
300000,192148.0568,1995-02-11,0
1074466,192086.9546,1995-02-14,0
1061351,192078.1855,1995-02-27,0
3547298,191947.4109,1995-02-04,0
3506946,191898.384,1995-03-02,0
2106369,191784.6944,1995-02-03,0
5162565,191743.5504,1995-02-25,0
3458276,191730.546,1995-02-19,0
2501575,191694.7376,1995-02-04,0
433988,191655.3748,1995-03-07,0
654437,191614.1,1995-01-22,0
1635939,191595.786,1995-02-20,0
869378,191591.1848,1995-01-04,0
2285187,191468.53,1995-01-06,0
5881188,191384.0181,1995-03-03,0
3289862,191349.7594,1995-02-07,0
1608802,191253.5029,1994-12-12,0
5693954,191238.38,1994-12-09,0
3490822,191116.7521,1995-02-19,0
2284388,191087.9133,1995-03-07,0
5050624,191060.6002,1995-02-01,0
90276,191017.6454,1995-03-04,0
3130052,190944.606,1995-02-22,0
2304198,190932.6104,1995-01-17,0
3980673,190866.3847,1995-02-03,0
3042626,190862.3934,1995-02-05,0
221923,190720.133,1995-03-01,0
1112743,190709.7709,1995-01-11,0
4177798,190612.9786,1995-01-30,0
1673632,190578.885,1995-02-07,0
5215491,190562.7088,1995-01-23,0
4684736,190547.7369,1995-03-05,0
3512867,190502.8084,1995-02-08,0
1525281,190496.5054,1995-02-09,0
3928481,190445.1585,1995-01-08,0
5697351,190291.3076,1995-03-05,0
4768160,190243.0176,1995-02-07,0
4056551,190242.8023,1994-12-15,0
3796641,190212.7428,1995-01-30,0
1672419,190201.0009,1995-02-07,0
5112804,190172.316,1995-01-10,0
49312,190110.2824,1995-02-22,0
1374977,190050.9745,1995-02-07,0
2772128,190035.0752,1994-12-21,0
1614755,190033.0804,1995-02-12,0
2805831,190024.422,1995-01-21,0
3560229,190021.4792,1994-12-17,0
3325027,190015.3659,1995-02-22,0
2129344,189974.5214,1995-02-28,0
2878915,189961.4415,1995-01-01,0
1964420,189961.3118,1995-02-16,0
1569926,189879.5868,1994-12-27,0
5848519,189876.2008,1995-02-09,0
5674854,189715.5184,1995-03-06,0
4327140,189710.6123,1995-02-07,0
3885923,189689.3704,1995-01-30,0
4915072,189509.0294,1995-02-17,0
5671456,189418.528,1995-01-03,0
1354403,189393.2266,1994-12-21,0
5434241,189292.8679,1995-02-05,0
5891232,189272.9077,1995-02-10,0
1602759,189258.9216,1995-03-06,0
3208325,189256.9945,1995-02-28,0
5572354,189210.3084,1995-02-25,0
2651426,189187.2668,1995-02-05,0
934498,189061.3844,1995-02-27,0
5887168,188962.2391,1995-01-30,0
1247972,188904.9643,1995-02-28,0
2379364,188894.7447,1995-03-05,0
5664772,188860.9922,1995-01-13,0
5930019,188846.4227,1995-02-10,0
4395047,188808.5101,1995-02-21,0
4432032,188772.147,1995-02-28,0
5930658,188767.66,1995-03-02,0
3129732,188721.4038,1995-01-24,0
3666209,188643.3318,1995-02-03,0
8133,188626.4181,1995-02-27,0
1426791,188594.1354,1995-02-23,0
2724576,188570.4829,1995-02-24,0
5005540,188539.1837,1995-01-06,0
1470182,188501.8238,1994-12-31,0
345829,188498.9859,1995-02-22,0
2914304,188455.6903,1995-02-11,0
5620672,188409.4108,1995-02-26,0
5626246,188403.8984,1995-02-07,0
4534758,188358.869,1995-02-19,0
2728327,188229.3499,1995-02-08,0
264001,188214.8965,1995-02-22,0
5595616,188206.77,1995-01-17,0
5419333,188191.7316,1995-01-13,0
3173954,188145.6596,1994-12-24,0
301378,188072.7767,1994-12-30,0
128579,187991.5935,1995-03-06,0
1242918,187910.2615,1995-02-05,0
5596544,187900.6502,1995-03-04,0
160549,187868.4173,1995-01-10,0
5318534,187834.525,1995-02-21,0
2185697,187685.041,1995-03-01,0
923718,187662.3522,1995-02-07,0
5647456,187634.9472,1995-02-27,0
4670400,187624.9307,1995-03-05,0
3812421,187545.4985,1995-01-26,0
5751203,187511.5889,1995-02-21,0
498563,187455.9788,1995-01-27,0
5943429,187427.1784,1994-12-04,0
1878404,187421.4385,1995-02-05,0
3845955,187414.1624,1995-02-21,0
4576641,187408.9466,1995-02-16,0
5851332,187335.8528,1995-02-12,0
3726435,187312.1936,1995-03-05,0
4574118,187288.4586,1995-02-28,0
506017,187242.9474,1995-01-27,0
4274241,187227.0012,1995-03-06,0
5927552,187206.1395,1995-02-01,0
2375745,187135.5561,1995-02-18,0
290241,187099.4833,1995-02-22,0
3054724,187093.9401,1995-02-02,0
1137351,187055.2918,1995-01-25,0
4430177,187029.007,1995-03-05,0
3515942,187023.4167,1995-02-03,0
4487750,187013.5035,1995-02-23,0
2988385,186972.087,1995-01-07,0
55075,186932.9264,1995-02-02,0
2293731,186876.5779,1994-12-31,0
4016674,186785.4098,1995-02-01,0
1975942,186749.5916,1995-01-21,0
5968133,186747.7361,1995-02-09,0
419523,186746.3817,1995-02-02,0
230917,186466.1699,1995-02-26,0
2882215,186409.6964,1994-12-22,0
5990274,186361.7841,1995-02-06,0
4764960,186354.2186,1995-02-16,0
2637316,186344.1415,1995-02-08,0
4490562,186251.7201,1994-12-28,0
5193348,186107.1748,1995-02-02,0
731106,186058.1708,1995-03-03,0
3720673,186036.1622,1995-03-02,0
1956673,185979.3431,1994-12-30,0
3598403,185977.5816,1995-02-08,0
1627877,185974.8164,1995-02-10,0
683686,185964.5836,1995-03-06,0
2504518,185897.204,1995-02-16,0
58117,185862.8338,1995-02-21,0
2023201,185815.4639,1995-02-11,0
1952868,185813.5196,1995-03-05,0
2876550,185750.0582,1995-01-15,0
1019072,185745.5547,1995-02-18,0
1486950,185682.6916,1995-01-17,0
229472,185672.6467,1995-02-05,0
4964167,185660.8671,1995-03-01,0
2408320,185639.4379,1995-01-23,0
5527907,185440.8163,1994-12-18,0
5255620,185410.7577,1995-02-25,0
3853508,185384.3341,1995-02-17,0
352676,185317.4828,1995-02-27,0
3111905,185246.6764,1995-02-16,0
4446022,185230.7314,1995-02-27,0
2562726,185162.9835,1995-02-16,0
3618305,185142.0964,1995-02-14,0
26723,185136.5634,1995-03-04,0
5405285,185035.187,1995-02-18,0
3287490,185033.846,1995-02-03,0
2059813,185027.9388,1995-01-06,0
3109703,185022.9006,1995-01-13,0
4514177,185001.092,1995-01-16,0
1526084,184923.8283,1995-02-27,0
2773985,184911.9742,1995-02-28,0
5734723,184903.6705,1995-03-03,0
669412,184898.091,1995-02-23,0
1089121,184807.6364,1995-01-23,0
5191682,184792.0648,1995-01-20,0
85507,184757.7256,1995-02-19,0
2410626,184705.3698,1995-01-11,0
3266820,184607.2165,1995-03-05,0
3647684,184583.1044,1995-01-31,0
5203718,184570.322,1994-12-03,0
5519366,184554.5228,1995-02-03,0
2182753,184537.3936,1995-02-17,0
790113,184534.02,1995-02-21,0
2234850,184485.5364,1995-02-27,0
1163297,184390.7047,1995-02-01,0
3760000,184381.8393,1995-02-08,0
1107584,184375.94,1994-12-11,0
1087235,184345.2708,1995-02-12,0
2170599,184341.8072,1995-02-12,0
1651303,184335.7266,1995-02-14,0
2834596,184278.9559,1995-02-08,0
4205473,184225.0329,1995-02-19,0
5290752,184116.981,1995-03-01,0
5969894,183950.6975,1995-02-14,0
2368709,183916.604,1995-03-05,0
115808,183890.0945,1995-02-27,0
4214656,183841.0316,1995-01-24,0
2053,183820.5208,1995-02-07,0
3367074,183685.5423,1995-02-11,0
469733,183500.6251,1994-12-19,0
4803744,183420.6147,1995-02-26,0
1807590,183289.1562,1995-01-04,0
5700483,183263.6193,1995-02-10,0
3192514,183245.45,1995-01-25,0
2261764,183241.9896,1995-02-04,0
4561188,183177.5472,1995-02-19,0
4446215,183148.062,1995-02-20,0
1695969,183145.3169,1995-02-08,0
2439141,183140.242,1995-02-02,0
3620289,183003.3844,1995-03-05,0
2081062,182952.0994,1995-01-22,0
1851879,182864.9296,1995-02-14,0
5917601,182847.5712,1995-01-25,0
3273381,182824.987,1995-02-05,0
546790,182787.7036,1995-02-15,0
129475,182645.2277,1995-02-20,0
2886592,182632.4028,1995-02-07,0
43110,182623.8038,1995-02-07,0
286694,182611.7572,1995-02-11,0
64897,182465.7222,1995-02-16,0
1904355,182446.9917,1995-02-01,0
3384517,182423.8436,1995-02-28,0
2103172,182406.1498,1995-02-07,0
4998466,182258.1494,1995-02-18,0
1122436,182229.4774,1994-12-29,0
3036769,182184.2519,1995-03-07,0
2510885,182175.591,1995-01-08,0
1254788,182130.9062,1994-12-24,0
3719463,182126.9472,1995-03-04,0
1409665,182083.1272,1995-02-10,0
1010307,182080.3624,1995-02-24,0
3685664,182063.1884,1994-12-30,0
1352802,182060.9538,1995-02-18,0
723523,181972.7678,1994-11-19,0
684576,181862.7508,1995-01-16,0
4271684,181862.0895,1995-01-14,0
1827552,181813.3632,1995-01-10,0
3198816,181762.153,1995-02-02,0
5331399,181757.9025,1995-01-18,0
5291237,181702.0728,1995-02-26,0
5717477,181681.9402,1995-02-06,0
1256577,181663.35,1994-12-27,0
2318050,181536.06,1995-03-07,0
5162595,181519.7959,1995-03-04,0
4153731,181506.9229,1995-03-05,0
1724035,181504.5132,1995-01-28,0
3582951,181345.3492,1995-01-15,0
5573634,181337.3016,1995-01-09,0
497637,181316.2109,1995-02-08,0
577664,181233.4728,1995-01-09,0
2718054,181195.0293,1995-02-03,0
5171814,181115.1323,1994-12-30,0
906721,181015.8578,1995-03-04,0
51777,180978.317,1995-02-20,0
5229285,180955.582,1994-12-04,0
1440513,180933.4952,1995-01-27,0
160068,180897.847,1995-02-05,0
1505700,180892.7297,1995-02-20,0
114343,180882.395,1995-02-09,0
3463778,180838.6892,1995-03-07,0
4288450,180757.3658,1994-12-26,0
5906048,180712.9587,1994-12-24,0
4254053,180703.1496,1995-03-01,0
5144935,180677.6396,1995-02-15,0
4880356,180666.274,1995-03-06,0
2878503,180617.2834,1995-01-18,0
5893602,180616.704,1995-02-28,0
3050404,180586.6936,1995-02-02,0
5329221,180546.8224,1995-02-04,0
2449216,180510.511,1995-03-06,0
5774208,180481.9917,1995-03-04,0
286368,180421.2322,1994-12-25,0
4633958,180325.9941,1995-02-04,0
1108417,180247.4054,1995-03-05,0
4784836,180220.3013,1994-12-24,0
922147,180179.5234,1995-02-07,0
709984,180136.1024,1995-01-24,0
2027939,180064.415,1995-02-03,0
24198,179882.9924,1995-02-09,0
3338789,179829.8403,1995-02-01,0
4284736,179797.444,1995-01-01,0
1317415,179739.4996,1995-01-20,0
841731,179710.3436,1995-02-10,0
3355681,179658.7228,1995-02-17,0
1611491,179572.0354,1995-02-04,0
3895335,179541.3785,1995-02-14,0
2961860,179477.9163,1995-01-11,0
894977,179416.0002,1995-02-05,0
1248452,179395.9284,1994-12-10,0
3278372,179389.2302,1995-02-22,0
3580803,179387.329,1995-01-22,0
5589122,179379.5745,1995-02-18,0
4550118,179275.5606,1995-01-08,0
2970979,179214.467,1995-01-19,0
4567398,179121.9088,1995-01-23,0
4034308,179077.2396,1995-01-12,0
4609348,179064.1234,1995-01-25,0
1993187,179055.4837,1995-03-02,0
3330786,178999.3909,1995-02-07,0
5332768,178874.9667,1995-01-17,0
221921,178837.0647,1995-02-14,0
4245542,178806.9676,1995-02-12,0
504736,178805.9583,1995-02-15,0
400100,178754.7764,1995-01-24,0
5594533,178727.0307,1995-01-19,0
3764705,178711.6904,1995-01-25,0
2750306,178658.6441,1995-02-12,0
5723268,178652.475,1995-02-01,0
5356006,178649.321,1994-12-24,0
4698786,178595.5088,1995-03-05,0
1849958,178519.7562,1995-03-01,0
1412449,178404.9879,1995-03-07,0
1888484,178392.3516,1995-02-04,0
4884775,178388.5428,1995-03-06,0
2448900,178385.8153,1995-02-25,0
5756067,178336.3051,1994-12-13,0
4175814,178276.4797,1995-02-21,0
670050,178254.5015,1995-01-28,0
3458853,178210.3672,1995-01-21,0
4868737,178196.732,1995-01-23,0
4041830,178164.0219,1995-02-27,0
133925,178156.0958,1995-02-16,0
3884835,178144.3188,1995-02-15,0
3937313,178126.2399,1995-01-06,0
1483617,178016.157,1995-02-10,0
5630724,177985.78,1995-02-26,0
1275172,177983.8308,1995-01-02,0
2577219,177962.0429,1995-02-10,0
635879,177948.567,1995-03-07,0
5582881,177903.936,1995-02-16,0
3878246,177875.8576,1995-02-15,0
152963,177855.4557,1994-12-18,0
1171206,177853.5738,1995-02-17,0
3935489,177853.4543,1995-03-03,0
3537539,177838.7057,1995-03-04,0
4627585,177809.2243,1995-02-12,0
820005,177799.5903,1995-02-27,0
4346407,177787.8555,1995-02-27,0
1556614,177787.7832,1995-02-12,0
1971876,177768.3568,1995-02-15,0
2641766,177759.5172,1995-03-01,0
886402,177654.7462,1994-12-17,0
298564,177616.6071,1995-02-15,0
4414564,177593.8908,1995-02-20,0
1827044,177575.5636,1995-02-06,0
593927,177566.8176,1995-03-04,0
3604736,177565.3486,1995-01-31,0
4297319,177480.6866,1995-01-16,0
4635172,177459.6494,1995-02-14,0
4077191,177396.68,1995-02-03,0
2276261,177391.4491,1995-03-06,0
46755,177378.3492,1995-02-07,0
580482,177327.1679,1995-03-03,0
2241953,177302.9255,1994-12-28,0
5612451,177249.5035,1995-03-02,0
1333826,177198.2538,1995-01-24,0
1489922,177187.5568,1995-01-25,0
33764,177186.7794,1995-02-11,0
722820,177176.9661,1995-03-02,0
5149924,177035.4052,1995-02-21,0
5507360,177032.554,1995-02-01,0
1662246,177030.0584,1995-01-26,0
2540096,177001.8791,1995-02-21,0
2175524,176961.5061,1995-01-06,0
3580069,176956.0329,1994-11-24,0
4659911,176933.3321,1995-02-16,0
5809765,176932.0921,1995-01-24,0
4745408,176926.2444,1995-02-14,0
2458275,176903.3209,1995-01-31,0
4784801,176878.0536,1994-12-04,0
3335808,176872.8391,1995-02-19,0
4641125,176872.7222,1995-01-18,0
3978722,176847.2908,1995-02-16,0
4978402,176817.3645,1995-01-02,0
4436641,176797.1984,1994-12-26,0
1319457,176776.332,1995-02-27,0
437063,176736.3158,1995-02-07,0
428769,176728.8835,1994-12-11,0
1179968,176700.0276,1995-01-23,0
2698915,176695.3521,1995-01-28,0
84512,176682.6216,1995-01-16,0
5216484,176631.051,1995-02-07,0
3177985,176625.0632,1995-02-03,0
170340,176601.6292,1995-02-18,0
5993027,176593.524,1994-12-30,0
3447203,176522.418,1995-02-17,0
931430,176520.6185,1995-03-01,0
2466305,176478.728,1995-01-10,0
5078149,176476.9152,1995-01-08,0
1071424,176451.3929,1995-01-26,0
4089218,176433.104,1995-02-21,0
4491236,176422.3771,1995-02-23,0
286245,176413.0035,1995-02-19,0
102656,176360.1608,1995-03-04,0
3953991,176272.0038,1995-02-07,0
4282917,176208.2094,1995-02-26,0
5013382,176169.0648,1995-02-21,0
1703366,176145.6496,1995-02-17,0
1272324,176128.9548,1995-02-04,0
2257220,176125.0878,1995-02-16,0
5364864,176115.078,1995-01-10,0
4546306,176054.9962,1995-01-21,0
3021472,176037.73,1995-02-05,0
480162,176034.3073,1995-02-20,0
529028,176003.5691,1995-02-24,0
2613606,175994.1169,1994-12-25,0
5616901,175889.8541,1995-01-26,0
5807428,175846.0267,1995-01-29,0
5595077,175793.9152,1995-02-05,0
3337665,175762.1746,1995-02-14,0
4745380,175665.222,1995-01-09,0
2476421,175611.3426,1995-01-30,0
2623559,175588.7212,1995-03-07,0
3797191,175570.807,1995-02-10,0
5780257,175559.5348,1995-01-17,0
4147395,175448.9986,1995-01-24,0
88962,175352.0943,1995-02-28,0
3061702,175217.444,1995-02-05,0
5468256,175190.8195,1995-02-01,0
4246404,175188.6918,1995-03-04,0
333732,175161.9118,1995-02-25,0
70695,175152.3738,1995-01-11,0
275206,175115.5863,1995-03-07,0
1611424,175109.8756,1995-01-29,0
5480257,175087.0702,1995-02-05,0
1759904,175001.1057,1995-01-15,0
1597315,174985.0905,1994-12-14,0
8195,174941.6546,1995-01-07,0
3044998,174846.587,1995-01-23,0
4224288,174839.879,1995-01-05,0
5166341,174821.456,1995-02-09,0
1870210,174782.0538,1995-02-25,0
4122343,174766.8963,1995-02-23,0
2813444,174763.2398,1995-02-09,0
5954436,174744.317,1995-01-23,0
1978115,174720.4717,1995-02-05,0
5826945,174719.7475,1995-01-07,0
833763,174696.8148,1994-12-09,0
4843109,174659.5088,1995-01-12,0
278757,174643.9328,1995-03-06,0
3103425,174631.7903,1995-02-11,0
5755202,174630.0656,1995-02-13,0
913255,174571.4138,1995-03-07,0
4826788,174384.9886,1995-02-02,0
2929574,174372.5614,1995-01-26,0
2893604,174372.1665,1995-01-08,0
3884612,174362.7599,1995-02-28,0
3398916,174349.0587,1995-03-04,0
5361349,174327.217,1995-01-03,0
3725857,174295.314,1995-03-05,0
5718210,174227.9512,1995-02-22,0
2358596,174204.7646,1995-02-22,0
332739,174158.5296,1995-02-07,0
2088641,174146.9708,1995-02-25,0
215331,174129.723,1995-02-10,0
5820391,174055.3879,1995-03-01,0
1737539,174032.6242,1995-01-26,0
3114242,174014.3882,1995-02-26,0
5529159,173980.4395,1995-01-19,0
3418151,173904.9228,1995-03-05,0
561602,173861.6249,1995-02-08,0
1514983,173826.572,1995-02-16,0
921251,173797.1154,1995-02-25,0
11719,173730.3847,1995-02-06,0
2894884,173721.2135,1995-02-20,0
2464097,173692.7881,1994-12-25,0
2210499,173643.7284,1995-03-06,0
5538048,173625.8434,1995-02-28,0
2221536,173621.3807,1995-03-06,0
2220832,173614.8352,1995-02-10,0
87681,173604.3246,1995-02-13,0
2548992,173592.1547,1995-02-03,0
843520,173577.6496,1995-02-26,0
5891141,173523.7118,1995-02-05,0
4249251,173343.8658,1995-02-05,0
1556001,173277.5104,1995-02-28,0
3298020,173263.3262,1995-01-06,0
5728929,173241.3315,1995-02-21,0
5194208,173166.5402,1995-02-13,0
3938402,173125.5926,1995-02-21,0
3559396,173062.3568,1995-03-02,0
3843589,172987.912,1995-01-13,0
2785413,172985.7171,1995-01-13,0
3072710,172972.6199,1995-02-24,0
5737414,172937.2674,1995-02-08,0
5353607,172844.3917,1995-02-07,0
2176902,172804.3034,1995-01-06,0
4930467,172777.575,1995-02-12,0
2159873,172775.441,1995-02-18,0
5015554,172772.0939,1995-01-07,0
100385,172714.0064,1995-01-30,0
2033922,172697.8764,1995-01-20,0
4479776,172697.4184,1995-02-15,0
3695047,172622.0886,1995-02-24,0
2984551,172618.7321,1995-02-17,0
2062914,172592.7636,1995-01-21,0
5056934,172588.5172,1995-02-13,0
5436135,172415.0114,1995-01-11,0
183845,172351.7376,1995-01-21,0
1615558,172319.0643,1995-01-11,0
946660,172256.066,1995-01-29,0
152839,172228.9149,1995-01-18,0
1465569,172141.1428,1995-01-07,0
3237024,172115.51,1995-03-01,0
2629572,172104.8424,1995-02-12,0
991174,172033.9871,1995-02-07,0
2556999,171974.7344,1995-02-22,0
3560645,171963.9062,1994-12-17,0
1457856,171959.7058,1995-01-01,0
899973,171936.0774,1995-03-06,0
3870594,171913.4318,1995-02-15,0
4699428,171899.9574,1995-02-18,0
1807686,171892.728,1995-01-29,0
4831846,171880.9728,1994-12-24,0
1607332,171820.6294,1995-02-02,0
3488135,171805.7424,1995-02-02,0
5614437,171788.3951,1995-02-06,0
1816448,171728.5316,1995-03-03,0
4409893,171719.7632,1995-01-23,0
3709091,171701.262,1995-01-19,0
4119202,171660.0722,1995-02-22,0
1483648,171517.9293,1995-02-19,0
195044,171478.9639,1995-01-04,0
3324609,171469.5809,1995-02-14,0
1383712,171464.4214,1994-12-07,0
1623908,171422.5572,1995-02-19,0
3220801,171391.8094,1995-02-24,0
394695,171376.68,1995-01-01,0
2481030,171363.0144,1995-01-31,0
863556,171357.1248,1995-02-20,0
1582434,171228.7296,1995-02-06,0
45543,171187.7992,1995-02-03,0
3523332,171171.507,1995-02-28,0
5526083,171160.8111,1995-01-05,0
2480772,171080.1231,1995-01-30,0
3054912,171043.645,1995-02-24,0
1177861,171042.6182,1995-02-15,0
1130948,170958.7122,1995-02-24,0
409575,170902.0944,1995-03-06,0
1321702,170888.6088,1994-12-29,0
1565632,170828.8581,1995-02-16,0
4124514,170797.4356,1995-03-03,0
2424481,170791.3908,1995-02-04,0
5113541,170780.4682,1995-01-27,0
1486499,170758.082,1995-01-23,0
3446432,170721.4251,1994-12-06,0
5242178,170703.059,1995-03-07,0
2467330,170665.4011,1995-02-10,0
380289,170612.045,1995-02-11,0
1257860,170600.3873,1995-02-20,0
1392162,170571.5615,1995-03-03,0
5237632,170548.8104,1995-02-03,0
1842531,170547.9402,1995-02-24,0
737508,170542.2331,1995-02-10,0
1580165,170521.3898,1995-01-13,0
4154980,170488.0692,1995-03-06,0
5661830,170404.8552,1995-01-25,0
1146018,170388.709,1995-02-23,0
1272100,170339.4229,1994-12-29,0
2129057,170329.8874,1995-02-20,0
4411392,170288.5143,1994-12-24,0
581796,170266.3015,1995-03-07,0
5501447,170244.5292,1995-02-13,0
1541473,170184.3994,1995-02-12,0
81764,170179.5334,1995-02-15,0
4329319,170124.1946,1995-01-31,0
3717089,170110.0068,1995-01-28,0
2562788,170055.7956,1995-01-23,0
2991808,170016.2084,1995-02-21,0
3471969,169997.2891,1995-01-18,0
3038848,169970.0312,1995-01-31,0
903652,169953.7012,1995-01-31,0
2556226,169905.048,1995-02-26,0
420545,169892.928,1995-03-05,0
477895,169879.7822,1995-01-12,0
1347972,169834.1416,1994-12-04,0
1039523,169827.2376,1995-03-01,0
4521378,169816.9558,1995-03-02,0
75714,169812.057,1995-02-25,0
3033313,169781.5245,1995-01-03,0
243140,169737.9026,1995-01-15,0
598308,169702.0452,1995-02-01,0
3673316,169679.7108,1995-01-06,0
2062790,169665.3275,1995-03-07,0
5206563,169660.677,1995-01-14,0
3662215,169656.9906,1994-12-22,0
4660229,169626.6249,1995-02-15,0
1919877,169553.146,1995-02-08,0
811522,169471.1826,1995-02-09,0
1862240,169459.8588,1995-02-16,0
3735843,169434.7187,1994-12-25,0
2145250,169383.0723,1995-01-07,0
2938530,169375.694,1995-02-08,0
3210596,169341.8239,1995-02-28,0
234244,169305.156,1995-02-28,0
2176544,169164.823,1995-03-02,0
3265571,169141.9944,1995-02-25,0
2313924,169076.0394,1995-01-20,0
2950150,169057.7212,1994-12-29,0
4672231,169021.0302,1995-01-24,0
5769155,168999.9932,1995-01-03,0
1705728,168988.1009,1995-03-04,0
5773990,168967.4848,1995-01-26,0
2974913,168895.0036,1995-02-16,0
1903808,168881.0502,1994-12-24,0
1072354,168839.9284,1995-01-07,0
4810340,168808.1221,1995-01-09,0
879616,168795.9808,1995-03-04,0
2790755,168699.4056,1994-12-22,0
2657632,168696.2448,1995-02-15,0
3477476,168682.329,1995-02-21,0
3607783,168591.2112,1995-01-31,0
4008231,168566.992,1995-02-09,0
2454309,168564.8216,1995-01-31,0
2514631,168564.8085,1995-02-10,0
4594882,168527.8376,1995-02-23,0
2841120,168494.84,1995-01-24,0
2884038,168475.692,1995-03-04,0
5055552,168466.333,1995-01-02,0
3650084,168406.525,1995-01-27,0
1559813,168312.1735,1995-02-20,0
5371329,168234.441,1995-02-11,0
3708036,168197.91,1995-02-19,0
4430021,168193.7059,1995-03-07,0
4905344,168169.8736,1995-01-25,0
930050,168133.8502,1995-02-16,0
4544771,168029.0171,1995-02-18,0
4613955,168007.0995,1995-01-31,0
503044,167982.4347,1995-01-04,0
4712128,167949.4562,1995-01-24,0
1221633,167865.0215,1995-01-10,0
5983077,167849.3764,1995-03-07,0
4433063,167838.042,1995-03-03,0
2056387,167757.904,1995-02-06,0
5029536,167748.4809,1994-12-13,0
2368871,167723.7384,1995-02-14,0
3017285,167595.684,1995-02-05,0
3969382,167545.2376,1995-01-11,0
468423,167533.4119,1995-02-27,0
401122,167499.9058,1995-02-23,0
839748,167373.9856,1995-02-10,0
4378211,167365.122,1995-01-08,0
2345378,167238.3234,1995-01-17,0
3249506,167180.816,1995-01-07,0
1127394,167134.2432,1995-01-24,0
3613190,167100.4337,1995-02-17,0
4970150,167083.6584,1995-01-08,0
3565953,167049.6064,1995-02-08,0
25188,167035.5646,1995-01-04,0
5017090,167019.73,1995-02-26,0
522791,166988.4446,1995-02-16,0
1045316,166939.401,1995-01-24,0
2283778,166921.7575,1995-01-28,0
5653984,166879.629,1995-02-26,0
2672867,166847.404,1995-01-12,0
594567,166840.809,1995-03-05,0
1795747,166821.1526,1995-03-01,0
2769344,166813.9285,1995-01-16,0
3239015,166785.2702,1995-03-02,0
2661287,166728.3538,1995-02-15,0
1185312,166693.0794,1995-02-19,0
3916198,166674.5696,1994-12-09,0
3858662,166604.9235,1995-03-05,0
3790721,166587.0091,1995-02-26,0
3791459,166343.026,1995-01-31,0
7840,166329.4848,1995-01-09,0
824454,166307.4237,1994-12-09,0
1810179,166304.838,1995-02-15,0
4118821,166297.4172,1995-02-19,0
5345415,166289.6592,1995-01-11,0
2825473,166268.2806,1995-01-11,0
5837798,166239.6218,1994-12-29,0
1365476,166207.786,1995-02-25,0
156229,166164.2974,1995-01-20,0
5226919,166140.0048,1995-02-17,0
5495840,166109.2519,1994-12-30,0
516614,166062.8611,1995-02-27,0
2034084,166003.3736,1995-01-22,0
5480101,165983.4524,1995-01-20,0
4714727,165947.5858,1995-01-21,0
5809888,165929.3971,1995-01-18,0
2219492,165886.8484,1995-03-02,0
2988260,165861.1904,1995-02-12,0
2097190,165846.6106,1994-12-31,0
2259717,165844.4838,1995-02-16,0
1996321,165839.8288,1995-02-09,0
2748384,165794.2173,1995-01-21,0
2069313,165786.2293,1995-01-12,0
1545186,165765.7713,1995-01-03,0
3208643,165711.1714,1995-02-09,0
5112230,165699.2923,1994-12-16,0
1770177,165655.576,1994-12-26,0
1889191,165569.627,1994-12-22,0
5767938,165548.7674,1995-01-06,0
2361539,165527.5028,1994-12-12,0
2000549,165483.976,1995-02-14,0
983972,165465.195,1994-12-27,0
4483814,165433.2484,1995-01-20,0
2924516,165427.1978,1995-02-17,0
2134468,165411.6456,1995-01-05,0
3774534,165345.8569,1995-02-11,0
713829,165338.4791,1995-01-06,0
3231847,165299.7987,1995-02-06,0
5354785,165297.6997,1995-02-10,0
1078816,165282.4268,1995-02-19,0
4424354,165104.117,1995-01-28,0
3200164,165098.1345,1994-12-27,0
1053154,165092.3988,1995-01-06,0
360578,165044.932,1994-12-31,0
5036483,165016.3346,1995-01-29,0
4058465,165006.2712,1995-01-09,0
2031265,164936.4267,1995-01-12,0
4262694,164910.0003,1995-02-28,0
4875555,164881.8292,1995-02-09,0
2588452,164817.8268,1995-01-06,0
4481733,164688.5472,1995-02-01,0
2426853,164660.8847,1995-01-09,0
1241444,164627.0191,1995-01-01,0
82432,164621.8026,1995-03-04,0
5691108,164596.68,1995-02-19,0
3826020,164590.4384,1995-01-14,0
4394663,164568.6602,1995-01-19,0
3097059,164547.004,1995-01-25,0
2034181,164525.262,1995-02-03,0
795875,164503.8692,1995-01-18,0
3232545,164498.135,1995-03-06,0
2683139,164449.3454,1995-02-17,0
612676,164423.1046,1995-01-22,0
989701,164411.3374,1995-02-04,0
4534118,164394.5361,1995-01-21,0
530850,164331.4875,1995-02-15,0
4712419,164330.8611,1995-02-17,0
5511233,164270.4876,1995-01-27,0
2054341,164254.0248,1995-01-21,0
1423685,164249.711,1995-02-22,0
4877798,164237.0457,1995-02-12,0
3116960,164181.7621,1995-02-19,0
5706816,164176.5918,1995-01-08,0
5838274,164142.8835,1994-11-15,0
3274464,164114.9298,1995-02-02,0
3794693,164065.3005,1995-02-05,0
595108,164018.8105,1995-02-23,0
269829,164005.8025,1995-02-24,0
3672994,164000.3144,1995-02-15,0
2991141,163992.915,1995-02-24,0
3725892,163982.3801,1994-12-15,0
246307,163968.756,1994-12-28,0
2636710,163894.4,1995-02-22,0
2550501,163892.9332,1995-02-03,0
164643,163878.909,1995-02-24,0
710341,163853.4937,1995-02-06,0
4442310,163840.0956,1994-12-09,0
5722402,163719.334,1995-01-20,0
2253025,163714.1493,1995-01-29,0
3975076,163706.9288,1995-02-23,0
4107014,163667.9345,1995-02-03,0
81120,163633.8414,1995-02-25,0
282213,163627.9344,1995-02-20,0
167175,163598.6872,1994-12-24,0
1999200,163584.2564,1995-01-01,0
2184004,163561.9364,1995-02-22,0
4851814,163436.5796,1995-02-10,0
2279489,163411.582,1995-02-10,0
4502592,163406.8603,1995-02-13,0
1874436,163368.2559,1995-02-27,0
188804,163362.0651,1995-02-01,0
1015714,163325.8318,1995-02-09,0
5377956,163192.8659,1995-02-18,0
3956546,163119.8514,1995-02-04,0
802983,163023.323,1995-02-28,0
2901793,163019.9254,1995-02-16,0
5275589,162981.0648,1995-01-13,0
1304802,162964.001,1995-01-13,0
1743523,162940.9229,1995-01-09,0
545509,162899.9616,1995-02-09,0
5979584,162823.6826,1995-02-10,0
481536,162776.0514,1995-01-18,0
1594784,162762.6126,1994-12-25,0
2327077,162704.4714,1995-02-06,0
5186341,162652.9973,1995-01-24,0
134627,162599.1236,1994-12-29,0
425825,162471.5587,1994-12-27,0
576739,162420.4361,1995-03-01,0
4332098,162393.9572,1995-02-24,0
4881383,162349.9054,1995-02-24,0
3250051,162342.2808,1995-02-21,0
3190819,162328.0468,1995-02-01,0
2471685,162304.7407,1995-02-01,0
1484225,162144.2817,1995-01-24,0
3610055,162112.288,1995-02-08,0
1583458,162098.4012,1995-02-20,0
3137414,162092.8854,1994-12-15,0
4538594,162053.7726,1994-12-31,0
2653665,162044.5614,1995-01-05,0
3803367,161983.8089,1995-01-30,0
3469251,161969.5638,1995-02-01,0
3392102,161940.333,1995-01-31,0
4649922,161938.5078,1995-03-02,0
3744164,161918.1381,1994-12-27,0
4169637,161883.0515,1995-02-07,0
5091073,161871.8716,1994-12-29,0
5642274,161809.2442,1995-03-03,0
2766693,161762.7892,1995-03-07,0
605729,161757.816,1994-12-12,0
2102149,161730.1692,1995-02-26,0
1172292,161679.936,1995-01-01,0
3158146,161631.2116,1995-02-16,0
5711011,161627.3529,1994-12-30,0
390561,161618.5748,1995-02-16,0
2005956,161561.5322,1995-02-27,0
3022948,161522.3566,1994-12-21,0
1044644,161372.9849,1995-01-03,0
796418,161345.3674,1994-12-24,0
1780065,161324.1922,1995-02-15,0
3599621,161297.4005,1995-03-07,0
5258276,161244.8777,1995-01-31,0
2034244,161232.1823,1995-02-21,0
1712066,161205.3376,1995-02-12,0
2919591,161197.6515,1995-02-01,0
5275652,161140.9597,1995-02-24,0
1754818,161115.324,1995-01-20,0
4901957,161077.5756,1995-02-17,0
2714467,161007.5112,1995-02-15,0
3274374,160962.8769,1994-12-28,0
1081218,160950.7341,1995-02-14,0
5037221,160898.9273,1995-02-09,0
3288192,160869.8208,1995-01-20,0
3011457,160750.074,1995-02-26,0
4228711,160733.8541,1995-01-13,0
5359269,160659.0872,1995-03-03,0
2169508,160555.414,1995-02-20,0
5906981,160515.7772,1995-02-21,0
257095,160504.5431,1995-01-22,0
5329348,160439.1348,1995-01-09,0
2731491,160384.0351,1995-02-19,0
2736868,160377.977,1995-03-03,0
2173056,160350.1378,1995-02-21,0
5337763,160297.5496,1995-01-16,0
2959910,160287.9936,1995-02-27,0
1602373,160255.7672,1995-02-08,0
2423810,160203.2291,1995-02-20,0
5393635,160188.578,1995-01-15,0
4406628,160142.1948,1995-02-04,0
3777856,160138.782,1995-02-02,0
3239137,160103.9071,1995-02-25,0
647269,160077.9594,1995-02-23,0
1958343,160062.6201,1995-02-16,0
1144961,160039.2708,1995-02-18,0
1281824,159923.155,1995-02-15,0
400263,159916.0212,1995-01-31,0
4626951,159794.3043,1995-02-02,0
4308002,159782.2813,1994-12-20,0
4974756,159720.786,1994-12-31,0
1015808,159664.3869,1995-02-28,0
189698,159636.2566,1995-02-04,0
411714,159608.6578,1995-01-16,0
2416390,159599.7658,1995-01-15,0
1613511,159571.0895,1995-01-30,0
5764485,159552.4144,1995-01-01,0
3040455,159392.3084,1995-01-11,0
5713029,159274.9786,1994-12-26,0
701956,159245.2753,1995-01-30,0
4474754,159212.4234,1995-02-16,0
2584516,159210.2028,1995-01-13,0
3448775,159149.342,1995-01-30,0
5446593,159133.8282,1995-03-06,0
4432900,159070.1616,1995-02-04,0
5872226,159056.3358,1994-12-09,0
1334850,159013.3414,1994-12-19,0
354055,158956.1846,1995-02-22,0
5982278,158877.0612,1995-02-02,0
2271072,158869.1772,1995-01-19,0
3241605,158795.3232,1994-12-29,0
355232,158780.5391,1995-03-03,0
5844262,158771.37,1995-01-19,0
4093030,158771.2454,1995-02-07,0
588421,158634.5581,1995-03-03,0
374241,158625.6402,1995-01-16,0
1600135,158612.4072,1994-12-23,0
4705350,158541.2678,1995-02-04,0
4464868,158413.0156,1994-11-27,0
3416801,158265.0837,1995-01-31,0
3245702,158261.082,1995-01-31,0
1947206,158233.8946,1994-12-26,0
4042177,158223.7628,1995-02-20,0
3735527,158216.0832,1994-12-22,0
3494916,158208.9749,1995-01-15,0
2153888,158191.4715,1995-01-14,0
3103874,158185.0388,1994-12-23,0
1708678,158176.3577,1994-12-25,0
4422436,158152.6943,1995-03-07,0
3976388,158116.3446,1995-02-27,0
434117,158114.8432,1995-01-18,0
4667911,158082.999,1995-02-11,0
2117702,158018.3128,1994-12-22,0
4883556,158012.3756,1995-02-01,0
5676322,157993.4688,1995-02-26,0
3709283,157946.6988,1995-02-19,0
3890246,157826.6486,1995-03-02,0
2634112,157799.6828,1995-03-06,0
1037825,157795.7151,1994-12-27,0
949796,157518.1332,1995-02-20,0
2223297,157493.8788,1995-01-25,0
1255911,157432.4334,1994-12-03,0
1241666,157430.6505,1995-02-24,0
377923,157395.6713,1995-02-21,0
4227207,157363.9435,1995-01-04,0
2781252,157363.3254,1994-12-03,0
4214309,157350.3308,1995-03-02,0
5307268,157312.844,1995-01-30,0
772707,157279.4034,1995-02-20,0
2493447,157249.8477,1995-02-27,0
1679010,157202.4917,1995-01-24,0
4881351,157177.4997,1995-02-02,0
4251335,157143.6028,1995-03-05,0
5924069,157126.665,1995-03-03,0
1311717,157100.8205,1995-02-26,0
1030214,157053.3833,1995-01-19,0
2512231,156975.9486,1995-01-07,0
5625990,156929.8462,1995-02-28,0
899072,156909.5035,1995-01-31,0
2061185,156839.5249,1994-12-21,0
46307,156799.232,1995-02-07,0
980258,156739.9271,1995-01-07,0
453696,156715.5858,1995-01-16,0
2461315,156709.6028,1994-12-18,0
2232198,156688.9705,1995-02-24,0
2804483,156656.3868,1995-02-08,0
977988,156649.5626,1994-12-04,0
2453186,156629.279,1995-02-02,0
1822912,156577.9048,1995-01-08,0
702212,156540.8056,1995-01-02,0
4349984,156471.597,1994-12-05,0
4101732,156397.7675,1995-02-24,0
5677350,156377.3494,1995-03-04,0
2761990,156352.6239,1995-03-07,0
4393762,156305.0804,1994-12-09,0
1000967,156301.6025,1995-02-18,0
4062496,156290.6984,1994-12-24,0
5881732,156220.8464,1994-12-22,0
1076101,156195.3144,1995-01-14,0
814245,156189.6833,1995-02-13,0
3744357,156156.6185,1995-01-01,0
5868519,156139.4415,1995-01-01,0
4636583,156131.9456,1995-02-13,0
5138567,156129.2924,1995-01-15,0
789223,156122.7184,1995-01-16,0
5700711,156097.9868,1995-01-07,0
3220614,156059.7274,1994-12-30,0
1469863,156024.3931,1995-03-06,0
3276355,156023.1354,1994-12-28,0
2896898,156012.1699,1995-01-22,0
4383079,155995.5986,1994-12-25,0
3790689,155876.6019,1995-02-20,0
1057767,155851.8104,1995-03-04,0
2488163,155799.9672,1995-02-20,0
781669,155785.9396,1994-12-15,0
1373985,155777.7866,1995-01-26,0
1342213,155769.3512,1995-01-23,0
3275909,155749.751,1995-02-07,0
1884644,155735.6556,1995-02-11,0
3255878,155722.4483,1995-01-06,0
655009,155721.5544,1994-12-07,0
5533536,155714.4275,1995-02-16,0
4592960,155658.5654,1994-11-24,0
2410630,155657.939,1994-12-02,0
1334337,155552.1148,1995-02-07,0
507520,155470.0544,1995-01-22,0
1420480,155410.0126,1995-02-21,0
2780967,155406.4022,1995-03-04,0
4319331,155402.6442,1995-02-15,0
4498211,155381.9926,1995-02-09,0
2423428,155373.6514,1995-02-28,0
3710177,155286.0994,1995-01-09,0
4625155,155264.4219,1995-02-06,0
403268,155215.376,1995-02-06,0
675393,155091.1302,1995-02-23,0
2499394,155071.5715,1995-01-08,0
1085760,155069.738,1995-02-12,0
3713858,155032.2179,1995-03-03,0
4780679,155030.4553,1995-02-24,0
2973473,155013.768,1995-02-19,0
51975,155001.6224,1994-12-19,0
383744,154998.6229,1995-02-02,0
1047585,154991.4296,1994-12-25,0
456385,154951.7558,1994-12-30,0
5449862,154907.6526,1995-03-04,0
1158599,154881.0982,1995-01-28,0
4737059,154878.0525,1994-12-23,0
1059878,154870.8769,1995-02-11,0
823239,154868.6144,1994-12-26,0
5339552,154867.9826,1995-01-12,0
3078757,154809.3001,1995-02-26,0
3899520,154801.9017,1995-02-25,0
469380,154785.2188,1995-01-24,0
61411,154768.0243,1995-02-08,0
3936192,154727.6576,1995-02-13,0
5656322,154723.055,1995-01-16,0
3865350,154708.6908,1995-02-02,0
346944,154696.1776,1995-01-05,0
4995331,154659.9106,1995-01-28,0
2924449,154608.5872,1995-02-06,0
1223746,154603.5614,1995-01-07,0
33824,154560.4182,1995-03-03,0
4244420,154540.5082,1995-01-27,0
867303,154530.438,1995-02-06,0
3551747,154470.035,1995-01-29,0
4749446,154463.1668,1995-01-23,0
1273441,154336.8634,1995-02-18,0
1599365,154318.3485,1995-03-01,0
562663,154291.2843,1995-03-07,0
1243078,154252.985,1995-02-25,0
5771233,154243.2192,1994-12-23,0
589955,154230.4443,1995-01-25,0
2565059,154192.6334,1995-01-05,0
2224773,154177.4685,1995-02-12,0
789541,154158.4849,1994-12-05,0
4958819,154136.7199,1995-01-18,0
2317600,154060.5008,1995-01-30,0
2473190,154041.6434,1995-01-17,0
1174500,154039.464,1995-02-04,0
1694468,154034.9265,1995-03-05,0
2197317,154033.5879,1995-02-15,0
3811524,154001.8154,1995-02-25,0
311876,153966.1106,1994-12-03,0
3650534,153966.08,1995-03-01,0
3102055,153953.1842,1995-01-25,0
4491396,153943.9493,1995-01-27,0
2905060,153873.8451,1994-12-03,0
1684066,153844.2789,1995-01-06,0
822051,153800.258,1995-02-06,0
4259047,153771.152,1995-01-17,0
3635136,153736.4025,1994-12-31,0
3814,153733.9603,1995-02-22,0
3763233,153726.006,1995-02-22,0
2072517,153643.0776,1995-01-31,0
5457312,153611.2445,1995-02-03,0
2263168,153501.1572,1995-01-17,0
2916738,153481.2494,1995-02-20,0
2623522,153472.5049,1994-12-18,0
2915971,153471.1094,1995-02-12,0
5468675,153410.2388,1995-02-12,0
3344929,153386.2068,1995-01-10,0
5923680,153352.2798,1995-02-07,0
3724903,153343.19,1995-01-16,0
2316193,153323.0298,1995-01-31,0
314723,153310.6512,1995-01-25,0
984583,153241.7412,1995-01-10,0
4031846,153220.8045,1995-02-20,0
434176,153195.436,1995-01-13,0
1628770,153186.9596,1995-03-02,0
5134242,153143.1853,1994-12-07,0
4881254,153141.8987,1995-03-05,0
3086944,153085.588,1995-01-31,0
4890436,153063.6277,1995-02-11,0
4565734,153030.2839,1995-01-28,0
5661826,152963.8725,1995-02-19,0
458820,152950.5552,1995-02-12,0
3349764,152939.1659,1995-02-04,0
1125254,152921.781,1995-02-02,0
792839,152816.6362,1995-01-18,0
4030113,152806.143,1995-02-09,0
1785348,152713.7058,1995-01-27,0
2647521,152687.199,1995-01-14,0
5597568,152664.6594,1995-02-09,0
3139492,152651.4282,1995-02-17,0
3717286,152641.38,1994-12-13,0
1017091,152634.0457,1994-12-06,0
2936545,152630.102,1995-02-01,0
1817605,152604.1828,1995-01-25,0
1748356,152595.5528,1995-01-22,0
5315744,152542.4393,1994-12-22,0
5155334,152539.0788,1994-12-21,0
2554849,152521.3865,1995-02-07,0
2062151,152437.8864,1995-01-19,0
2050151,152418.787,1995-01-11,0
3807202,152402.0186,1995-01-13,0
5074274,152385.6436,1994-12-25,0
1215008,152372.808,1995-01-05,0
5793027,152330.4696,1995-03-01,0
5770022,152323.781,1995-02-28,0
1608196,152321.0592,1994-12-24,0
1755074,152300.3416,1995-02-22,0
5754401,152245.7356,1994-12-18,0
4062534,152237.3003,1995-03-01,0
5458278,152199.341,1995-02-14,0
1041856,152152.0813,1995-03-02,0
1146663,152119.4404,1995-02-08,0
4674340,152101.4525,1995-01-16,0
4526336,152030.8134,1994-11-23,0
2750307,151980.729,1994-12-15,0
3364646,151976.4945,1995-02-03,0
4963907,151957.589,1995-03-07,0
3596897,151892.8014,1995-02-04,0
3051110,151889.2788,1995-02-11,0
2551750,151855.5401,1995-01-21,0
2601158,151831.8558,1995-01-14,0
3538853,151812.275,1995-02-14,0
1668992,151800.7284,1994-12-31,0
4856583,151745.4588,1995-02-21,0
5560611,151739.2558,1995-02-22,0
2160965,151734.3209,1995-02-25,0
5093570,151732.2177,1995-02-03,0
5699267,151724.5344,1995-02-11,0
4044743,151722.643,1995-01-26,0
3812036,151713.3878,1995-02-26,0
1587489,151663.8424,1995-02-21,0
2355328,151611.0199,1995-01-22,0
1140611,151605.8821,1995-02-18,0
4462150,151592.666,1995-01-26,0
5217254,151525.9781,1994-12-29,0
2918439,151522.7988,1994-11-28,0
5883782,151488.0585,1995-02-28,0
2254595,151472.9319,1995-01-15,0
4320738,151445.3946,1995-03-01,0
2767264,151436.112,1995-03-03,0
4460930,151293.7337,1995-01-04,0
5958052,151293.5551,1995-01-30,0
810851,151275.5252,1995-03-06,0
5507715,151271.585,1995-01-30,0
2187399,151253.9839,1995-01-13,0
3635553,151177.6548,1994-12-27,0
3972775,151171.4627,1995-02-16,0
3727270,151117.591,1995-02-20,0
2769828,151073.6758,1995-03-05,0
4513189,151070.3256,1995-02-20,0
5939301,151035.5306,1994-12-19,0
3225063,151003.5624,1995-01-02,0
350214,150905.5398,1995-02-04,0
4529441,150895.3884,1995-01-03,0
4242820,150882.037,1995-03-05,0
3811590,150873.7945,1995-01-15,0
3631713,150830.804,1995-01-25,0
3874467,150805.5414,1995-02-06,0
5317731,150743.719,1995-01-09,0
4015814,150712.5202,1995-02-12,0
3054055,150691.7709,1995-01-28,0
2439233,150682.3124,1995-01-31,0
4279682,150659.5512,1994-12-25,0
3622693,150621.5206,1995-02-14,0
5671428,150602.995,1995-01-18,0
2771525,150594.0168,1995-02-24,0
4174945,150591.0726,1995-02-03,0
4760007,150580.7947,1994-12-11,0
3338240,150550.8198,1994-12-16,0
353574,150546.8375,1995-03-03,0
3371138,150531.696,1995-01-31,0
5140007,150495.4077,1995-01-08,0
386885,150492.5244,1995-01-27,0
175494,150458.7602,1995-03-05,0
4455170,150444.8923,1995-02-04,0
2140419,150438.1042,1995-02-18,0
1740544,150434.0114,1995-01-06,0
2323712,150366.3846,1995-01-02,0
2218976,150359.5959,1995-01-29,0
5851523,150296.6381,1995-01-19,0
3386912,150233.4026,1994-12-30,0
1816101,150204.9175,1995-01-19,0
4917346,150188.7008,1995-01-19,0
2871589,150170.6098,1995-02-12,0
872609,150144.8576,1995-02-17,0
559488,150134.6094,1995-01-01,0
2508196,150021.4394,1995-02-10,0
3122948,149946.1606,1995-01-22,0
3751810,149942.2234,1995-02-13,0
2950309,149911.7787,1995-01-31,0
3925218,149891.8572,1995-01-14,0
5512932,149830.7893,1994-12-21,0
5572293,149809.9743,1995-02-13,0
2840998,149791.4586,1995-01-22,0
4347172,149681.2928,1995-02-02,0
52486,149671.6697,1995-01-05,0
3480096,149602.563,1994-12-18,0
4424480,149573.996,1995-02-21,0
5329988,149547.5757,1995-01-29,0
2124293,149485.556,1995-01-02,0
5359878,149481.1188,1995-02-17,0
5788519,149398.6125,1995-02-21,0
2944548,149396.2632,1995-02-01,0
188579,149359.534,1995-02-09,0
4425893,149350.4172,1995-02-13,0
1217794,149302.394,1995-02-27,0
3845479,149200.0264,1995-02-25,0
3125057,149174.8553,1995-02-12,0
351906,149158.6188,1995-02-10,0
3212385,149136.1106,1995-02-09,0
2046469,149085.7272,1995-01-30,0
3074979,149083.2484,1995-01-28,0
3013029,149037.0932,1995-02-01,0
3348608,149032.0556,1995-03-02,0
4939367,149027.9837,1995-02-27,0
135268,149012.7377,1995-02-10,0
3375652,148981.1156,1995-01-31,0
1205472,148942.4707,1995-01-26,0
1486855,148904.4785,1994-12-26,0
1114560,148881.5892,1994-12-13,0
5889030,148874.9958,1995-01-01,0
3449253,148862.3406,1995-02-06,0
724294,148848.2309,1994-12-02,0
4921158,148821.7105,1995-02-04,0
5286848,148795.1607,1995-01-30,0
4852065,148715.2486,1995-01-23,0
16262,148698.7956,1995-01-02,0
1112931,148665.7269,1995-02-12,0
1548418,148577.7126,1995-02-12,0
1115041,148465.5411,1995-02-24,0
4701189,148454.049,1995-02-24,0
2316998,148407.0479,1995-01-04,0
5615136,148406.6952,1995-01-26,0
2738048,148403.8537,1995-01-30,0
2323393,148318.3154,1995-03-03,0
3648992,148283.1292,1995-01-13,0
2372935,148238.3254,1995-02-22,0
3124548,148228.8606,1995-01-17,0
2043462,148180.865,1995-03-02,0
59047,148161.7887,1995-01-29,0
136358,148128.0476,1994-12-31,0
4889571,148119.8828,1994-12-14,0
4300965,148115.828,1995-02-02,0
1507652,148082.5125,1994-12-23,0
3073188,148058.6432,1995-03-02,0
5779110,148020.1662,1995-01-09,0
669120,147997.3264,1995-01-23,0
4259044,147995.9279,1995-03-04,0
2230983,147991.6754,1995-01-18,0
182370,147969.952,1994-12-05,0
2720295,147846.7388,1995-02-16,0
1538336,147725.4662,1995-02-04,0
502855,147723.799,1994-12-26,0
4570944,147687.5738,1994-12-18,0
2424610,147686.2243,1995-03-07,0
5499589,147682.772,1995-01-31,0
347681,147672.7126,1995-02-11,0
332711,147612.5241,1995-03-06,0
4386277,147528.1063,1995-01-16,0
3770791,147525.719,1995-02-28,0
5547365,147485.5279,1994-12-01,0
1172869,147423.5265,1995-02-19,0
4575745,147370.0904,1995-02-09,0
3963104,147351.5405,1995-01-10,0
1846439,147343.5642,1995-03-01,0
4692450,147317.2989,1995-01-08,0
4612449,147303.2475,1994-12-20,0
2126213,147271.1482,1994-12-26,0
4561060,147263.9652,1995-02-25,0
4131425,147244.8664,1995-02-22,0
3523939,147216.8328,1995-01-21,0
1859555,147208.9816,1995-02-19,0
3260807,147204.9208,1994-12-09,0
299813,147138.731,1995-01-29,0
4649699,147117.493,1995-02-11,0
468128,147104.6388,1995-02-03,0
4228610,147062.8377,1995-01-22,0
875011,146949.9777,1995-02-22,0
229891,146927.0269,1995-02-16,0
5785891,146881.9177,1995-01-10,0
3506470,146863.637,1995-02-13,0
5435141,146851.1025,1994-12-20,0
4289702,146816.4769,1995-03-02,0
3823875,146812.899,1995-02-02,0
3098819,146752.9143,1994-12-19,0
663365,146719.7856,1995-01-31,0
1682880,146671.0592,1994-12-11,0
421732,146664.8136,1994-12-14,0
1863072,146596.339,1995-02-06,0
4638368,146531.7534,1995-01-20,0
4664483,146528.662,1995-03-01,0
3382532,146527.368,1995-02-13,0
322439,146526.051,1995-01-04,0
540775,146487.0,1994-11-28,0
5114567,146451.106,1995-02-03,0
1009378,146450.2018,1995-03-03,0
4087681,146405.3754,1995-01-17,0
5439523,146333.9171,1995-02-16,0
5384418,146274.7722,1994-11-26,0
1582947,146261.7372,1995-01-04,0
4275142,146233.1413,1995-03-05,0
2762241,146213.2565,1995-02-08,0
4180581,146158.5944,1995-02-06,0
2134279,146063.1076,1995-01-16,0
1499747,146062.5021,1995-01-22,0
5912417,146060.0616,1995-01-27,0
5543046,146004.8113,1995-01-04,0
4661218,145982.72,1995-02-26,0
3225701,145946.7814,1995-02-24,0
5081058,145935.8737,1995-02-22,0
3247300,145913.5204,1994-12-23,0
3378915,145893.9764,1995-02-22,0
646086,145872.7219,1995-02-28,0
4390631,145867.3372,1995-01-07,0
5925606,145837.649,1995-02-01,0
1559429,145831.5964,1995-02-05,0
4966657,145784.3492,1995-01-13,0
2560837,145773.3063,1995-02-17,0
1866946,145714.7284,1995-02-06,0
2701348,145707.9981,1995-02-11,0
2486053,145692.9116,1995-02-28,0
4094017,145644.3781,1995-02-18,0
1022370,145633.6321,1994-12-21,0
5819874,145625.8618,1995-03-05,0
4943075,145612.0764,1995-02-04,0
5285511,145554.1996,1995-01-24,0
2543910,145547.5482,1995-01-31,0
5929696,145545.4935,1994-12-24,0
5546343,145445.534,1995-02-21,0
1292004,145429.2144,1994-12-03,0
214720,145356.1847,1994-12-22,0
328674,145354.3042,1995-01-19,0
3535491,145300.5078,1995-02-13,0
300868,145238.6497,1995-02-16,0
1958855,145228.9949,1995-02-23,0
4212418,145208.4471,1995-02-23,0
5276576,145189.4036,1995-02-07,0
4803781,145166.9009,1995-03-05,0
2355521,145012.86,1995-02-08,0
396611,145004.554,1995-02-13,0
3297379,144972.0198,1994-12-27,0
1139909,144957.8312,1995-01-11,0
5644130,144936.549,1995-02-11,0
4054944,144932.0879,1995-02-16,0
2333316,144927.846,1995-02-11,0
2802433,144853.7876,1995-02-17,0
3330752,144830.084,1995-02-11,0
1050691,144759.3372,1994-12-28,0
5674790,144741.8308,1995-01-14,0
2161762,144717.3684,1994-12-31,0
3446560,144701.6935,1995-01-31,0
1712453,144645.4596,1995-03-03,0
5788902,144605.0386,1995-03-04,0
2581728,144602.637,1995-01-08,0
3898851,144579.3312,1995-02-27,0
3983809,144515.0018,1995-01-26,0
4856163,144491.2042,1995-01-22,0
3996930,144487.63,1995-01-12,0
2205094,144477.1825,1995-02-11,0
4622180,144474.2865,1995-02-08,0
659620,144395.1882,1994-12-21,0
5622979,144382.5207,1994-12-16,0
4734343,144366.8489,1995-01-21,0
5389606,144363.2018,1995-02-17,0
5234502,144358.765,1995-02-03,0
909666,144337.2974,1995-02-07,0
1150949,144277.0196,1995-01-21,0
1566626,144256.7703,1995-02-18,0
5445222,144251.7886,1994-12-06,0
3190464,144233.2305,1994-12-20,0
3081988,144216.5407,1995-02-19,0
1415489,144208.0719,1995-01-17,0
4562116,144203.845,1995-02-25,0
3677024,144159.7238,1995-01-04,0
1846470,144038.7188,1995-01-17,0
3092387,144028.0484,1995-01-28,0
1088322,143986.614,1995-01-16,0
798336,143925.4365,1995-02-26,0
2249474,143910.4781,1995-02-09,0
4328608,143901.104,1995-01-22,0
2137157,143894.3934,1995-01-13,0
1077280,143889.421,1995-02-27,0
2161026,143885.7,1994-11-26,0
1524614,143839.4662,1995-01-19,0
4222306,143819.8768,1994-12-02,0
4333632,143801.9303,1995-01-17,0
5624323,143752.4358,1995-01-27,0
1200679,143748.1472,1995-01-23,0
3757729,143730.4086,1995-01-22,0
4641729,143715.9896,1994-12-25,0
2229126,143672.1848,1995-01-15,0
3952901,143473.4202,1995-01-22,0
989408,143461.665,1995-01-05,0
1531170,143438.3481,1995-01-24,0
954240,143426.6944,1994-12-24,0
1859618,143425.2477,1995-01-31,0
4723429,143415.9112,1995-02-09,0
293507,143361.6726,1995-02-15,0
5469668,143360.5123,1994-12-24,0
1901671,143354.0148,1995-02-11,0
4710753,143353.849,1995-01-30,0
5316324,143307.0167,1995-02-12,0
213888,143301.4966,1995-01-26,0
4214273,143294.5956,1995-02-22,0
1462144,143291.5652,1995-02-01,0
4001223,143265.9024,1995-01-20,0
179780,143235.5473,1995-02-22,0
1739685,143171.674,1995-03-05,0
2379331,143149.1546,1995-01-31,0
4946467,143109.6918,1995-01-23,0
2866789,143021.7896,1994-12-16,0
559297,143009.4068,1995-02-13,0
4840035,142988.6445,1995-01-15,0
4794663,142954.974,1995-02-19,0
1849159,142915.0904,1995-01-19,0
335428,142856.2511,1995-02-10,0
1675328,142837.9713,1995-02-24,0
5092262,142837.4128,1995-01-17,0
593509,142812.1316,1995-02-20,0
700870,142756.091,1995-02-16,0
23426,142749.8373,1995-02-17,0
1690372,142723.3116,1995-01-21,0
3152224,142673.2512,1995-01-25,0
2891968,142635.6918,1995-01-01,0
1279143,142590.129,1995-02-25,0
1859460,142578.8472,1994-12-07,0
5415302,142534.3972,1995-02-07,0
497024,142480.2148,1995-02-10,0
3653063,142469.652,1995-02-24,0
5004997,142462.3534,1994-12-28,0
4418208,142456.7058,1994-12-25,0
2826150,142436.7565,1994-12-09,0
3330721,142398.3516,1994-12-25,0
2318787,142379.8256,1995-01-13,0
3477186,142366.232,1995-02-16,0
5279649,142316.3696,1995-02-08,0
2338882,142270.9844,1995-02-11,0
4062054,142266.651,1995-03-02,0
2200263,142264.4432,1994-12-24,0
2700641,142217.6468,1995-01-05,0
4326944,142200.8179,1994-12-27,0
5635460,142181.0621,1995-01-15,0
309350,142150.7188,1995-02-17,0
5791904,142143.5086,1995-02-07,0
5996134,142142.4552,1995-02-28,0
212902,142135.7284,1995-01-05,0
3665063,142133.5248,1995-01-31,0
4509030,142132.5076,1995-02-22,0
5742083,142128.4293,1995-02-17,0
457859,142123.6744,1995-01-17,0
583872,142100.5016,1995-03-04,0
3544932,142068.2787,1995-01-28,0
5024773,142039.6968,1995-02-16,0
4845733,142034.5122,1995-02-22,0
397829,141971.2584,1995-02-22,0
2374112,141959.5506,1995-01-31,0
4116967,141892.1288,1995-01-25,0
5600742,141881.0067,1995-01-16,0
5567749,141870.7092,1995-01-09,0
4031975,141868.5355,1995-01-02,0
911270,141861.5703,1994-12-29,0
5573029,141857.1087,1995-01-24,0
2020420,141838.2752,1995-01-30,0
947878,141823.5597,1995-02-17,0
1646849,141814.0574,1995-01-04,0
3919494,141794.1321,1995-01-25,0
3324227,141785.5565,1995-02-04,0
3320455,141762.147,1995-02-13,0
4218276,141761.7908,1995-01-23,0
4237735,141746.2822,1995-02-09,0
4655522,141723.3132,1995-01-26,0
4923936,141715.1344,1995-01-31,0
3309477,141711.8924,1995-02-09,0
1796038,141708.8757,1995-01-17,0
3765799,141703.4572,1994-12-19,0
3068006,141671.2204,1994-12-31,0
2746086,141604.081,1994-12-31,0
1213825,141588.4608,1995-03-04,0
208711,141525.8025,1995-03-02,0
5467043,141491.551,1995-01-03,0
819879,141442.816,1994-12-04,0
4709409,141433.238,1995-01-23,0
4407075,141422.1412,1995-02-17,0
2394854,141393.813,1995-02-01,0
3390692,141386.6238,1994-12-19,0
4245061,141302.2908,1994-11-11,0
1857988,141277.7554,1995-01-19,0
3812420,141277.271,1995-03-05,0
2220261,141224.2389,1995-02-21,0
3502308,141219.3392,1995-02-14,0
3132739,141187.737,1995-01-19,0
676128,141176.9568,1995-01-31,0
5267079,141138.879,1995-02-08,0
4716227,141120.7093,1995-01-14,0
2397857,141088.985,1995-02-10,0
4654625,141080.0869,1995-01-06,0
5163585,141069.4042,1995-02-27,0
4513984,140961.4335,1995-02-11,0
1219651,140908.5176,1995-01-21,0
5419875,140888.6581,1995-02-23,0
4757317,140887.8208,1995-01-31,0
2135233,140807.9062,1995-01-07,0
4815329,140775.461,1995-01-13,0
1144034,140738.0826,1995-02-08,0
5341255,140720.6741,1995-01-23,0
3332096,140685.033,1995-01-22,0
2385184,140648.4272,1994-12-17,0
2254981,140632.7018,1995-02-28,0
5828576,140614.5792,1994-12-03,0
2594211,140612.4342,1995-02-12,0
5403174,140593.0595,1995-02-19,0
2730854,140588.2024,1995-02-10,0
2349507,140587.1593,1995-02-16,0
3416677,140587.0816,1995-01-18,0
3881121,140585.0196,1995-01-27,0
955940,140531.9704,1995-02-19,0
2588677,140530.737,1995-01-12,0
2684583,140529.3224,1994-12-23,0
5845863,140506.9094,1995-02-07,0
5842822,140458.0032,1995-01-21,0
19365,140452.386,1995-01-17,0
852996,140447.6427,1995-01-27,0
3065600,140433.3009,1995-02-26,0
1466273,140390.6372,1995-01-31,0
5709312,140390.0834,1995-02-04,0
5771654,140342.594,1995-02-22,0
1911554,140304.8399,1995-03-04,0
4133345,140299.8919,1995-01-14,0
5164642,140273.5274,1995-01-15,0
1701952,140266.8703,1995-02-03,0
5884646,140213.1154,1995-02-20,0
2047622,140194.243,1995-01-14,0
3412192,140176.8112,1995-02-15,0
2786915,140153.029,1995-02-19,0
4270849,140113.664,1995-01-26,0
4360354,140066.522,1994-12-14,0
3481541,140060.8224,1995-01-28,0
5592387,140056.2907,1995-01-06,0
1058533,140015.249,1994-12-30,0
3160741,140015.0536,1995-02-23,0
19780,139996.1388,1995-02-05,0
1633314,139938.1536,1995-01-19,0
3388801,139883.9975,1995-02-14,0
933860,139875.6927,1995-02-21,0
4727362,139838.3672,1995-02-06,0
536035,139829.3788,1995-02-05,0
2819015,139808.9532,1994-12-13,0
2553954,139808.3662,1995-02-17,0
3735108,139748.8509,1995-03-02,0
3104100,139717.3728,1995-02-10,0
4010049,139700.1126,1995-02-23,0
2800577,139604.9499,1995-01-12,0
4532195,139562.6979,1995-01-14,0
545762,139558.3181,1995-02-24,0
4510497,139439.9688,1995-01-25,0
1106400,139435.5876,1995-03-04,0
2384608,139431.8586,1995-02-06,0
793031,139429.3695,1995-02-15,0
2633313,139413.6355,1995-02-25,0
4119745,139343.1767,1995-02-28,0
1032544,139328.988,1995-01-20,0
5449382,139292.3198,1995-01-31,0
5536161,139268.2179,1995-03-02,0
393634,139226.9261,1995-01-26,0
2102791,139212.6912,1995-03-02,0
750754,139194.4424,1995-02-17,0
2096419,139181.658,1995-01-11,0
1182371,139171.8026,1994-12-30,0
5540582,139161.6947,1995-02-27,0
5945665,139139.7015,1995-01-16,0
4210657,139132.1241,1995-01-20,0
4200322,139113.1335,1995-03-05,0
4570277,139106.6336,1995-02-06,0
4528455,139092.39,1995-02-07,0
5028160,139080.1144,1995-01-23,0
4725731,139074.4729,1995-02-20,0
1777859,139063.3689,1995-02-25,0
3397668,139062.699,1995-02-25,0
1995778,139028.8776,1995-02-28,0
5477669,138957.912,1995-02-02,0
3935200,138953.9619,1995-02-26,0
3556547,138898.9124,1995-02-28,0
1837026,138891.5793,1995-02-27,0
3410592,138880.1022,1995-03-05,0
4442464,138839.788,1995-01-10,0
337606,138836.996,1995-01-26,0
4369189,138826.6468,1995-02-02,0
5953184,138764.5408,1995-01-14,0
1280935,138737.0847,1995-01-04,0
2117350,138728.274,1995-01-29,0
5131552,138719.5558,1994-12-22,0
884647,138711.5034,1995-02-26,0
4639236,138594.389,1995-01-17,0
2355873,138586.8593,1995-01-15,0
1389925,138574.776,1995-02-25,0
1993698,138438.121,1995-01-06,0
514560,138426.3127,1994-12-26,0
3822311,138352.1587,1995-02-19,0
2129223,138331.8828,1995-03-01,0
955556,138321.1917,1995-01-23,0
1552740,138294.5528,1995-03-04,0
2063169,138268.1159,1994-12-06,0
4557794,138264.0836,1995-02-12,0
3564992,138258.7739,1995-01-18,0
1919715,138225.0096,1995-02-15,0
1719554,138193.1468,1995-02-06,0
1859652,138188.68,1995-01-29,0
4884224,138182.0883,1995-02-27,0
503270,138167.9732,1994-12-15,0
5860357,138143.1432,1995-02-13,0
2395074,138132.9018,1994-12-20,0
5361411,138128.0635,1995-02-19,0
162535,138109.9616,1995-01-25,0
5240772,138096.5729,1995-02-01,0
239876,138092.7506,1995-01-09,0
2966662,138068.9458,1995-02-16,0
2148582,138041.6312,1995-01-01,0
941923,138029.017,1995-01-28,0
262533,138024.7644,1995-02-23,0
2884163,137935.3904,1995-02-13,0
241509,137888.1026,1994-12-25,0
5671589,137886.0762,1995-01-28,0
4978599,137868.1708,1995-01-26,0
3088934,137846.5863,1994-12-20,0
564000,137838.0644,1995-01-25,0
1954977,137792.3625,1995-02-05,0
1745607,137785.8036,1995-02-02,0
3259267,137750.7957,1995-03-04,0
2277825,137728.2842,1995-01-03,0
5643009,137708.7923,1995-02-17,0
4954599,137703.02,1995-02-10,0
5345445,137547.802,1994-11-27,0
4059687,137534.1802,1995-01-22,0
3098691,137519.884,1995-01-14,0
3438503,137473.3136,1995-03-07,0
3579171,137472.3689,1994-12-30,0
1650656,137420.8257,1995-02-13,0
4313474,137407.9616,1994-12-25,0
5328928,137382.1736,1995-03-03,0
5838081,137364.839,1995-01-11,0
4617573,137361.3944,1995-02-22,0
2244737,137347.7433,1994-12-28,0
2123200,137292.8172,1995-01-02,0
1030884,137253.8411,1995-01-28,0
4812132,137253.1992,1995-03-01,0
2938560,137173.9028,1995-02-06,0
408448,137098.3582,1995-02-23,0
546466,137030.9888,1995-02-03,0
5955074,136964.3126,1995-02-07,0
4639588,136945.0734,1995-02-22,0
5118338,136885.4666,1995-02-14,0
5798468,136878.3639,1995-01-13,0
4692419,136846.3002,1994-12-26,0
4364099,136773.5564,1995-02-21,0
5149792,136767.9884,1995-01-18,0
2604901,136699.6556,1995-02-28,0
3815140,136682.0076,1995-01-06,0
418657,136681.3546,1995-02-08,0
3062535,136677.0292,1994-12-30,0
2297635,136676.155,1995-02-03,0
531397,136658.1646,1995-02-11,0
4951750,136623.278,1995-02-10,0
2384838,136606.4283,1994-12-31,0
2060869,136559.1119,1995-01-09,0
2529670,136557.8004,1995-02-26,0
2016004,136542.2046,1995-01-18,0
5038915,136533.6006,1995-01-25,0
3757382,136487.3359,1995-02-08,0
392901,136396.9074,1995-02-26,0
3812679,136391.6768,1995-01-30,0
2442535,136380.5554,1995-01-03,0
232487,136357.306,1995-02-11,0
5820070,136339.8748,1995-01-11,0
2253027,136324.4157,1995-02-18,0
1697155,136312.2473,1995-02-17,0
5161057,136219.8796,1995-01-05,0
21639,136129.1387,1995-02-03,0
2091042,136092.8253,1994-11-27,0
403814,136090.8376,1994-12-30,0
4558146,136060.1748,1995-02-01,0
2019973,136048.6272,1994-12-14,0
5763168,136035.594,1995-01-28,0
473062,136011.3916,1995-03-07,0
3383458,135937.0096,1995-01-02,0
1048902,135918.4299,1995-01-09,0
280321,135898.301,1995-01-14,0
5202816,135891.1544,1995-02-26,0
4779267,135875.9989,1995-02-18,0
5560897,135862.0196,1995-02-07,0
1599366,135843.6163,1995-02-24,0
3642370,135843.2504,1995-02-20,0
3472065,135836.2498,1994-12-22,0
1245696,135823.788,1995-02-08,0
5076226,135822.5099,1995-01-04,0
3853124,135821.6203,1995-02-11,0
2004582,135818.4914,1994-12-24,0
1486626,135814.869,1995-02-22,0
1224032,135769.4118,1995-01-11,0
942183,135764.3802,1994-11-21,0
5894948,135739.753,1995-01-12,0
4179553,135694.0698,1995-02-15,0
2844896,135683.6513,1995-01-07,0
1387457,135652.4408,1995-02-04,0
2163557,135643.3536,1994-12-29,0
2953959,135620.0876,1995-01-20,0
332993,135601.4678,1995-01-07,0
5452802,135569.7228,1995-01-17,0
4571075,135558.964,1995-02-05,0
603265,135518.3326,1995-01-28,0
27811,135506.9888,1995-03-05,0
867233,135477.5423,1995-03-05,0
1332807,135468.8652,1994-12-26,0
2150144,135457.3146,1994-12-26,0
4158373,135456.4462,1995-01-31,0
4293825,135453.1888,1995-01-16,0
2560709,135423.4002,1995-01-26,0
5623268,135415.3946,1995-03-05,0
5088352,135385.3344,1995-01-15,0
380514,135378.3904,1995-02-11,0
2770529,135356.2926,1995-02-26,0
3715174,135316.7782,1995-02-01,0
2825221,135271.0591,1995-02-08,0
2262560,135171.1564,1995-01-13,0
4448832,135169.914,1995-03-04,0
3244482,135151.533,1995-01-17,0
1256096,135127.949,1995-02-21,0
1028293,135105.518,1995-01-18,0
4536291,135078.8261,1995-01-22,0
4514241,134993.6674,1995-02-22,0
2433954,134979.8663,1995-02-07,0
3927845,134968.704,1995-01-04,0
4870208,134922.9584,1995-01-25,0
1370663,134888.3649,1995-03-03,0
849313,134833.8078,1995-02-12,0
5576390,134710.769,1995-02-05,0
876804,134672.5584,1995-01-14,0
2617831,134668.9702,1995-01-11,0
5558176,134619.6744,1995-03-06,0
1101509,134607.2549,1994-12-13,0
4425857,134596.5878,1995-01-17,0
2752006,134552.5392,1995-02-07,0
3127650,134548.8954,1994-12-29,0
4015205,134528.4414,1995-02-19,0
908739,134492.7508,1995-02-11,0
5121511,134480.8994,1994-12-05,0
4853186,134475.653,1995-01-05,0
723232,134459.254,1995-01-22,0
4869986,134430.084,1994-11-23,0
5635906,134396.8548,1995-01-18,0
5452993,134372.3765,1995-01-06,0
5811303,134313.1819,1995-01-24,0
5533186,134312.4657,1994-12-13,0
3200130,134306.1749,1995-02-26,0
659683,134298.0982,1995-02-24,0
3322405,134269.8298,1995-02-07,0
2749282,134261.4868,1995-02-14,0
4388197,134208.4647,1995-02-11,0
733639,134194.5993,1995-01-01,0
4029473,134176.6675,1995-01-19,0
4100870,134142.2807,1995-02-10,0
840707,134137.6729,1994-12-26,0
1840388,134064.7132,1995-02-09,0
3643392,134059.9951,1995-01-24,0
2561440,134046.3168,1995-01-30,0
1462949,134034.326,1994-12-24,0
5029702,134021.4092,1995-02-05,0
2463713,134014.915,1995-03-03,0
985665,133932.68,1995-02-07,0
4543749,133932.429,1995-03-05,0
4078692,133893.7716,1995-02-18,0
1435330,133879.7427,1995-01-08,0
5567845,133838.7284,1994-12-22,0
1241188,133825.4216,1995-01-16,0
3529190,133694.2854,1994-12-30,0
5895812,133682.238,1995-01-23,0
650566,133673.3956,1995-02-05,0
442694,133667.3026,1995-03-04,0
2555526,133663.8019,1995-01-08,0
524806,133583.9784,1995-02-11,0
1090530,133581.4479,1995-01-07,0
2012000,133573.718,1995-02-12,0
3457920,133565.3448,1995-02-05,0
4926950,133549.024,1994-12-23,0
1086438,133541.7665,1995-02-28,0
4319527,133515.2108,1994-12-24,0
1197057,133469.1443,1995-01-29,0
2942625,133448.9916,1994-12-19,0
11617,133448.9164,1994-12-11,0
4303107,133439.8063,1995-03-06,0
321699,133438.6876,1995-01-30,0
1315846,133404.3624,1995-03-02,0
2636518,133400.765,1994-12-20,0
5608192,133394.5428,1995-01-20,0
3819171,133342.7549,1994-12-14,0
1967079,133308.6328,1995-03-07,0
2693859,133287.7043,1995-01-13,0
5845831,133274.3193,1994-12-26,0
352005,133244.4165,1995-01-16,0
4627716,133214.0336,1995-01-19,0
2790208,133209.9393,1994-12-31,0
259461,133203.3631,1995-02-18,0
3378820,133199.9986,1995-02-01,0
3452995,133191.737,1995-03-02,0
4735841,133160.4663,1995-02-23,0
2364257,133156.77,1994-12-19,0
4655875,133120.7406,1995-01-17,0
2664386,133101.558,1995-01-31,0
3934851,133082.2446,1995-02-16,0
1788419,133080.3717,1995-01-28,0
722373,133077.4694,1995-01-17,0
5486085,133054.999,1995-02-13,0
3488804,133027.7652,1995-02-21,0
2080962,132999.5625,1995-02-11,0
385542,132984.0457,1995-03-04,0
5057957,132952.005,1995-02-28,0
362757,132926.2838,1995-01-25,0
1106689,132912.9918,1995-01-08,0
2546659,132897.106,1995-02-08,0
557060,132848.4184,1994-12-30,0
960961,132842.223,1995-02-15,0
4439136,132835.5684,1995-01-05,0
1501926,132801.2053,1995-02-05,0
4537088,132789.4678,1995-02-28,0
3428677,132777.4317,1995-01-04,0
1113891,132759.7498,1995-02-01,0
1043491,132704.6002,1995-03-06,0
5869732,132703.9998,1995-01-19,0
3677351,132700.6832,1995-02-17,0
1517831,132645.8619,1995-02-01,0
2706791,132571.703,1994-11-22,0
2919205,132567.574,1995-01-04,0
3960293,132565.9967,1995-01-30,0
2289830,132544.0767,1994-12-28,0
3568608,132482.4796,1995-02-17,0
3181735,132468.6892,1994-11-30,0
5411557,132466.0308,1995-01-11,0
290115,132455.2384,1995-01-05,0
3349191,132432.4512,1995-01-14,0
2657127,132373.0234,1995-02-21,0
1693153,132343.2219,1995-01-28,0
2897730,132338.1329,1995-01-17,0
617472,132330.0825,1995-03-03,0
3039303,132324.9888,1995-03-07,0
2827750,132311.5519,1994-12-31,0
5001250,132294.977,1995-02-07,0
5327584,132244.6869,1994-12-29,0
1627296,132239.0125,1995-02-13,0
4791972,132215.7829,1995-01-12,0
4703074,132184.7847,1995-02-13,0
516224,132184.479,1995-03-05,0
4243365,132180.6945,1995-02-10,0
5779398,132161.8988,1995-02-12,0
705956,132118.5928,1995-01-16,0
5087746,132113.7707,1994-12-11,0
5143170,132091.04,1994-12-09,0
3898464,132082.0966,1995-02-26,0
295842,132072.856,1995-01-01,0
3071589,132050.7015,1995-02-24,0
168070,132041.6378,1995-02-22,0
63456,132019.6868,1995-01-05,0
727141,132000.0308,1994-12-05,0
1978786,131969.4752,1994-12-17,0
21442,131961.7772,1994-12-26,0
2166147,131956.1823,1995-02-20,0
5942407,131932.7973,1995-03-02,0
1055936,131913.0898,1995-01-21,0
1179558,131881.8339,1995-01-22,0
3211169,131878.1692,1995-02-28,0
986437,131862.316,1995-02-20,0
1312865,131831.0362,1995-02-06,0
720934,131815.2724,1995-02-15,0
276641,131781.9594,1995-02-17,0
5862658,131740.1016,1995-02-11,0
1312675,131720.8376,1995-01-18,0
5783008,131702.6116,1995-02-25,0
4532293,131684.4969,1995-02-12,0
2082759,131680.275,1995-01-23,0
2295940,131650.8567,1995-02-23,0
3493254,131626.8836,1995-01-13,0
2745671,131621.8702,1995-03-04,0
2451749,131584.7207,1995-02-09,0
4298980,131558.7455,1994-12-22,0
5469414,131555.04,1995-01-12,0
4487460,131543.4168,1995-02-04,0
5735109,131538.125,1995-03-01,0
3722851,131520.4232,1995-02-09,0
120677,131506.6196,1995-01-28,0
4914471,131490.3661,1995-02-02,0
5337250,131485.6455,1995-01-25,0
529924,131414.1557,1995-02-06,0
3407492,131411.5802,1995-02-10,0
4645254,131280.57,1995-01-16,0
4731617,131260.7828,1995-01-27,0
147622,131258.0316,1995-01-23,0
3330560,131174.3265,1995-01-27,0
1184549,131169.09,1995-02-17,0
2680771,131164.749,1995-03-05,0
5512709,131073.521,1995-02-19,0
5183173,131071.3392,1995-01-08,0
501796,131065.5404,1994-12-31,0
2088000,131064.234,1995-01-06,0
2191331,131056.3843,1995-01-14,0
1568608,131043.0344,1995-02-04,0
5088929,131026.6856,1995-02-20,0
1604615,130993.557,1995-02-01,0
5725287,130990.6242,1995-02-04,0
4877380,130977.0463,1995-01-16,0
937603,130970.4946,1994-12-24,0
2995648,130970.3501,1995-01-31,0
1349958,130863.926,1995-01-19,0
4669025,130852.7333,1995-03-02,0
908996,130817.9322,1995-01-07,0
3650215,130817.2371,1995-02-13,0
814272,130808.6636,1995-02-09,0
721860,130783.3034,1995-02-07,0
1291844,130752.5068,1995-01-05,0
2691874,130748.424,1995-03-07,0
1367488,130743.0176,1994-12-29,0
842246,130665.8994,1995-01-12,0
218948,130598.6244,1995-01-25,0
1477926,130596.2752,1995-01-15,0
3644551,130560.8985,1994-11-22,0
2232960,130549.8092,1995-01-30,0
4095235,130521.1579,1995-02-21,0
3744071,130516.2057,1995-02-01,0
3279205,130460.397,1995-02-02,0
3997127,130444.834,1995-02-27,0
4141030,130440.3706,1995-02-20,0
4938695,130427.1556,1995-02-14,0
3532038,130422.9253,1995-02-21,0
3355268,130402.9244,1995-01-23,0
2292099,130396.876,1995-03-04,0
4526050,130290.888,1995-03-05,0
1062466,130275.4492,1995-01-10,0
3948321,130274.965,1995-01-10,0
3146855,130224.0446,1995-02-01,0
2814819,130200.526,1995-02-26,0
1347169,130192.8864,1995-01-07,0
1756930,130192.412,1995-01-15,0
872099,130185.8914,1995-03-04,0
865060,130163.0633,1995-01-18,0
50208,130119.9616,1995-01-23,0
5594560,130109.0966,1994-12-16,0
5074432,130062.2136,1995-02-28,0
3809379,130036.736,1994-12-18,0
1978692,129984.2472,1995-01-05,0
3122179,129973.0978,1995-01-03,0
5462852,129919.8306,1995-01-11,0
464353,129861.662,1995-02-22,0
2678375,129844.1612,1995-03-04,0
150848,129832.956,1995-01-25,0
2507811,129816.7638,1995-01-01,0
4632227,129793.3388,1995-01-25,0
3883750,129783.2402,1994-12-21,0
2059942,129778.7927,1995-01-09,0
4601508,129773.5128,1995-02-17,0
5598083,129734.1636,1994-12-23,0
861029,129724.6392,1995-02-02,0
5667366,129709.336,1995-01-11,0
1721893,129677.675,1995-02-22,0
2013376,129590.0319,1995-03-07,0
2839111,129491.2296,1995-01-28,0
5391621,129463.2254,1994-12-27,0
2303009,129452.7919,1995-01-15,0
4826241,129443.8942,1995-02-09,0
131303,129434.2052,1994-12-08,0
4270502,129432.0696,1995-01-10,0
5220257,129421.4514,1995-03-04,0
4974754,129408.9062,1995-03-02,0
2767847,129385.0591,1995-01-22,0
1820675,129354.1881,1995-01-11,0
491556,129336.5448,1995-02-17,0
1369731,129250.5962,1995-02-14,0
4140677,129250.3512,1995-02-04,0
1843366,129193.1518,1995-02-25,0
2606852,129182.5621,1995-01-21,0
4755937,129178.5318,1995-02-17,0
425600,129169.6751,1995-01-12,0
3871201,129160.6604,1995-01-25,0
5791270,129153.4227,1995-02-06,0
518854,129115.9187,1995-02-02,0
2029377,129076.2608,1994-11-20,0
3151168,129048.4968,1995-02-19,0
2758722,129040.8003,1995-02-13,0
324641,129038.3721,1995-01-12,0
2764512,129014.0597,1994-12-09,0
1950340,129003.2615,1995-01-23,0
4630949,128975.7337,1995-03-03,0
457056,128933.5446,1995-01-03,0
5197287,128927.2626,1994-12-24,0
1385984,128916.9595,1995-01-24,0
5849380,128905.976,1995-02-07,0
4064194,128904.0674,1995-01-06,0
1904867,128897.2476,1994-12-20,0
1789632,128887.687,1995-01-20,0
3456836,128883.483,1995-02-12,0
378145,128843.96,1995-01-24,0
4430919,128823.0753,1995-02-26,0
1731010,128755.2479,1995-01-31,0
5368453,128728.3372,1995-02-07,0
4319748,128719.6191,1995-01-14,0
5713957,128703.3862,1995-01-01,0
5038211,128694.3423,1995-03-05,0
3835521,128689.4217,1995-02-16,0
5264161,128676.612,1995-01-08,0
692677,128634.6861,1995-01-26,0
2951526,128572.8585,1995-01-20,0
4998566,128564.1343,1995-01-30,0
3018432,128563.8839,1995-01-08,0
3815429,128556.5609,1995-02-26,0
2889123,128526.1581,1995-01-30,0
501505,128503.4842,1994-12-14,0
3250305,128428.5074,1995-02-09,0
1265505,128423.537,1995-02-23,0
3602787,128414.1056,1994-12-04,0
3824387,128406.7656,1995-01-25,0
5295521,128398.0847,1995-01-22,0
1896743,128370.4629,1995-02-19,0
2834336,128366.8512,1995-01-01,0
5692996,128343.3138,1995-02-11,0
3250790,128309.7198,1995-02-07,0
4625216,128254.5927,1995-02-09,0
2928772,128238.8839,1995-01-28,0
3949729,128228.9777,1995-01-10,0
3214341,128182.737,1995-02-17,0
5400230,128173.6497,1995-03-06,0
4556768,128131.0408,1994-12-22,0
3457796,128094.6935,1995-02-16,0
3357601,128092.3645,1994-12-29,0
2888039,128036.73,1995-01-17,0
3275015,128030.0484,1995-01-09,0
1912579,128020.896,1995-01-08,0
4973351,127985.9086,1995-01-12,0
4530883,127892.6631,1994-12-13,0
5164802,127846.5044,1995-03-06,0
4345443,127831.0244,1994-12-08,0
638083,127791.9216,1995-02-20,0
229639,127784.618,1994-11-26,0
1584451,127782.1968,1994-11-25,0
1969861,127779.2118,1995-01-17,0
2979616,127775.2024,1995-03-07,0
3633219,127737.4688,1995-02-26,0
308611,127713.8754,1995-02-09,0
756260,127676.1236,1995-01-06,0
3486564,127646.1626,1995-02-15,0
2606021,127643.3812,1995-01-20,0
5404994,127638.3238,1995-01-01,0
2422948,127632.4376,1995-02-02,0
5848006,127625.2903,1995-03-07,0
1976613,127586.0606,1995-02-05,0
5348385,127583.2156,1995-03-02,0
308355,127552.7742,1994-12-11,0
2750023,127544.3288,1994-12-21,0
5489702,127532.7986,1995-02-26,0
4642276,127484.7332,1995-01-27,0
1159843,127473.2759,1995-03-03,0
5074978,127452.3697,1994-12-18,0
2627745,127383.0754,1995-02-18,0
5469030,127375.551,1995-01-21,0
2361504,127317.5756,1995-02-10,0
5179812,127302.7244,1994-12-08,0
944388,127294.8447,1995-01-30,0
4170690,127239.5388,1995-02-02,0
5453507,127230.8904,1995-01-03,0
487845,127210.805,1995-01-24,0
1483138,127146.9475,1995-02-12,0
724869,127137.2381,1995-02-26,0
5672135,127103.3522,1995-02-25,0
5321989,127100.76,1995-01-06,0
1266977,127069.446,1995-01-26,0
1683268,127039.7576,1995-01-22,0
1326625,127028.897,1995-02-28,0
3748961,127013.056,1995-02-03,0
1009286,127012.667,1994-11-21,0
1010822,127001.5185,1994-12-10,0
3415943,126997.576,1995-02-07,0
5512966,126989.5052,1995-02-17,0
2015973,126964.3567,1995-02-10,0
3695271,126922.8651,1995-01-14,0
2344996,126912.4915,1995-01-30,0
178311,126870.6822,1995-02-04,0
3737474,126852.8332,1995-01-10,0
1781060,126832.3105,1995-01-23,0
5598535,126811.2699,1995-02-01,0
5497027,126738.8538,1995-01-21,0
854786,126727.1522,1995-01-16,0
4293280,126723.745,1995-02-15,0
3542370,126718.928,1994-12-02,0
5597092,126717.1871,1995-01-19,0
3729153,126712.5058,1995-01-15,0
3069094,126663.4902,1994-12-18,0
4553286,126607.0086,1995-01-30,0
4838113,126603.4614,1995-03-05,0
1622593,126594.4082,1995-01-27,0
5217377,126589.3406,1995-01-04,0
3367680,126580.4091,1994-12-11,0
713760,126564.7312,1995-01-20,0
3864448,126559.8912,1995-01-07,0
4617248,126558.3088,1995-03-04,0
219649,126548.8101,1995-02-21,0
4184288,126546.4911,1994-11-22,0
482755,126522.807,1995-01-13,0
4261701,126519.933,1995-01-25,0
1008068,126487.4435,1995-03-05,0
2589184,126487.3195,1994-12-23,0
4845958,126465.1961,1995-01-25,0
1267623,126450.1756,1995-03-03,0
1504196,126404.0231,1994-12-20,0
5730883,126396.0744,1994-12-01,0
318979,126366.4365,1995-02-28,0
4758277,126260.7738,1995-02-23,0
2940995,126255.0653,1995-01-24,0
3806208,126240.4414,1995-01-31,0
2724839,126225.849,1995-02-14,0
1736291,126215.0402,1994-12-17,0
5788162,126194.6992,1994-12-31,0
2805830,126172.7846,1995-02-16,0
672771,126146.575,1995-02-05,0
4629313,126146.3736,1994-12-25,0
114723,126099.155,1995-02-07,0
4993024,126082.6863,1995-01-30,0
2334369,126066.7929,1995-02-24,0
1995909,126057.564,1995-02-15,0
925920,126053.107,1995-01-26,0
2793669,126038.353,1994-12-27,0
1464644,126008.4764,1995-02-13,0
1547299,125937.9966,1994-12-25,0
1485857,125908.8126,1995-01-20,0
3539746,125896.0863,1995-01-22,0
258373,125817.4248,1995-01-16,0
191814,125812.9364,1994-12-09,0
260388,125804.856,1995-03-06,0
2510434,125798.5442,1995-02-05,0
1822048,125793.0179,1995-02-14,0
3567778,125784.1731,1995-02-17,0
1120258,125767.1856,1994-12-13,0
5346244,125746.7018,1995-01-26,0
810886,125705.5455,1995-02-24,0
4874561,125665.6772,1994-12-04,0
5103202,125560.5338,1995-01-23,0
5635014,125491.2492,1995-01-03,0
5446565,125448.8917,1995-02-09,0
5264583,125386.5678,1995-02-09,0
2235488,125363.1788,1994-11-27,0
2204005,125361.0117,1995-02-07,0
325383,125360.3522,1995-01-26,0
3163939,125281.5792,1994-12-12,0
4626305,125212.3492,1995-01-16,0
3153280,125170.6041,1995-03-06,0
3685569,125157.4496,1995-01-25,0
3388258,125141.7186,1994-12-09,0
699490,125125.1464,1995-01-17,0
4358689,125101.579,1994-12-23,0
314403,125047.0788,1995-01-20,0
3928612,125037.1782,1994-12-27,0
2445638,125032.3926,1995-02-21,0
871269,125028.312,1995-01-28,0
654407,124992.0936,1995-02-25,0
3664897,124971.8334,1995-03-01,0
1993959,124957.8408,1995-02-10,0
512487,124901.604,1994-12-05,0
2232386,124885.4784,1994-12-18,0
5590886,124875.6615,1995-02-02,0
316353,124861.5536,1995-02-01,0
264932,124854.8512,1995-02-26,0
3691973,124812.0463,1994-11-25,0
4964032,124733.5566,1995-01-20,0
5248417,124721.7552,1995-03-01,0
2872291,124697.5491,1995-03-05,0
1037925,124675.2901,1995-02-08,0
4549220,124653.4834,1995-02-28,0
2008288,124622.87,1995-01-24,0
769761,124613.1234,1995-02-10,0
2442662,124606.5257,1995-01-03,0
1182564,124606.503,1995-02-02,0
2921190,124602.334,1994-12-14,0
3872449,124589.1387,1994-12-25,0
692518,124555.633,1995-02-11,0
1607490,124513.8637,1995-01-14,0
1338597,124488.0176,1994-12-08,0
1875170,124477.1564,1995-01-13,0
4667746,124463.9708,1995-02-07,0
1406563,124408.75,1995-02-18,0
2314727,124406.5202,1995-01-08,0
3443301,124365.4344,1994-12-30,0
423235,124357.5554,1995-03-04,0
3080966,124308.2466,1994-12-09,0
439809,124307.2622,1995-01-28,0
3359876,124291.7102,1994-12-30,0
1930690,124255.1028,1995-03-01,0
1421475,124227.4765,1995-02-13,0
1176771,124188.9167,1994-12-27,0
3658530,124178.4176,1995-03-02,0
2253863,124172.631,1995-01-02,0
3767461,124166.1644,1995-02-28,0
3561862,124108.2425,1995-02-07,0
4721607,124072.9854,1995-02-03,0
5880548,124030.4136,1995-02-22,0
2434565,124027.4357,1995-01-31,0
5475268,124008.0898,1995-01-06,0
4373794,124003.76,1995-02-02,0
5801863,123956.0347,1995-01-13,0
1913444,123953.9432,1995-02-16,0
581249,123937.4988,1995-02-01,0
2461088,123901.464,1994-12-25,0
4736711,123888.7914,1995-03-04,0
3588902,123839.2742,1995-02-26,0
2319846,123791.6733,1995-01-06,0
5721538,123739.726,1995-02-07,0
3130660,123730.1259,1995-01-18,0
288486,123714.5735,1995-01-06,0
5171489,123710.6048,1995-02-07,0
3958496,123675.222,1995-01-15,0
1357698,123673.656,1995-02-01,0
3731808,123670.607,1994-11-25,0
3905733,123659.4009,1994-12-21,0
3019975,123639.2102,1995-02-03,0
3229281,123632.088,1995-01-22,0
3028258,123630.264,1995-02-11,0
1250753,123597.336,1995-02-08,0
5542816,123551.0145,1995-02-13,0
4712646,123509.171,1995-02-06,0
1860646,123501.9598,1995-03-04,0
2671137,123490.881,1995-03-01,0
1578694,123444.475,1995-01-18,0
430081,123397.1428,1995-03-02,0
2824289,123396.4179,1995-02-12,0
3042372,123372.0768,1995-02-09,0
5886663,123360.713,1995-01-06,0
3545506,123335.298,1994-12-14,0
2891264,123328.044,1995-01-16,0
228901,123313.0075,1995-01-26,0
2753764,123301.4626,1995-02-02,0
3939559,123291.3456,1995-01-26,0
4626624,123233.5504,1995-02-18,0
717540,123218.4405,1995-01-13,0
2492965,123187.9339,1994-12-19,0
3024485,123147.103,1994-12-21,0
2663014,123114.2291,1995-01-22,0
2082022,123099.0912,1995-02-04,0
2774914,123052.2336,1995-02-19,0
788675,123046.5574,1995-01-24,0
4234915,123043.8947,1994-12-17,0
4444005,123001.3972,1995-01-01,0
2594337,123000.9845,1995-01-21,0
4158087,122953.0402,1995-02-15,0
4495586,122930.1852,1995-01-12,0
4233318,122925.6848,1995-01-21,0
2276771,122908.023,1994-12-21,0
2745506,122894.2126,1995-02-09,0
859590,122870.5612,1995-01-25,0
588740,122829.4754,1994-12-07,0
3216260,122803.5343,1995-02-26,0
1089252,122743.9108,1995-01-19,0
5041541,122734.5624,1995-02-28,0
1000161,122728.5241,1995-01-11,0
1392997,122719.4376,1995-01-11,0
1735110,122700.0424,1995-03-03,0
4426977,122691.237,1995-01-01,0
5637063,122688.4498,1995-01-31,0
1221026,122610.4561,1995-01-06,0
1116161,122591.4688,1995-01-15,0
1706656,122584.604,1995-01-25,0
102944,122515.7342,1995-02-11,0
4832583,122515.6794,1995-02-24,0
3195520,122505.4434,1995-02-06,0
3510979,122485.038,1995-01-29,0
5502657,122476.352,1994-12-10,0
5430082,122473.3294,1995-01-28,0
1082372,122470.5067,1995-02-11,0
4528416,122441.3611,1995-02-10,0
5096610,122428.84,1994-12-25,0
4455778,122425.5595,1995-01-24,0
2356800,122417.3607,1994-12-23,0
4674274,122400.66,1995-01-15,0
621127,122376.2412,1995-01-10,0
4783712,122354.3412,1995-01-12,0
4440803,122341.0894,1994-12-15,0
4487527,122340.0843,1994-12-08,0
5228674,122254.7634,1995-02-11,0
2814241,122229.054,1995-02-24,0
5914502,122217.5056,1995-02-22,0
2367014,122199.2702,1995-01-19,0
5851971,122199.1902,1995-02-20,0
574918,122160.4654,1995-02-10,0
1184293,122136.7476,1994-11-20,0
514979,122134.7078,1995-02-23,0
1730727,122132.3394,1995-03-04,0
459878,122119.11,1995-01-19,0
5729922,122098.9644,1994-12-12,0
4282596,122070.1961,1995-02-20,0
3104514,122025.2713,1995-01-07,0
4115553,122024.5764,1995-02-02,0
307685,121992.9658,1995-01-25,0
3134854,121983.5685,1994-12-21,0
1960224,121973.7744,1995-01-26,0
5703269,121954.1616,1995-01-15,0
3721185,121942.102,1995-02-07,0
3644257,121923.2068,1995-01-30,0
3844419,121907.696,1995-02-09,0
1362308,121888.6258,1995-02-11,0
5279842,121880.1118,1995-01-05,0
1370784,121847.3704,1994-12-17,0
2937282,121833.8584,1995-02-04,0
4328935,121802.1356,1995-02-14,0
1459874,121796.22,1995-01-17,0
929027,121793.3546,1995-03-05,0
3810499,121792.398,1995-01-23,0
5694401,121716.9187,1995-02-10,0
5013890,121668.082,1995-01-15,0
2963648,121614.9488,1994-12-07,0
1971490,121593.3704,1995-01-08,0
1252738,121572.3864,1995-01-14,0
1973890,121566.1581,1995-02-15,0
4394498,121539.9942,1994-12-21,0
2056385,121528.797,1995-01-12,0
3484355,121516.036,1995-02-25,0
2974439,121478.1528,1995-02-13,0
2366823,121477.8581,1994-12-27,0
5159747,121471.4979,1995-03-05,0
1557571,121440.4159,1995-01-07,0
4155552,121424.8258,1994-12-21,0
64199,121420.9036,1995-02-15,0
3511557,121411.6407,1994-12-15,0
5012387,121301.6037,1995-01-18,0
5826977,121297.4862,1995-01-26,0
166627,121280.175,1994-12-28,0
4982439,121268.2038,1995-02-21,0
1192994,121239.2712,1995-02-03,0
5506658,121224.2424,1995-02-21,0
1835491,121179.0624,1995-01-31,0
5768359,121169.2585,1995-02-25,0
1864545,121136.684,1995-01-25,0
5793062,121111.043,1995-02-06,0
5532867,121055.682,1995-01-01,0
5338660,121000.3513,1995-01-12,0
4329153,120977.385,1994-12-02,0
3767942,120904.7584,1995-02-26,0
175140,120892.608,1995-01-09,0
255297,120885.6738,1995-01-22,0
2038337,120876.8185,1994-12-11,0
2206471,120863.8099,1995-01-11,0
2064834,120802.1774,1995-03-05,0
2587968,120785.3864,1995-03-07,0
380165,120780.1164,1995-01-20,0
1537762,120767.4272,1994-12-13,0
4116195,120699.3493,1995-01-01,0
2181764,120697.0016,1995-02-09,0
952321,120690.4116,1995-02-03,0
4086755,120668.1415,1995-02-06,0
5611776,120668.075,1995-01-04,0
3645219,120666.5793,1995-01-16,0
2439265,120570.3394,1995-02-22,0
3296423,120537.7775,1995-02-16,0
1910274,120533.5284,1995-01-11,0
1800164,120510.6404,1994-12-25,0
1149959,120491.5808,1995-02-27,0
4723302,120486.3582,1995-01-22,0
4605892,120472.9939,1994-12-26,0
5135173,120443.4528,1994-12-01,0
659559,120439.5036,1995-01-02,0
1448805,120423.1544,1995-01-11,0
242050,120414.1465,1995-02-06,0
5635654,120383.6744,1995-01-09,0
835206,120339.4217,1995-02-10,0
3023777,120325.2892,1995-01-13,0
2346819,120322.1424,1994-12-13,0
2861187,120314.7476,1995-01-30,0
3197796,120300.3492,1995-01-05,0
1409797,120287.499,1995-02-17,0
1891424,120285.2332,1994-12-09,0
1841793,120282.7016,1995-02-16,0
388418,120279.5875,1995-02-03,0
2697184,120258.5142,1995-02-03,0
2220486,120251.504,1995-01-16,0
3756768,120231.3396,1994-12-16,0
5073219,120210.0024,1995-02-07,0
1176324,120199.6431,1994-12-07,0
2485092,120175.8453,1994-11-28,0
5005186,120160.0932,1995-01-21,0
966245,120156.2968,1995-01-06,0
744583,120114.4033,1995-03-06,0
4673638,120110.121,1995-01-16,0
2998215,120100.3161,1995-01-14,0
5491524,120099.9331,1995-02-25,0
2452065,120066.9066,1995-01-23,0
1172994,120042.6122,1995-01-18,0
3230726,120019.7774,1995-02-23,0
2319042,120012.9998,1995-01-08,0
2845891,119994.8442,1995-01-21,0
5322022,119984.863,1995-03-03,0
3170849,119955.8023,1995-02-10,0
4493606,119928.9663,1995-02-12,0
2200964,119922.3658,1995-02-20,0
779463,119912.296,1994-12-21,0
5185381,119888.0391,1995-01-27,0
412485,119832.8184,1995-01-12,0
1622945,119815.0864,1994-12-25,0
747331,119804.2493,1995-01-03,0
1762758,119776.1131,1994-12-28,0
1386019,119762.526,1995-02-05,0
5919367,119729.986,1995-01-28,0
2563681,119718.4279,1995-01-26,0
102240,119681.2944,1994-12-17,0
370085,119680.2956,1995-02-27,0
1777538,119678.0298,1994-12-05,0
4475780,119656.3072,1995-01-24,0
2591782,119614.788,1995-02-24,0
2681633,119589.9091,1995-01-25,0
2252678,119554.9668,1995-03-03,0
4605538,119551.7694,1995-03-07,0
2742369,119504.1825,1995-02-04,0
4461093,119450.9546,1995-03-02,0
4789028,119441.5698,1995-02-27,0
1448611,119416.5035,1995-01-08,0
4518145,119413.0765,1995-02-08,0
253315,119400.0874,1994-12-02,0
5059329,119398.4167,1995-01-01,0
441252,119396.1559,1994-12-18,0
590085,119363.3777,1995-02-27,0
4065543,119333.42,1995-02-28,0
4826050,119331.6835,1995-01-30,0
2510822,119292.3398,1995-02-06,0
574629,119278.4464,1995-01-21,0
1226757,119204.7648,1995-02-11,0
5052226,119202.936,1995-03-05,0
1201189,119141.347,1995-02-23,0
1904197,119136.5947,1995-02-13,0
2715458,119126.0261,1995-03-07,0
5685575,119121.792,1995-02-26,0
3411653,119050.3113,1995-02-06,0
5813092,119041.2069,1995-01-08,0
3485062,119038.5411,1995-01-02,0
148930,119037.5312,1995-01-07,0
1077632,119034.7904,1995-02-01,0
1619553,119029.2031,1995-02-11,0
4460711,119003.6631,1995-02-12,0
4550822,119000.3554,1994-12-09,0
2759555,118992.6672,1994-12-09,0
1225280,118973.4009,1994-12-08,0
2808833,118972.4448,1995-01-02,0
2841957,118959.681,1994-12-28,0
212709,118941.042,1994-12-23,0
2004161,118934.9607,1995-01-12,0
1506662,118925.1242,1995-02-08,0
3465123,118911.9359,1995-01-07,0
5034114,118881.2838,1994-12-23,0
4841858,118873.395,1995-01-16,0
2158375,118864.4084,1995-01-24,0
5893088,118856.4905,1995-02-17,0
810759,118823.5678,1995-02-15,0
4397575,118814.6054,1994-12-30,0
883397,118803.596,1994-12-22,0
2394502,118795.2255,1995-03-06,0
716451,118769.5711,1995-02-22,0
2191043,118763.1662,1994-12-16,0
3438886,118753.1377,1995-02-27,0
956071,118742.5635,1995-02-06,0
5355365,118740.8877,1995-02-20,0
4648039,118683.0539,1995-02-21,0
1666468,118666.692,1995-02-24,0
418274,118636.6254,1995-01-22,0
1931072,118612.7253,1994-12-10,0
4103490,118592.9771,1995-02-05,0
5724038,118564.8199,1994-12-18,0
1781253,118563.99,1995-02-10,0
2317891,118527.2348,1994-12-08,0
4464900,118523.8222,1995-02-25,0
1978118,118510.4274,1994-12-17,0
5194372,118469.7016,1995-02-04,0
2026531,118438.2222,1995-02-26,0
3568676,118422.1956,1995-02-05,0
5336455,118392.2956,1995-03-05,0
3315399,118391.1906,1995-02-12,0
1462727,118368.3792,1994-11-17,0
251205,118366.0664,1995-02-18,0
3094627,118365.6084,1995-01-30,0
5844418,118328.1852,1995-01-21,0
5382435,118293.2539,1994-11-22,0
2887844,118254.9104,1994-12-23,0
715687,118232.6566,1995-01-15,0
1017216,118231.6432,1995-02-16,0
4220199,118221.1739,1995-02-24,0
1152070,118217.6538,1995-01-26,0
1434631,118217.652,1995-02-23,0
3801312,118198.1132,1995-01-24,0
4742821,118192.776,1994-12-19,0
5888352,118144.647,1994-11-24,0
2701184,118133.7646,1995-02-02,0
498723,118112.4126,1994-12-23,0
3333444,118110.5958,1995-02-16,0
2390176,118106.4152,1995-01-13,0
2919328,118103.5544,1995-02-14,0
5784480,118102.2352,1994-12-30,0
4538855,118074.087,1995-02-19,0
1386438,118021.4274,1995-02-01,0
3505797,118010.3904,1995-02-03,0
5927041,117996.1758,1995-01-02,0
901347,117991.4442,1995-01-16,0
4287681,117966.4794,1995-01-06,0
5276256,117963.4428,1995-01-21,0
862853,117961.418,1995-01-07,0
2330369,117928.7709,1995-02-28,0
1700385,117904.41,1995-01-21,0
338310,117903.2016,1994-11-26,0
5495269,117857.8645,1995-01-02,0
5804389,117850.0212,1995-01-20,0
1456994,117810.3648,1995-02-23,0
1421408,117803.0263,1995-01-29,0
4637798,117799.1744,1995-02-15,0
3872417,117795.4032,1994-12-30,0
2024964,117790.443,1995-01-25,0
2172327,117785.9928,1995-02-15,0
759106,117784.625,1994-12-12,0
2337379,117765.4398,1994-11-29,0
4048869,117763.3197,1995-01-10,0
3926400,117716.8702,1995-01-19,0
2083428,117697.5543,1995-01-21,0
5230053,117668.3076,1995-02-10,0
533506,117665.4146,1995-01-06,0
2665125,117652.0542,1995-01-04,0
3100675,117638.57,1994-12-11,0
2249540,117630.0536,1995-02-18,0
3277254,117626.41,1995-03-06,0
4035396,117615.8176,1995-01-13,0
2557664,117594.0478,1995-03-01,0
5058624,117590.0453,1995-02-02,0
216002,117529.731,1995-03-03,0
2552320,117509.9552,1995-01-03,0
1241284,117501.4401,1995-02-08,0
641191,117424.6132,1995-02-02,0
4783008,117421.6118,1994-11-28,0
5889253,117392.4459,1995-03-02,0
855396,117389.5497,1995-02-07,0
5901250,117373.2007,1995-02-17,0
1161573,117357.0162,1995-02-28,0
5727904,117318.6657,1995-02-25,0
193856,117290.7262,1995-02-13,0
3017474,117284.2972,1995-01-29,0
4806403,117278.112,1995-01-16,0
2511459,117266.6186,1995-02-04,0
1203781,117266.0163,1995-02-17,0
1921351,117259.4448,1995-02-22,0
2517191,117212.0685,1995-02-11,0
5063201,117192.5935,1994-12-14,0
3865474,117140.4499,1995-01-16,0
5934371,117130.5903,1994-12-23,0
1379427,117102.8091,1994-12-12,0
3816902,117076.3978,1994-12-18,0
5389698,117073.2925,1995-02-11,0
4284932,117040.1107,1994-12-22,0
5964384,117021.6474,1995-02-28,0
4239491,117010.6352,1995-01-23,0
5597569,116974.4439,1995-02-27,0
3087683,116950.1788,1995-01-09,0
1904071,116907.8008,1995-01-06,0
180097,116887.3247,1995-02-26,0
4149153,116868.9666,1995-02-26,0
2026147,116860.4748,1995-02-28,0
4166629,116835.7185,1995-03-01,0
4173827,116819.4726,1994-12-20,0
4112000,116743.4757,1995-03-04,0
1154214,116649.876,1995-01-31,0
191776,116612.1446,1995-02-24,0
1357251,116579.6366,1994-12-20,0
3894405,116548.0516,1994-12-08,0
1576775,116522.4128,1994-12-10,0
5113446,116514.6182,1995-01-24,0
3164385,116512.4969,1994-12-28,0
4625603,116508.0214,1994-12-17,0
5370688,116504.3744,1995-01-31,0
1348579,116465.0361,1994-12-11,0
4728834,116445.9028,1995-01-16,0
499683,116365.0425,1994-12-27,0
2179008,116357.2988,1995-01-14,0
1407489,116342.7906,1995-01-29,0
476352,116292.7205,1995-01-08,0
1406915,116287.6346,1995-02-11,0
5643200,116242.7445,1995-02-11,0
5817830,116206.5159,1995-01-21,0
1777729,116188.6059,1995-02-08,0
3857733,116172.6777,1995-03-07,0
1252420,116155.985,1995-02-21,0
4208065,116145.1299,1995-01-09,0
927490,116138.6516,1995-02-20,0
2696391,116115.0144,1995-02-27,0
689509,116098.2181,1994-11-29,0
201120,116095.8616,1995-02-16,0
3037157,116093.3616,1995-01-25,0
2885925,116073.5932,1995-02-25,0
2731970,116063.9748,1995-03-04,0
464806,116029.017,1995-01-14,0
5582752,116022.3075,1995-03-06,0
5909540,116014.599,1995-01-28,0
905792,116012.9978,1995-01-08,0
4589927,115995.3928,1995-01-04,0
1111782,115979.7909,1995-01-11,0
4942496,115962.1864,1995-03-03,0
1520551,115960.2467,1995-02-07,0
189377,115947.1008,1995-01-07,0
5144420,115919.7224,1995-03-02,0
5673285,115870.4866,1995-02-22,0
4918881,115857.79,1995-01-26,0
5518917,115855.9974,1995-02-03,0
3653188,115846.352,1995-03-01,0
3576677,115837.2784,1995-02-22,0
567399,115831.0522,1994-12-27,0
3882340,115789.5918,1995-01-27,0
2355525,115788.747,1995-02-15,0
4990916,115784.6854,1995-01-28,0
257344,115681.2765,1995-01-23,0
3423905,115672.2941,1995-02-19,0
3245826,115631.0696,1994-12-29,0
347847,115616.3406,1994-12-29,0
4916612,115609.1204,1994-11-29,0
5262118,115592.5339,1995-01-01,0
1299392,115578.6165,1995-02-13,0
1698016,115567.6989,1995-02-25,0
3873989,115533.4685,1995-02-27,0
2433380,115500.8862,1995-02-07,0
4473666,115497.6982,1995-02-28,0
2532449,115486.989,1994-11-24,0
267589,115484.2759,1995-02-03,0
2715619,115471.1961,1995-01-24,0
4043973,115466.6639,1994-12-24,0
514246,115447.585,1995-03-03,0
2418305,115411.175,1995-01-05,0
4338084,115344.4432,1995-02-18,0
3914758,115273.5925,1995-01-29,0
5673984,115257.7734,1995-01-11,0
3848640,115247.02,1995-01-04,0
1749157,115224.4518,1994-12-27,0
2390244,115191.3,1995-02-02,0
1267718,115182.9719,1995-01-04,0
3752931,115179.5266,1995-01-28,0
2454631,115136.1264,1995-02-16,0
3317825,115122.6684,1995-01-28,0
2519201,115105.9238,1994-12-06,0
998791,115103.254,1994-12-09,0
939328,115102.6168,1994-12-05,0
3380068,115066.8983,1995-01-05,0
1094599,115046.4968,1995-01-05,0
5524420,115010.6276,1994-12-29,0
3132098,115010.469,1995-02-19,0
976001,114999.3278,1995-01-03,0
5572067,114989.9055,1995-01-16,0
4431237,114967.7962,1995-01-11,0
1424771,114961.5026,1994-12-18,0
260838,114952.0828,1995-01-27,0
3013253,114948.0542,1995-02-15,0
4122599,114937.3684,1995-03-07,0
3669123,114886.4613,1995-01-23,0
5918433,114874.6176,1995-01-15,0
801511,114865.7412,1994-12-08,0
4463687,114858.5118,1994-12-21,0
4947236,114834.7033,1995-01-04,0
4518788,114824.348,1995-02-18,0
3827556,114775.9473,1994-12-19,0
2818627,114757.5593,1995-01-11,0
1106656,114734.0512,1995-01-07,0
1028576,114722.0182,1994-12-03,0
5964037,114685.3528,1995-02-06,0
3804611,114671.0479,1994-12-25,0
3984928,114670.996,1995-01-09,0
4439841,114659.6036,1995-01-04,0
5520000,114645.888,1994-12-07,0
1504741,114635.0084,1995-01-04,0
959399,114633.909,1995-02-08,0
3992833,114631.3631,1995-02-13,0
5697408,114601.553,1995-01-07,0
2678467,114597.013,1994-12-16,0
4816487,114581.9965,1994-12-02,0
362214,114574.9365,1994-12-29,0
5181477,114548.3388,1995-02-27,0
1466626,114510.7782,1994-12-17,0
3893158,114503.7246,1995-03-03,0
66150,114494.5152,1995-01-19,0
3696896,114440.0424,1995-01-27,0
5222310,114404.8192,1994-12-18,0
3864544,114404.7348,1995-02-22,0
4541922,114402.4076,1995-02-28,0
2246564,114396.4852,1994-12-26,0
471616,114361.4036,1995-02-16,0
1339556,114355.6341,1995-02-11,0
809312,114299.8565,1995-02-27,0
682693,114275.7209,1995-01-17,0
4351845,114272.9532,1995-01-28,0
2100960,114267.7166,1994-12-09,0
4204996,114199.5932,1995-02-09,0
5209574,114162.2755,1994-12-28,0
715686,114139.035,1995-03-06,0
1768388,114134.847,1994-12-20,0
1794405,114131.3488,1995-02-06,0
177056,114111.108,1994-12-23,0
3315076,114102.9071,1995-02-25,0
3011908,114090.102,1995-02-24,0
5565472,114064.8096,1995-01-08,0
280358,114013.4892,1994-12-05,0
2143908,113985.363,1995-03-03,0
3956231,113964.0741,1994-12-20,0
1561671,113947.44,1995-01-01,0
1120064,113943.7584,1995-02-21,0
1105028,113888.9036,1995-01-02,0
1173636,113779.2887,1995-03-04,0
2956579,113732.676,1995-02-25,0
3833347,113730.2531,1995-01-16,0
2807940,113665.7803,1995-02-07,0
4771266,113612.0766,1995-02-08,0
3648545,113605.8732,1995-02-14,0
89383,113565.9465,1995-01-29,0
2252291,113554.2978,1995-01-31,0
4763238,113539.3382,1995-01-23,0
4554790,113529.0064,1995-02-09,0
1711076,113498.8992,1994-12-13,0
5077664,113490.225,1995-02-20,0
2930721,113473.0963,1995-03-03,0
2711874,113401.9992,1995-01-17,0
2771200,113400.9984,1995-02-04,0
2655585,113400.3322,1995-01-21,0
3772290,113382.3222,1995-02-19,0
3026722,113356.9393,1995-01-17,0
1655969,113305.6776,1995-01-29,0
2112609,113304.545,1995-02-28,0
4402693,113292.104,1995-01-22,0
5436160,113291.8408,1994-12-17,0
3269379,113283.935,1995-01-22,0
2465155,113282.4752,1995-02-25,0
4645158,113277.5641,1995-01-30,0
5847718,113273.0222,1995-02-12,0
2415428,113271.876,1994-11-21,0
3958401,113215.055,1994-12-02,0
666944,113211.9076,1995-01-30,0
1209505,113168.3546,1995-02-07,0
5771747,113140.8405,1995-01-20,0
3753120,113080.5826,1995-02-17,0
3877764,113054.6144,1994-12-18,0
1225539,113054.2884,1994-12-18,0
136551,113028.2799,1995-01-01,0
1460197,113013.6115,1995-03-05,0
3786592,112996.8818,1995-01-03,0
5668288,112979.976,1994-12-29,0
1069509,112971.3,1995-02-16,0
2925506,112941.6675,1995-01-23,0
131463,112910.1584,1995-02-20,0
1722020,112907.2352,1995-02-06,0
5031302,112887.156,1995-01-20,0
3678373,112877.6674,1995-01-22,0
1168197,112794.4704,1994-12-22,0
863296,112733.028,1995-01-16,0
2261409,112720.8234,1995-02-04,0
3360197,112707.279,1995-02-07,0
4001155,112677.4456,1994-12-16,0
2905186,112641.6026,1995-02-01,0
2628996,112614.3272,1994-12-31,0
4138342,112608.1712,1995-02-12,0
160612,112597.9608,1995-02-02,0
4943332,112595.0738,1995-01-06,0
3588806,112586.0508,1995-01-23,0
1577478,112576.4582,1995-03-06,0
2781634,112558.0286,1995-01-13,0
680353,112520.2164,1994-12-06,0
1917092,112486.239,1995-01-18,0
4759908,112484.135,1994-12-29,0
5644418,112474.2255,1995-01-04,0
4263681,112380.9878,1995-02-09,0
5968582,112327.783,1994-12-28,0
3453120,112299.3196,1994-12-27,0
3201479,112280.0136,1995-03-06,0
5058977,112275.5904,1995-01-25,0
4140839,112272.2092,1995-01-19,0
433793,112250.3186,1995-01-12,0
4952386,112241.66,1995-03-04,0
3241856,112231.0128,1995-02-01,0
2750629,112215.1021,1994-12-13,0
1728131,112210.7088,1995-02-28,0
3407458,112204.8098,1995-01-04,0
4484038,112198.4577,1995-02-27,0
4447043,112169.2768,1995-01-07,0
1540773,112158.0536,1994-12-25,0
257600,112149.617,1995-02-06,0
3859431,112134.3741,1994-12-27,0
5450276,112083.4016,1995-02-25,0
1459906,112044.5382,1995-01-06,0
4819456,112035.07,1994-11-21,0
1580194,112033.8702,1995-01-09,0
2480064,112031.9573,1995-02-25,0
1663590,112022.3864,1995-01-19,0
5877251,112020.5056,1995-01-04,0
3097281,112020.3399,1994-12-27,0
2683846,112011.1536,1995-02-24,0
1769318,112005.5958,1995-02-08,0
3218945,111998.301,1995-02-22,0
4298150,111990.2742,1995-02-07,0
861223,111981.3725,1995-02-01,0
1984583,111926.597,1995-01-10,0
3572162,111889.5168,1995-02-03,0
1593826,111887.583,1995-01-23,0
5948833,111837.4854,1995-01-30,0
2916615,111831.5892,1995-02-23,0
4957474,111752.4992,1995-02-01,0
984386,111752.2101,1995-02-15,0
4379397,111694.5976,1995-01-13,0
3349442,111689.4748,1994-11-23,0
3692135,111678.8184,1995-02-10,0
1526849,111663.0949,1995-01-10,0
3220418,111647.548,1995-02-28,0
4676262,111606.3192,1994-12-05,0
3758947,111578.5713,1995-01-13,0
5552965,111548.814,1995-01-20,0
3316997,111542.7049,1995-01-17,0
1464802,111522.8011,1995-02-18,0
2283078,111522.193,1995-02-25,0
2628391,111448.0004,1995-03-04,0
4397126,111253.7788,1995-03-06,0
238341,111251.0247,1995-01-21,0
4010279,111208.9878,1995-01-05,0
3240743,111109.7419,1994-12-16,0
4773028,111096.45,1995-02-01,0
4486055,111090.869,1995-01-19,0
3939939,111087.9788,1994-12-05,0
2672261,111087.1747,1995-01-13,0
207367,111007.4628,1995-01-14,0
4035623,110966.6623,1994-12-13,0
288359,110958.2585,1995-01-05,0
2859366,110954.3,1995-01-26,0
3092100,110949.1712,1995-02-17,0
810532,110937.9635,1994-12-06,0
5608197,110920.5028,1995-02-12,0
5372256,110909.016,1995-01-24,0
3768517,110898.3981,1995-02-03,0
1000742,110896.795,1994-12-22,0
1872935,110872.788,1995-03-01,0
5236291,110860.7706,1995-02-10,0
365954,110809.4686,1995-01-25,0
4460194,110803.676,1995-02-11,0
951589,110789.5628,1995-01-17,0
5758915,110761.1048,1995-01-27,0
1872544,110751.0254,1995-03-03,0
5681830,110685.5379,1995-02-07,0
492965,110675.3368,1995-01-27,0
576546,110614.5224,1995-02-19,0
3113888,110608.4034,1995-02-15,0
2842690,110607.9936,1995-03-06,0
4696128,110595.042,1995-01-28,0
1072355,110545.8282,1995-01-08,0
5549568,110513.8928,1994-12-06,0
2707556,110478.0528,1995-01-29,0
1279011,110389.9044,1995-01-29,0
5061447,110374.1844,1995-02-10,0
2905380,110349.369,1995-01-16,0
2864645,110326.8779,1995-02-13,0
3019077,110261.1644,1995-02-05,0
549222,110256.6409,1995-02-16,0
121088,110232.644,1995-01-17,0
5586663,110204.0754,1995-02-23,0
1399936,110202.471,1995-02-22,0
1995975,110193.0078,1995-01-15,0
1794311,110153.9818,1995-02-28,0
5063555,110135.4796,1994-12-17,0
241670,110135.0202,1994-12-18,0
1050372,110109.5312,1995-01-19,0
452068,110102.3719,1995-01-04,0
2937381,110084.9364,1995-01-23,0
494913,110077.2885,1995-01-18,0
4088864,110070.7651,1995-01-31,0
3947139,110051.1648,1995-02-08,0
744806,110051.1453,1994-12-28,0
2473830,110037.9147,1995-01-20,0
5376609,109991.8361,1995-01-15,0
1049315,109904.9396,1995-01-27,0
5664295,109857.6768,1995-02-09,0
1669636,109844.1474,1995-02-19,0
1683108,109840.709,1995-02-12,0
1459394,109834.3419,1994-12-31,0
1093955,109816.7382,1995-02-12,0
4404226,109801.8829,1995-01-10,0
2077670,109801.702,1995-01-11,0
1703299,109780.4225,1995-03-07,0
4382721,109717.9092,1994-12-25,0
5537732,109704.4508,1995-01-15,0
67393,109675.1847,1994-12-23,0
1855745,109665.7212,1995-03-03,0
5114048,109655.1184,1995-02-05,0
4955431,109597.3042,1995-02-13,0
2461954,109551.9081,1995-01-06,0
2373985,109544.3986,1994-12-30,0
2763716,109542.2776,1995-01-27,0
1977505,109542.2194,1995-02-17,0
556326,109535.6918,1994-12-14,0
2579328,109516.9058,1995-01-14,0
161253,109516.5048,1995-01-16,0
4292516,109512.369,1994-12-23,0
1713313,109441.9083,1995-03-02,0
3191527,109350.983,1995-01-12,0
4647553,109324.6414,1995-01-21,0
447425,109296.3244,1995-03-01,0
898080,109264.6485,1995-02-03,0
5317604,109245.4402,1995-02-19,0
5165157,109215.8233,1994-12-15,0
604644,109207.491,1995-02-28,0
3186502,109139.8986,1995-03-01,0
5262146,109139.214,1995-01-28,0
2786821,109118.5132,1995-01-17,0
1405028,109097.1495,1995-01-30,0
4540932,109090.8432,1995-01-05,0
549319,109066.1315,1995-03-07,0
3710976,109046.2152,1995-02-19,0
36454,109028.8388,1995-02-19,0
2317701,108982.341,1994-12-27,0
3486599,108960.7832,1994-12-05,0
164896,108944.037,1995-02-08,0
4819780,108941.472,1994-12-31,0
969062,108919.667,1995-02-03,0
1382213,108899.1387,1995-02-11,0
5955616,108895.2661,1995-02-22,0
2566756,108854.7402,1994-12-16,0
2383042,108828.0566,1995-01-26,0
1394722,108806.9442,1994-12-24,0
2699047,108781.8655,1995-01-20,0
1093572,108748.0784,1995-01-22,0
3601765,108707.5318,1995-03-05,0
5726727,108701.0261,1995-02-24,0
4520480,108673.6679,1995-02-16,0
640704,108641.3226,1995-01-19,0
3978245,108603.4208,1995-01-18,0
550753,108599.7226,1995-01-09,0
1529026,108554.6152,1995-02-21,0
4922566,108524.8464,1994-12-24,0
444737,108509.4603,1995-01-31,0
4232711,108472.1456,1995-02-22,0
2290598,108465.3699,1994-12-26,0
5750855,108406.9136,1995-01-25,0
407654,108405.7292,1995-01-21,0
2951142,108385.6224,1995-03-01,0
1321285,108328.0384,1994-12-27,0
3014274,108323.243,1995-01-06,0
5576359,108304.3102,1995-03-05,0
3045600,108297.7995,1995-02-19,0
3545410,108292.3609,1994-12-03,0
1612966,108267.0235,1994-12-26,0
2783874,108250.9116,1994-12-26,0
4907904,108240.186,1994-12-07,0
4068455,108230.8332,1995-02-04,0
3640325,108191.055,1995-02-15,0
4303207,108186.956,1995-02-04,0
4048226,108174.7428,1995-01-25,0
1315491,108174.5869,1995-01-19,0
415873,108172.4772,1995-01-07,0
859938,108142.0246,1994-12-17,0
783043,108121.1968,1995-02-20,0
4331875,108119.4797,1995-02-01,0
359489,108116.5631,1994-11-27,0
5716224,108114.831,1995-01-20,0
466625,108105.1578,1995-01-23,0
47617,108077.7,1994-12-09,0
2538247,108063.7054,1995-02-18,0
4380674,108052.893,1994-12-09,0
5784230,108025.6551,1995-03-01,0
1765474,108019.0564,1994-12-11,0
5227972,108018.8268,1995-01-03,0
5934341,108008.8474,1995-02-08,0
4391297,107991.7028,1995-02-09,0
2045540,107973.0126,1995-01-17,0
1688996,107944.9708,1995-01-25,0
724006,107870.9638,1995-03-04,0
1812068,107817.3548,1995-02-26,0
2346176,107816.2212,1994-12-29,0
821825,107808.8167,1995-02-11,0
1331975,107790.6674,1995-01-09,0
5845958,107730.1074,1994-12-22,0
1001893,107692.4821,1995-01-03,0
5561542,107686.4951,1995-02-22,0
3278436,107659.3564,1995-03-04,0
1931361,107658.1566,1995-01-09,0
1409639,107611.8022,1995-02-16,0
2172674,107602.9672,1994-12-03,0
1846402,107593.188,1995-01-29,0
2743712,107590.8201,1995-01-23,0
3980134,107588.6958,1995-02-06,0
4268263,107553.0126,1994-12-13,0
2683522,107529.9729,1995-01-18,0
2503235,107523.0647,1994-12-06,0
4680544,107507.5902,1995-03-05,0
18244,107495.3268,1995-02-12,0
1957955,107459.6922,1995-01-06,0
2606657,107439.8881,1995-01-23,0
4856710,107421.7752,1995-02-18,0
2438240,107418.2463,1995-02-03,0
2430530,107407.8632,1995-01-17,0
1649281,107398.5711,1995-01-14,0
796256,107391.5314,1995-01-29,0
1225635,107378.6112,1995-01-16,0
736064,107369.1912,1995-01-16,0
5208897,107365.8929,1995-01-13,0
5375238,107364.2808,1995-02-07,0
219969,107354.439,1994-12-28,0
972963,107267.6995,1995-01-16,0
129253,107250.1964,1994-12-22,0
4368834,107200.249,1995-01-30,0
3572448,107174.9447,1995-02-25,0
1743808,107168.932,1995-02-24,0
227074,107163.3296,1995-02-12,0
5496834,107160.2168,1995-02-14,0
2794660,107141.6992,1995-02-02,0
2715461,107136.8674,1995-02-07,0
5969350,107134.0856,1995-01-19,0
638087,107111.6268,1994-12-25,0
5023553,107072.9506,1995-02-06,0
2011622,107062.0173,1994-12-19,0
1284263,107036.3334,1994-12-24,0
5026147,106996.1793,1995-01-23,0
82404,106970.1228,1995-01-18,0
5080128,106968.4068,1995-02-06,0
5207972,106936.9405,1995-01-24,0
4695681,106880.9078,1995-01-29,0
3072578,106871.417,1995-01-20,0
4048900,106839.5557,1995-02-19,0
2739811,106823.862,1995-02-07,0
4086593,106811.3998,1995-01-27,0
38822,106801.348,1994-12-28,0
1851620,106794.6591,1994-12-19,0
278019,106781.6437,1995-01-10,0
5925730,106703.5146,1994-12-25,0
4913504,106696.263,1994-12-10,0
3520517,106689.1622,1994-12-25,0
4797314,106685.0907,1994-12-15,0
1139840,106681.3776,1995-01-29,0
4384582,106662.997,1995-01-05,0
3816517,106605.7406,1995-01-03,0
2318023,106587.2154,1995-01-03,0
5719074,106517.0484,1994-12-07,0
667429,106515.1066,1995-02-10,0
3485824,106451.7236,1995-01-11,0
304032,106427.4174,1994-12-21,0
5442080,106416.0164,1995-03-02,0
2635971,106410.986,1995-01-31,0
304385,106402.6068,1994-12-14,0
3950118,106387.181,1994-12-10,0
913575,106371.7088,1995-01-16,0
2978243,106361.3425,1994-12-01,0
776325,106335.2206,1995-01-03,0
4711077,106300.3659,1995-02-23,0
1494596,106294.8166,1994-12-26,0
5741767,106108.4523,1995-01-10,0
2866695,106106.4785,1995-02-15,0
3773959,106097.409,1994-11-27,0
1754917,106083.4208,1995-02-13,0
3042657,106074.614,1995-02-21,0
4722115,105954.051,1995-01-15,0
27975,105952.5796,1995-02-13,0
312900,105928.172,1995-02-26,0
1875776,105927.1807,1995-02-26,0
5660739,105915.8688,1994-12-04,0
5658212,105890.6416,1995-01-13,0
5474949,105885.91,1994-12-16,0
4476417,105885.5,1995-02-21,0
2482786,105841.4624,1994-12-01,0
2622083,105841.2097,1995-02-23,0
1556035,105790.7733,1995-01-08,0
4088288,105750.9706,1995-02-13,0
3621159,105747.3221,1995-01-06,0
5981351,105744.9854,1995-02-14,0
5215745,105713.8859,1994-11-26,0
1531712,105679.7726,1995-01-13,0
1409573,105670.999,1995-01-02,0
3915393,105665.6208,1994-12-29,0
2785286,105656.6216,1995-02-22,0
3149377,105647.7755,1995-01-13,0
5057058,105621.3264,1995-02-20,0
2213765,105607.9214,1995-01-12,0
1715078,105604.9346,1995-01-10,0
5438790,105577.7232,1995-01-10,0
4256261,105459.2112,1995-01-31,0
2566689,105454.9424,1995-02-10,0
943170,105390.9752,1995-01-04,0
1123235,105390.3731,1994-12-17,0
3455204,105328.965,1995-01-24,0
5743685,105324.1753,1994-12-27,0
1328645,105278.2787,1994-12-07,0
4283458,105276.138,1994-12-19,0
1102533,105210.3207,1995-02-26,0
405444,105193.728,1994-12-02,0
2253440,105192.26,1995-01-13,0
837636,105181.293,1995-02-09,0
5890757,105128.774,1994-12-17,0
5694306,105126.7572,1994-12-21,0
1766244,105119.8563,1994-12-26,0
3924421,105118.504,1994-12-28,0
2906530,105114.9406,1994-12-20,0
264163,105114.732,1994-12-23,0
2114663,105113.5008,1995-02-17,0
5457056,105074.0023,1995-02-04,0
5817376,105060.0326,1995-01-18,0
5408293,105054.8032,1995-02-20,0
395137,105047.368,1995-02-04,0
545668,105044.041,1995-02-09,0
4775142,105009.5268,1995-01-25,0
4846434,105008.5143,1995-02-06,0
5455746,105001.903,1994-12-23,0
287329,105001.336,1995-02-13,0
2041763,104992.494,1994-12-14,0
119812,104969.7696,1995-01-11,0
5307623,104964.8408,1995-01-30,0
5753121,104954.3379,1995-02-15,0
1433379,104928.6838,1995-02-12,0
1763842,104913.1665,1995-03-02,0
2189605,104905.03,1995-02-26,0
3681923,104872.071,1995-02-17,0
956032,104858.3254,1995-01-21,0
5097159,104813.6918,1995-02-05,0
4776455,104805.2952,1994-12-29,0
203522,104788.5624,1995-01-02,0
2266756,104776.8812,1995-02-05,0
4653664,104760.5625,1995-01-26,0
4541185,104745.0204,1995-02-19,0
5123238,104719.058,1994-12-28,0
4499492,104709.953,1994-11-22,0
2851911,104688.7334,1995-02-27,0
5693440,104685.7442,1995-02-27,0
1819111,104647.1904,1995-02-11,0
920420,104635.9155,1995-01-22,0
2259398,104629.8262,1995-01-29,0
316071,104619.977,1995-01-12,0
4245217,104609.484,1995-01-07,0
4151943,104605.7278,1995-01-20,0
267687,104598.768,1995-02-06,0
3024065,104583.9525,1995-03-06,0
4810818,104552.2692,1995-01-15,0
1196800,104509.2013,1995-01-26,0
1320006,104492.5483,1995-02-27,0
3280646,104486.3912,1994-12-29,0
1111042,104480.9821,1995-01-23,0
5013412,104480.3328,1995-02-28,0
5179046,104456.4032,1995-03-05,0
3197892,104431.1892,1994-11-21,0
4567779,104403.6296,1995-01-25,0
2792615,104360.8772,1995-02-12,0
3471975,104347.9899,1995-02-18,0
325954,104347.7139,1995-01-04,0
5661415,104326.5548,1994-12-26,0
3823424,104319.7537,1995-02-10,0
3133698,104287.7642,1995-01-02,0
2168071,104270.346,1994-11-18,0
5666147,104178.7413,1995-02-18,0
1186787,104152.3201,1995-02-22,0
5913862,104072.95,1995-02-06,0
5094370,104061.7356,1995-01-22,0
2129860,104042.7054,1995-01-27,0
4062275,104031.5012,1995-03-01,0
1067812,103978.9296,1995-01-04,0
1921863,103948.5202,1995-02-02,0
1261507,103942.2016,1995-01-23,0
5540770,103923.411,1995-01-07,0
5896261,103905.8235,1995-02-11,0
5482822,103903.7354,1994-11-25,0
3201255,103891.6641,1995-01-25,0
3554881,103876.4344,1995-01-31,0
1925187,103837.0278,1995-02-14,0
3254627,103773.426,1994-12-10,0
5401287,103772.6016,1995-02-15,0
2982722,103759.9628,1995-01-09,0
4565732,103757.1828,1994-12-28,0
1975494,103748.913,1994-12-19,0
647463,103741.1305,1995-01-21,0
986084,103721.121,1995-02-24,0
2067719,103715.7432,1995-01-22,0
1368229,103712.569,1995-01-06,0
4319431,103692.94,1995-02-08,0
3685346,103686.9026,1995-03-05,0
1878818,103673.3048,1995-01-17,0
2654689,103655.9744,1995-01-08,0
2429187,103610.7392,1995-02-24,0
2726560,103589.7657,1995-02-17,0
5242887,103585.2968,1995-02-27,0
5090055,103566.5041,1995-03-07,0
4899651,103544.1948,1995-01-08,0
1078018,103526.5962,1995-02-04,0
5839588,103516.8484,1995-02-20,0
5956675,103506.6391,1994-12-19,0
46116,103482.1023,1995-01-08,0
3007652,103463.1958,1995-02-01,0
2562311,103460.587,1995-02-06,0
678663,103451.202,1994-12-30,0
5685794,103431.64,1995-01-27,0
5456802,103422.2928,1995-01-04,0
1817058,103397.2978,1995-02-03,0
5732902,103393.5836,1995-01-08,0
3464225,103371.7288,1995-02-03,0
1433411,103324.8872,1995-02-12,0
3845157,103316.3609,1994-12-23,0
642113,103269.2136,1994-12-28,0
2362980,103252.5585,1995-01-07,0
1115619,103234.668,1995-03-02,0
649187,103147.0179,1994-12-10,0
4360519,103137.9214,1995-02-17,0
3657543,103115.3744,1995-02-26,0
2381376,103069.6,1995-01-11,0
5779264,103052.9907,1994-12-02,0
1779523,103045.1339,1995-02-01,0
5049031,103029.02,1994-12-30,0
3336098,103008.9708,1995-02-22,0
156679,102996.333,1995-02-12,0
719143,102986.3011,1995-01-22,0
25926,102980.6356,1994-11-21,0
5836066,102979.5066,1994-12-18,0
3440449,102959.288,1995-01-11,0
3675047,102925.2009,1995-01-01,0
3845152,102906.8328,1995-01-18,0
5647236,102905.503,1995-02-18,0
183043,102898.9075,1995-03-05,0
4552518,102830.3388,1995-02-23,0
2439782,102829.7657,1995-01-28,0
2222336,102813.4275,1995-01-09,0
5465345,102783.8764,1995-03-06,0
3753506,102759.644,1995-02-11,0
1755456,102732.48,1995-02-02,0
4351108,102719.9594,1995-01-10,0
4924646,102690.824,1995-02-12,0
3897507,102688.0518,1995-02-25,0
3817187,102677.2891,1994-12-12,0
1707617,102675.9323,1995-01-16,0
82240,102632.9799,1995-02-14,0
1343366,102625.2316,1994-12-19,0
3032262,102606.5764,1995-01-01,0
4952646,102593.505,1995-01-15,0
336933,102588.8144,1994-12-25,0
235360,102576.9812,1994-12-15,0
3071205,102574.7346,1994-12-16,0
5386016,102574.1288,1994-12-24,0
1854592,102565.0612,1994-12-24,0
2921250,102534.0852,1995-02-06,0
4090820,102523.9935,1994-12-15,0
2109504,102513.7315,1995-02-22,0
4091751,102503.8224,1994-12-05,0
3347872,102503.2272,1994-12-24,0
471365,102500.4318,1995-01-25,0
5563398,102482.0308,1995-02-21,0
2934883,102465.8232,1994-12-31,0
4423842,102459.8856,1994-12-26,0
5605187,102432.24,1995-01-18,0
313827,102402.2554,1995-02-18,0
1354087,102396.2091,1995-01-06,0
601223,102374.031,1994-12-23,0
4380194,102353.6214,1994-12-23,0
3337636,102351.4646,1995-02-24,0
1102563,102340.6765,1994-12-22,0
630145,102305.1577,1995-01-09,0
1936069,102302.7244,1994-11-26,0
5867426,102295.7334,1994-12-27,0
3283106,102267.2016,1994-12-13,0
5623873,102252.6516,1995-01-22,0
3556320,102236.5194,1995-01-04,0
4287845,102204.6396,1995-01-15,0
4781189,102180.9084,1995-03-01,0
780834,102177.9192,1994-11-19,0
1870178,102167.681,1995-01-01,0
1638182,102154.4314,1995-02-27,0
1358247,102107.4807,1995-01-17,0
816450,102085.64,1995-01-17,0
1378342,102041.4804,1995-02-28,0
4273696,102034.4887,1995-01-21,0
1723330,102031.3506,1995-02-20,0
5201027,102004.075,1995-02-08,0
693090,101948.7484,1995-02-17,0
3194117,101923.1744,1995-01-22,0
412288,101916.0611,1995-03-01,0
5620644,101912.7346,1995-01-18,0
2141125,101899.9128,1994-12-13,0
2990406,101866.1479,1995-01-22,0
3516967,101858.3673,1994-12-12,0
4449377,101829.7596,1995-01-29,0
1550336,101810.4924,1995-02-16,0
589894,101806.5504,1995-02-25,0
3896612,101804.4546,1995-01-15,0
3634978,101775.1232,1995-02-22,0
1770017,101768.1396,1994-12-14,0
2028291,101763.5064,1994-12-18,0
2163328,101761.0608,1995-01-01,0
1927206,101760.1838,1995-03-01,0
2082434,101742.7553,1995-02-24,0
450723,101730.2678,1995-02-23,0
4600773,101721.754,1995-02-02,0
3160257,101699.33,1995-01-21,0
5190944,101676.3862,1995-01-28,0
1680933,101663.4593,1995-01-07,0
993218,101660.7288,1995-01-06,0
3863937,101645.8284,1995-01-22,0
5890947,101608.1005,1995-02-06,0
3120707,101563.195,1995-01-11,0
5278048,101556.171,1995-02-06,0
4395655,101554.0222,1995-01-19,0
2381156,101535.4808,1995-01-30,0
5482631,101532.9441,1995-03-02,0
3230980,101470.3962,1994-12-15,0
712832,101423.6467,1995-01-26,0
3052581,101416.8002,1995-02-10,0
1483173,101379.465,1995-01-23,0
1386853,101355.7904,1994-12-27,0
3523238,101318.496,1995-01-14,0
57217,101303.8731,1995-01-22,0
3971332,101292.7712,1995-01-18,0
2709249,101252.386,1995-02-22,0
2087559,101249.5938,1995-01-10,0
3717731,101248.9254,1994-12-30,0
5587015,101242.512,1995-02-11,0
4792097,101236.6706,1995-01-30,0
5533506,101231.8032,1995-01-15,0
1809665,101209.0751,1995-02-05,0
5487975,101181.7728,1995-01-08,0
2777509,101166.1231,1995-02-03,0
1855269,101158.759,1995-01-08,0
4791269,101147.8062,1995-02-19,0
2086084,101146.6279,1995-02-05,0
2012967,101093.085,1995-02-25,0
4576322,101091.1916,1995-01-06,0
579811,101077.524,1995-02-28,0
2347745,101060.4472,1995-02-03,0
4321920,101023.8736,1995-03-01,0
1688198,100977.3864,1995-01-28,0
3638145,100971.2562,1995-02-25,0
3906214,100940.8584,1995-02-09,0
1825478,100922.1326,1995-01-28,0
4835110,100921.4364,1995-01-05,0
3871553,100920.3795,1995-01-27,0
1061569,100905.1101,1994-12-24,0
347104,100866.249,1994-12-20,0
5059301,100842.84,1995-01-30,0
1528007,100830.0972,1994-12-18,0
3745698,100748.3302,1995-02-04,0
1789860,100746.1555,1995-03-05,0
3880357,100727.549,1994-12-20,0
99106,100711.6566,1994-12-30,0
633248,100704.773,1995-02-09,0
920130,100689.0674,1995-01-07,0
3550118,100684.7344,1994-12-14,0
3098049,100668.5576,1994-12-01,0
78499,100646.7531,1995-02-22,0
4899233,100641.4596,1995-02-16,0
4631780,100632.465,1994-12-31,0
3074756,100580.2146,1995-01-31,0
2107878,100552.7232,1995-02-28,0
5792806,100539.619,1995-01-01,0
3963460,100532.0228,1994-12-26,0
5829761,100511.4811,1995-01-20,0
2199873,100505.2644,1995-02-03,0
238791,100500.0496,1995-02-07,0
4362176,100488.6092,1995-02-07,0
5524327,100454.836,1995-03-07,0
5903813,100448.3178,1995-01-22,0
1725635,100423.292,1995-01-27,0
3201156,100416.2887,1995-02-04,0
1451744,100397.76,1995-01-20,0
5801351,100385.3648,1995-02-07,0
5246759,100289.6385,1994-12-22,0
1774534,100275.1408,1995-01-12,0
3191908,100255.4572,1995-03-01,0
2758375,100165.0635,1995-02-01,0
4839712,100158.6741,1995-03-05,0
771489,100149.3,1995-02-11,0
1148708,100109.5,1995-02-07,0
3078595,100097.5152,1995-02-09,0
726086,100052.6058,1995-01-07,0
749985,100028.7746,1995-02-15,0
4710949,100014.5865,1995-01-20,0
1649728,100007.4232,1995-01-08,0
1741415,99999.146,1995-03-04,0
5016388,99987.079,1995-02-12,0
513380,99973.2544,1995-02-14,0
512866,99961.5216,1994-12-05,0
3336034,99936.699,1995-01-04,0
5939297,99934.008,1994-12-12,0
4175205,99931.3429,1995-02-01,0
2340355,99885.0352,1994-11-24,0
4064962,99869.7264,1995-02-09,0
4655393,99817.2072,1995-01-13,0
4538501,99774.2888,1995-01-31,0
3382272,99760.7863,1995-02-17,0
5841120,99749.0,1994-12-29,0
838753,99713.2896,1995-01-01,0
4242240,99659.3536,1995-02-16,0
3743590,99619.515,1995-01-19,0
3981952,99587.2557,1995-02-18,0
1024327,99476.7256,1995-01-14,0
3112327,99475.6056,1995-02-25,0
3538086,99455.8883,1995-02-18,0
2870468,99448.6667,1995-03-07,0
2648000,99423.7006,1995-01-31,0
4616163,99423.279,1995-01-26,0
845733,99421.3001,1995-02-26,0
2779877,99384.9528,1995-01-01,0
1717189,99363.5504,1995-03-03,0
5712102,99354.8806,1995-01-19,0
445763,99316.6381,1995-01-26,0
2782052,99303.0156,1995-02-19,0
2197539,99290.5824,1994-12-21,0
1553990,99260.0576,1994-12-19,0
3288579,99248.2522,1995-03-03,0
2847840,99201.2284,1994-12-22,0
5029793,99178.4494,1995-01-11,0
2506118,99144.3134,1995-01-08,0
3890116,99135.3784,1995-02-17,0
5226789,99107.1725,1994-12-15,0
4718180,99098.637,1995-01-18,0
467361,99047.5,1995-01-10,0
407424,99044.2156,1995-02-06,0
5005347,99035.2442,1995-03-02,0
1213958,99030.0096,1995-01-06,0
1022628,99018.4093,1995-02-06,0
2555718,99009.084,1995-03-03,0
5938051,99000.9364,1995-02-19,0
4182176,98998.326,1995-02-06,0
4892483,98973.7863,1995-02-25,0
952903,98956.7456,1994-12-30,0
4893856,98866.67,1995-01-11,0
2057543,98855.9882,1995-02-25,0
3981799,98846.0793,1995-01-27,0
5902306,98843.2404,1995-02-20,0
1131206,98831.3646,1995-02-26,0
3561669,98783.7771,1995-02-16,0
5519747,98774.0292,1995-01-28,0
4810023,98755.8264,1995-02-08,0
2316098,98740.8704,1995-01-14,0
923207,98739.8154,1995-02-08,0
190368,98733.8581,1995-02-06,0
1214147,98710.6236,1995-01-11,0
215938,98657.8248,1995-01-26,0
928866,98642.006,1995-01-02,0
2843524,98620.6334,1995-01-11,0
2147777,98598.2571,1994-12-29,0
5326628,98587.0592,1995-01-22,0
1278279,98538.903,1994-12-11,0
1703239,98522.8572,1995-02-11,0
5318949,98516.979,1994-12-20,0
1109798,98496.5172,1995-02-06,0
5517729,98458.5378,1994-12-20,0
5435296,98454.752,1994-12-20,0
2915013,98432.8334,1995-02-16,0
5382592,98402.3818,1995-01-30,0
983494,98321.0094,1995-01-06,0
1111975,98292.7988,1995-01-17,0
2747876,98289.8028,1995-01-05,0
3748388,98278.9822,1994-12-16,0
4157025,98249.5536,1995-01-24,0
4008673,98243.7432,1994-12-26,0
4052578,98236.2244,1995-01-02,0
4351590,98222.579,1995-01-24,0
5629249,98214.9447,1995-01-10,0
5911937,98210.904,1995-01-17,0
2621921,98209.6824,1994-12-21,0
2930657,98198.1084,1995-01-25,0
4070950,98194.382,1995-02-01,0
1608869,98161.2336,1995-01-31,0
838597,98122.3558,1995-02-02,0
2294912,98117.2941,1995-02-24,0
4861857,98059.6641,1995-01-18,0
2766560,98056.2769,1995-01-12,0
3895586,98053.705,1994-12-01,0
4679554,98039.9877,1995-03-07,0
2384898,97993.0068,1995-02-04,0
4609890,97984.7046,1994-12-18,0
4911492,97980.0052,1995-03-04,0
2200453,97957.0926,1995-01-24,0
1218886,97948.955,1995-02-13,0
1307619,97939.1186,1994-12-17,0
727174,97904.4148,1995-01-17,0
266277,97901.0956,1995-01-18,0
5406244,97895.999,1995-01-01,0
3115108,97893.55,1995-01-23,0
3241857,97864.029,1995-01-30,0
3750630,97841.813,1995-01-06,0
4101541,97836.5714,1995-01-20,0
976709,97836.4763,1995-01-16,0
1712517,97832.3914,1994-12-13,0
1326945,97801.0692,1995-03-01,0
1004615,97771.3874,1995-01-09,0
1745952,97743.0,1994-12-29,0
2399750,97724.0,1994-11-27,0
56711,97685.7264,1995-02-07,0
3024356,97677.2451,1995-02-22,0
932773,97580.6432,1995-02-26,0
3915779,97577.8133,1995-02-10,0
3723078,97574.2627,1995-02-12,0
629348,97551.333,1995-03-03,0
3493541,97529.1525,1995-02-22,0
5665794,97518.4656,1995-02-04,0
1435840,97490.9542,1995-01-06,0
3074311,97472.5111,1995-01-06,0
2936519,97444.3104,1995-01-13,0
4305990,97440.6443,1995-01-22,0
1221863,97431.7437,1994-12-11,0
2467525,97424.3358,1995-01-03,0
4500388,97398.9216,1995-02-10,0
682180,97388.3466,1994-12-09,0
4349959,97381.235,1995-02-27,0
4026084,97379.7888,1995-01-07,0
1006503,97376.5562,1994-12-17,0
3029472,97355.772,1994-12-24,0
2253991,97302.324,1994-12-14,0
1820802,97300.5154,1995-01-05,0
521734,97293.5895,1995-02-21,0
2577671,97281.5744,1994-12-16,0
316807,97264.8129,1995-03-07,0
47650,97263.9264,1995-02-06,0
4388903,97241.9203,1995-02-07,0
3475457,97209.1655,1995-03-01,0
2662594,97158.075,1995-01-23,0
3691718,97145.3643,1995-02-27,0
5773379,97141.4416,1994-11-27,0
4642656,97139.6106,1995-01-15,0
3024327,97114.7636,1995-01-30,0
3501763,97114.08,1995-02-02,0
477766,97113.3424,1995-02-28,0
3240101,97096.1152,1995-03-06,0
974948,97067.7204,1995-01-14,0
799783,97064.8553,1995-01-09,0
1534243,97056.711,1995-02-07,0
2011430,97045.5973,1995-01-01,0
4089826,96984.1212,1995-02-26,0
1992450,96983.1504,1995-01-26,0
1721987,96956.8512,1995-01-02,0
5095616,96937.1436,1995-02-13,0
966081,96922.7534,1994-12-25,0
2998468,96900.7782,1995-02-08,0
555139,96860.6901,1995-03-06,0
1477253,96833.9897,1995-01-20,0
4618594,96819.434,1994-12-13,0
3425222,96778.578,1994-12-23,0
770499,96773.244,1994-12-11,0
385826,96760.9241,1995-01-15,0
2359744,96731.8228,1995-03-05,0
5920772,96717.9259,1994-12-30,0
1046403,96712.7516,1994-12-08,0
4038628,96711.9738,1994-12-16,0
2534918,96701.946,1995-01-04,0
3889061,96677.088,1995-03-05,0
493856,96675.2864,1995-03-07,0
1936261,96597.709,1994-12-30,0
3372006,96587.9096,1995-01-16,0
5632070,96568.5584,1994-12-02,0
1440967,96552.8439,1994-12-31,0
1007363,96512.0126,1994-12-28,0
4240032,96497.6502,1994-11-24,0
1852324,96490.1049,1995-01-23,0
5490758,96478.1612,1995-01-22,0
1041537,96462.7961,1994-12-20,0
4829539,96446.4,1994-12-15,0
2804070,96433.5304,1995-01-20,0
4192836,96414.322,1994-12-25,0
3458855,96401.559,1995-02-03,0
1455174,96380.5268,1995-02-06,0
2612294,96364.5122,1995-02-17,0
218145,96312.1848,1995-02-16,0
1664005,96293.8788,1994-12-21,0
3940131,96290.039,1995-01-30,0
144388,96289.9101,1995-01-18,0
3660102,96289.524,1995-02-10,0
4286117,96281.829,1995-01-06,0
4135143,96270.0585,1994-12-06,0
2041350,96239.183,1995-03-06,0
5512963,96129.1601,1995-02-08,0
737985,96098.6932,1995-03-01,0
1592193,96095.7983,1994-12-26,0
2815874,96056.8094,1994-12-18,0
2004614,96050.4616,1995-02-01,0
3440995,96031.02,1995-02-05,0
457927,96002.0514,1994-11-30,0
2870023,95910.271,1994-12-20,0
5216902,95901.0444,1995-02-14,0
2110500,95880.6723,1994-12-29,0
3316032,95870.534,1994-12-12,0
356102,95868.4002,1995-01-27,0
1007844,95855.5696,1995-02-20,0
5492550,95851.84,1994-12-14,0
3191941,95843.3976,1995-03-05,0
1813313,95812.2617,1995-02-27,0
171301,95802.2139,1995-01-15,0
963491,95789.4168,1994-11-27,0
3807712,95784.6864,1995-02-25,0
5400929,95776.749,1995-01-11,0
2997318,95724.7372,1995-01-07,0
922917,95705.9336,1995-01-04,0
402087,95694.3915,1995-01-22,0
3518050,95660.033,1995-02-07,0
1858311,95645.3832,1994-12-21,0
1153283,95631.0761,1995-01-16,0
1523589,95626.2,1995-03-02,0
5353062,95624.797,1994-12-31,0
5921764,95586.192,1994-12-30,0
3489479,95586.0152,1995-02-23,0
3963142,95552.6748,1995-01-24,0
4726596,95545.6628,1995-02-04,0
3285958,95542.03,1994-12-08,0
4120003,95498.988,1994-12-16,0
2779330,95476.1346,1994-12-25,0
999616,95457.8326,1995-01-25,0
2115234,95452.066,1994-11-24,0
325636,95444.7415,1995-02-25,0
2873090,95428.7293,1995-02-25,0
5042119,95427.8686,1995-01-16,0
2369828,95341.0428,1995-02-16,0
3970721,95266.1293,1995-02-19,0
4123399,95255.9052,1995-01-29,0
513888,95248.9177,1995-01-27,0
889888,95217.643,1994-12-16,0
5415365,95200.58,1994-12-21,0
3387905,95200.1846,1995-02-02,0
3925543,95193.2682,1995-02-19,0
706662,95170.7943,1995-01-06,0
3383140,95149.238,1995-02-08,0
4853925,95131.8921,1994-12-21,0
5165282,95109.2926,1995-01-22,0
3834945,95069.2152,1995-02-09,0
2199361,95040.8114,1995-02-08,0
500450,94987.8025,1994-12-21,0
5334689,94970.4192,1994-12-16,0
1185730,94946.1924,1994-12-30,0
1022626,94941.5728,1995-02-09,0
1612320,94909.596,1995-01-01,0
1559399,94904.1112,1994-12-20,0
3350117,94881.9868,1995-02-28,0
285121,94865.753,1995-01-11,0
4240324,94861.4099,1995-01-09,0
1867364,94834.9653,1994-12-19,0
1936736,94821.6753,1995-01-12,0
1640454,94763.4506,1995-01-10,0
3062759,94690.6635,1995-02-05,0
2951750,94679.2944,1995-02-06,0
2441410,94671.2533,1995-02-24,0
3399397,94644.2874,1994-12-08,0
1826112,94625.9144,1994-12-15,0
4449696,94597.7085,1995-01-23,0
4104197,94595.5031,1995-02-20,0
5747013,94586.2352,1995-01-09,0
3043201,94583.7864,1994-12-19,0
5301765,94583.5575,1995-03-01,0
327617,94558.0524,1994-11-24,0
424133,94542.662,1995-03-06,0
5885763,94538.571,1995-02-18,0
2084517,94532.698,1994-11-23,0
1006245,94503.3408,1995-02-05,0
3708162,94483.5371,1995-01-02,0
2371527,94479.636,1994-12-27,0
3305504,94436.3493,1995-01-29,0
3545283,94431.0914,1995-01-13,0
2433092,94398.348,1995-02-02,0
2997731,94390.7144,1995-02-09,0
307495,94347.1008,1995-02-20,0
2517254,94344.4368,1995-02-15,0
1594085,94319.1448,1995-01-01,0
1763685,94318.154,1995-03-02,0
612193,94311.7902,1994-12-05,0
2933475,94292.272,1995-01-29,0
2656743,94279.18,1994-12-15,0
685348,94274.676,1995-02-16,0
5722663,94262.9584,1994-12-06,0
4054850,94235.07,1995-02-18,0
5836195,94192.762,1995-02-26,0
3833507,94161.5307,1994-11-15,0
5687269,94159.2854,1995-01-28,0
5628513,94119.1746,1994-12-19,0
4995651,94097.7165,1995-02-03,0
2089571,94096.9795,1995-01-29,0
3370885,94095.388,1995-02-07,0
4760320,94078.7424,1995-03-01,0
3245860,94043.0736,1995-01-23,0
1736614,94029.5572,1994-12-18,0
5187719,94024.14,1994-11-08,0
4611297,94010.1123,1994-12-10,0
3509925,94003.767,1995-01-02,0
2545795,93986.3352,1995-01-01,0
1741606,93984.537,1995-01-30,0
4503522,93943.5916,1994-12-29,0
5174753,93933.8816,1995-02-01,0
2710144,93888.8272,1995-01-28,0
5991907,93877.2429,1995-01-07,0
1822662,93874.984,1994-12-13,0
3864292,93867.9568,1995-02-24,0
1284736,93841.3364,1995-01-23,0
3483047,93827.3547,1995-01-29,0
4714630,93827.0324,1995-01-04,0
139969,93827.013,1995-01-02,0
4305732,93824.4534,1995-02-04,0
4348453,93808.8274,1995-01-05,0
4180262,93805.4,1995-02-04,0
5051397,93781.734,1995-01-01,0
4395011,93781.661,1995-03-03,0
1195009,93772.5682,1995-02-18,0
979431,93763.0008,1995-01-10,0
4796673,93753.8724,1995-02-28,0
5332934,93707.4436,1995-01-13,0
1118208,93690.9405,1995-02-01,0
1512352,93690.7222,1994-11-21,0
850981,93671.8717,1995-03-04,0
4086464,93649.7568,1995-02-18,0
4115140,93648.3841,1995-02-08,0
5073893,93590.9964,1994-12-25,0
1981925,93585.504,1994-12-23,0
3199910,93583.762,1994-11-24,0
1876388,93541.4212,1994-12-21,0
4304934,93507.777,1995-01-24,0
2088962,93500.616,1994-12-15,0
3249221,93490.53,1994-11-30,0
3487431,93485.789,1995-02-03,0
308293,93468.7616,1995-01-08,0
2434372,93411.7312,1995-01-29,0
4589733,93406.9794,1995-01-07,0
3517126,93391.8918,1995-01-08,0
5775749,93383.8242,1994-12-01,0
487397,93376.826,1995-01-16,0
1975239,93375.1496,1995-03-03,0
2591588,93358.08,1995-03-02,0
2988807,93331.1584,1994-12-14,0
1594311,93306.0357,1995-02-15,0
1909795,93268.5878,1995-02-27,0
2165765,93252.9192,1994-12-31,0
5963008,93220.256,1994-12-18,0
3269409,93198.3,1995-02-23,0
2136514,93129.7722,1995-01-06,0
2208993,93093.7265,1995-02-02,0
3367267,93073.7955,1994-12-17,0
4916775,93073.26,1994-11-12,0
4142981,93030.054,1995-01-13,0
1319107,93026.2644,1995-01-24,0
2960389,92987.8428,1995-02-01,0
281828,92985.0804,1995-02-14,0
4493668,92970.0884,1995-01-21,0
259301,92936.8858,1994-12-17,0
4184674,92930.9664,1995-01-12,0
41895,92925.523,1995-01-11,0
1336356,92896.65,1994-11-19,0
3934949,92880.277,1994-12-01,0
116327,92872.9494,1994-12-11,0
2078242,92854.2678,1995-01-12,0
1106405,92838.1856,1994-12-27,0
3009446,92830.3719,1995-03-03,0
2629477,92828.0926,1995-01-21,0
4657383,92813.4513,1994-12-26,0
1282594,92812.14,1994-11-26,0
4419744,92786.057,1995-02-23,0
5763045,92785.887,1995-01-06,0
4680133,92781.6726,1994-12-20,0
1575872,92761.0992,1995-01-25,0
4412291,92741.028,1994-11-15,0
3092710,92720.7654,1995-02-10,0
3824290,92676.0408,1995-03-05,0
1099809,92665.5962,1995-02-26,0
3410144,92653.5164,1995-01-17,0
5271010,92643.2675,1995-02-13,0
4476867,92642.5656,1994-11-30,0
362565,92627.9526,1994-12-05,0
4395489,92611.7341,1995-02-05,0
3564101,92585.5186,1995-01-03,0
1026148,92583.4736,1994-12-30,0
5647397,92579.4402,1995-02-17,0
2458848,92555.404,1995-01-22,0
596611,92541.0178,1995-01-22,0
531043,92538.1996,1995-02-01,0
1913158,92513.52,1995-02-03,0
3091106,92491.202,1995-01-20,0
4575363,92487.5728,1994-12-30,0
2636775,92486.01,1995-01-05,0
5769831,92481.2334,1995-02-11,0
4230785,92472.8131,1995-02-02,0
5544417,92465.1129,1995-01-11,0
5132901,92460.1698,1995-02-25,0
3748229,92453.932,1994-12-31,0
1857894,92449.1624,1994-12-30,0
4555169,92426.398,1995-02-06,0
5529217,92387.0788,1995-02-05,0
1598402,92377.96,1994-12-30,0
5956576,92338.0326,1995-02-11,0
3973190,92337.232,1995-01-22,0
1796516,92324.693,1995-01-26,0
680775,92308.8896,1995-01-26,0
3120162,92297.5288,1995-03-01,0
5219296,92288.9193,1994-12-30,0
2652548,92262.6404,1995-01-27,0
5864036,92247.888,1995-01-12,0
5184839,92225.7664,1994-12-30,0
5377254,92211.936,1995-01-21,0
5051940,92203.608,1995-02-15,0
3927104,92193.4028,1995-01-21,0
862147,92172.9754,1995-01-08,0
4075554,92155.1904,1995-02-03,0
2723812,92150.922,1995-02-11,0
5395812,92144.1374,1994-11-17,0
2688869,92116.752,1995-01-14,0
5520930,92111.5162,1994-12-31,0
4267139,92072.492,1995-02-07,0
3314177,92067.1284,1995-01-12,0
1378981,92040.0279,1995-02-08,0
1009767,92011.1397,1995-01-10,0
4607622,91997.4234,1994-12-04,0
5248646,91988.4768,1995-02-13,0
4356451,91977.276,1994-12-20,0
3569255,91968.5868,1994-12-21,0
2712644,91946.322,1995-01-03,0
4162050,91942.2714,1995-01-19,0
3526241,91889.684,1995-01-29,0
2192583,91882.1916,1994-11-28,0
3745985,91878.7167,1995-01-29,0
867809,91877.256,1995-01-20,0
4606404,91870.3104,1995-03-05,0
5640965,91836.4044,1994-12-13,0
2289607,91808.113,1995-02-26,0
4242917,91769.3703,1994-11-16,0
3499265,91766.0352,1994-11-21,0
1105154,91744.8798,1995-02-10,0
2833569,91735.127,1995-01-22,0
4267527,91709.07,1994-11-30,0
2733824,91683.7812,1995-02-10,0
4739237,91657.6304,1994-12-02,0
512935,91656.27,1995-01-12,0
5398180,91643.229,1994-12-13,0
281443,91621.0164,1995-01-05,0
1949638,91618.7754,1995-01-18,0
2113446,91594.4872,1995-01-08,0
5846817,91580.7568,1995-01-20,0
1600416,91579.2804,1995-01-26,0
4649031,91574.989,1995-02-06,0
2773120,91573.0008,1995-01-25,0
3387749,91544.7096,1994-12-27,0
2939809,91539.012,1994-12-19,0
3796006,91537.6966,1995-02-26,0
1729124,91527.9246,1994-12-25,0
603045,91493.63,1995-01-07,0
3851651,91476.4282,1995-01-12,0
3728967,91468.9648,1994-12-10,0
625029,91460.485,1995-02-26,0
5781989,91408.1648,1995-03-04,0
172225,91395.6596,1995-01-24,0
3567812,91379.732,1994-12-23,0
5608164,91364.488,1995-01-04,0
2251778,91364.2093,1995-02-12,0
3747650,91347.81,1994-12-08,0
2549091,91342.8288,1995-02-09,0
1066247,91342.0595,1995-02-03,0
4616864,91337.972,1994-12-26,0
101668,91328.007,1994-12-27,0
3341605,91324.8492,1995-02-16,0
1808705,91319.4958,1995-02-04,0
356164,91275.2604,1994-12-20,0
2428768,91271.0712,1995-02-12,0
1221798,91250.557,1995-01-20,0
2934663,91242.7711,1995-02-04,0
5931265,91226.9568,1995-02-13,0
940999,91107.6156,1995-01-12,0
530496,91107.3618,1995-02-23,0
942240,91092.016,1995-02-13,0
367141,91088.385,1995-02-08,0
5221412,91076.1506,1994-12-28,0
4257318,91053.0418,1994-12-29,0
2455303,91051.3264,1995-01-21,0
5596423,91043.8859,1995-02-06,0
4485989,91030.9062,1995-01-15,0
275655,91030.7844,1995-03-07,0
1896608,91013.7744,1995-01-10,0
125472,90996.6483,1995-01-09,0
2526212,90974.7152,1995-03-06,0
4988965,90936.0706,1995-03-01,0
1770116,90926.3601,1995-02-05,0
481798,90907.224,1995-02-26,0
5525090,90906.3906,1995-02-18,0
5294916,90885.5478,1995-03-05,0
5686791,90873.2409,1995-01-28,0
5941958,90824.7552,1994-12-24,0
4949573,90805.36,1995-01-06,0
2574182,90795.9611,1995-03-02,0
834689,90793.736,1994-12-23,0
851526,90763.4934,1994-12-07,0
4213604,90753.9836,1995-01-04,0
2060677,90725.2431,1995-02-05,0
1314244,90698.5526,1995-01-21,0
5399427,90659.9568,1994-12-11,0
690819,90651.5904,1995-01-20,0
4756774,90639.648,1994-12-20,0
1132707,90634.4355,1994-11-30,0
5077696,90627.9216,1995-02-09,0
4866182,90621.508,1994-11-26,0
4221766,90618.1992,1995-02-08,0
5929510,90616.7776,1995-02-11,0
4695328,90600.9432,1995-01-13,0
829287,90591.0951,1995-01-22,0
3305122,90574.504,1995-01-18,0
5963847,90570.9465,1995-01-28,0
1209826,90546.7858,1995-02-03,0
5471971,90545.5538,1995-02-18,0
4360642,90518.5072,1995-02-01,0
5939204,90488.2744,1995-01-19,0
1982055,90439.414,1995-01-11,0
5594887,90417.1326,1995-01-14,0
5017222,90408.5514,1994-12-28,0
3528261,90406.3856,1994-12-11,0
910471,90372.6528,1994-12-06,0
920998,90308.1526,1995-01-30,0
287299,90294.6159,1995-02-06,0
2438663,90248.7271,1995-02-07,0
5249926,90216.0126,1994-11-28,0
2105860,90199.52,1995-03-01,0
4199269,90178.8164,1995-01-25,0
2642246,90134.3776,1995-03-05,0
2623015,90124.4064,1994-11-11,0
1373441,90104.928,1995-02-03,0
1302055,90096.8064,1995-03-05,0
5161605,90081.7956,1994-11-19,0
2940514,90052.1834,1995-02-14,0
5780101,90024.0608,1995-01-07,0
1680739,90016.3968,1995-02-24,0
1428837,89998.937,1995-01-13,0
350370,89983.836,1995-02-28,0
2270310,89980.904,1995-02-18,0
126497,89907.9432,1995-01-06,0
5329760,89900.1513,1994-12-21,0
3934279,89895.518,1995-02-23,0
5086529,89887.216,1995-01-17,0
5182624,89876.0458,1995-03-05,0
2566468,89822.9017,1995-03-07,0
2340259,89812.5652,1994-12-26,0
1050757,89801.9016,1994-12-23,0
34433,89799.8972,1995-01-20,0
4206884,89797.0689,1995-01-03,0
5017927,89780.9981,1995-02-22,0
1898597,89744.9448,1995-02-05,0
311744,89697.0165,1995-01-16,0
4877350,89686.4292,1994-11-30,0
5410883,89648.52,1994-12-28,0
272096,89625.36,1995-01-28,0
4540453,89616.885,1995-01-05,0
204453,89590.7568,1995-01-26,0
4837028,89578.6327,1995-01-04,0
113475,89543.817,1995-03-04,0
5518688,89532.3709,1995-01-31,0
2842055,89523.8524,1995-02-01,0
2190789,89510.064,1994-11-20,0
2881892,89481.9283,1994-12-17,0
2912355,89473.8285,1994-12-22,0
1877760,89455.5592,1995-01-15,0
642950,89448.9313,1995-01-27,0
4219687,89446.8586,1995-02-01,0
5487458,89443.123,1995-02-07,0
4140356,89434.4511,1994-12-25,0
159779,89417.1,1994-12-24,0
2928546,89351.955,1995-02-22,0
2864134,89317.8408,1995-01-22,0
2802304,89264.7043,1995-02-18,0
4181542,89242.2918,1994-12-01,0
4782020,89206.704,1994-12-04,0
2870502,89199.4521,1995-02-27,0
4654887,89192.16,1995-01-07,0
5307815,89161.428,1995-02-01,0
2287686,89139.7211,1995-01-30,0
5247461,89126.8909,1995-02-13,0
4844353,89123.1936,1995-02-01,0
962658,89120.2314,1995-02-28,0
477828,89087.6914,1995-02-09,0
860131,89037.8792,1995-02-12,0
4066884,89003.7906,1995-01-28,0
3663044,88971.7892,1995-02-06,0
3092128,88913.2036,1994-12-11,0
2807872,88900.41,1995-01-01,0
2667716,88893.9141,1995-01-19,0
911302,88858.7178,1994-12-18,0
3229797,88846.82,1995-01-11,0
2655139,88846.4004,1994-12-09,0
5519333,88837.4032,1995-01-25,0
4127719,88830.7992,1995-02-10,0
3058210,88807.793,1995-03-05,0
2247107,88781.697,1995-01-15,0
5035587,88755.9108,1995-01-23,0
2439041,88701.8502,1994-12-11,0
5153827,88648.2722,1995-01-18,0
790082,88633.5,1995-02-02,0
4036870,88632.1652,1994-12-31,0
2140324,88620.9732,1994-12-09,0
2361152,88614.834,1995-01-28,0
3585383,88605.5133,1995-01-20,0
5267687,88536.175,1995-02-02,0
4190340,88474.155,1995-01-30,0
1759971,88467.5264,1995-02-27,0
5495877,88457.2962,1995-01-15,0
1886146,88450.1492,1995-02-20,0
2146530,88444.5048,1995-01-23,0
4019527,88426.5984,1994-12-31,0
1194117,88423.1445,1995-02-05,0
3522240,88416.5968,1995-02-17,0
2027394,88409.6296,1995-03-07,0
4924167,88400.4982,1994-12-14,0
5737441,88393.3822,1995-02-25,0
4980993,88388.7294,1995-01-14,0
1257607,88359.0506,1995-01-13,0
2619681,88355.0726,1995-02-27,0
2348167,88313.7351,1994-12-23,0
709222,88280.7345,1994-12-22,0
773444,88276.0186,1995-01-06,0
4542116,88245.9982,1994-12-17,0
1941029,88245.0408,1995-02-11,0
4920321,88233.6756,1995-01-01,0
5583040,88221.3378,1994-12-07,0
2055012,88218.342,1995-02-22,0
17668,88183.9707,1994-11-26,0
784007,88183.0779,1995-02-12,0
1279683,88168.251,1995-01-19,0
439968,88144.9956,1995-01-05,0
246406,88120.9628,1995-01-12,0
2523366,88116.531,1995-01-31,0
3956577,88092.6927,1995-01-11,0
1595462,88090.4106,1995-01-24,0
4859846,88088.89,1995-01-20,0
3956166,88065.542,1994-12-15,0
2861728,88053.9132,1994-12-18,0
746880,88028.7712,1995-01-26,0
2320577,88021.9,1995-01-15,0
354023,88015.0096,1994-12-09,0
4568420,88007.1959,1995-01-13,0
220708,87979.0932,1995-01-09,0
2199362,87944.0292,1995-02-04,0
4339616,87923.862,1995-01-23,0
4317283,87903.8775,1995-01-10,0
1595649,87898.991,1994-12-21,0
1198503,87890.6016,1994-12-21,0
3752386,87853.179,1995-01-19,0
2980293,87825.2592,1995-02-19,0
3878274,87820.9542,1995-02-23,0
5039846,87818.3649,1994-12-23,0
1508867,87790.1704,1995-02-14,0
831908,87789.672,1994-12-24,0
1633957,87759.4976,1995-02-28,0
1860450,87750.4768,1995-01-25,0
4253347,87745.6936,1995-02-15,0
3680640,87715.7546,1995-02-15,0
2007524,87708.4791,1994-11-21,0
1033765,87668.0475,1995-01-12,0
5717568,87642.72,1995-01-11,0
1188549,87560.0838,1994-12-25,0
547879,87552.0964,1994-12-03,0
5420004,87551.388,1995-02-06,0
4863779,87545.9624,1994-12-12,0
5649216,87535.618,1995-02-22,0
3766566,87473.0569,1995-01-09,0
3482695,87465.6344,1995-02-08,0
4254019,87454.416,1994-12-09,0
3826370,87395.9148,1994-12-26,0
3527525,87371.8915,1995-01-13,0
2458785,87347.3601,1995-01-01,0
4547777,87345.28,1994-12-18,0
5064546,87298.6492,1995-02-03,0
3245445,87279.6673,1995-01-27,0
2576256,87264.2729,1994-12-13,0
786273,87241.4415,1994-12-19,0
3322469,87240.6431,1995-02-15,0
5864896,87191.5967,1994-12-01,0
2634788,87166.5408,1995-01-17,0
3841347,87157.9653,1995-01-15,0
2999651,87157.7118,1994-12-16,0
1580293,87144.6212,1995-02-23,0
2604935,87127.7386,1995-02-21,0
3654565,87125.9166,1994-12-22,0
337568,87092.7159,1994-12-12,0
3441729,87089.904,1994-12-24,0
824000,87088.2392,1995-01-15,0
730116,87071.034,1994-12-24,0
5089412,87060.3452,1994-12-07,0
2417923,87058.17,1994-12-21,0
3338209,87057.8328,1995-02-18,0
3396611,87025.677,1995-01-19,0
1350176,87010.6848,1995-01-20,0
1935682,87007.536,1995-01-14,0
4492992,86997.444,1995-01-11,0
734756,86915.808,1995-01-13,0
3240998,86900.6286,1994-12-18,0
4046887,86883.518,1995-01-29,0
3978916,86865.6192,1995-02-07,0
270816,86864.2681,1995-01-27,0
4720483,86854.4266,1995-01-23,0
2878272,86854.2884,1995-01-20,0
3898946,86831.4594,1995-01-23,0
5117890,86819.572,1994-12-10,0
2357920,86819.5159,1995-01-20,0
4363523,86785.7888,1995-01-22,0
330627,86781.5128,1995-01-30,0
4630466,86771.58,1995-03-01,0
2028293,86749.608,1995-02-24,0
5687553,86735.49,1995-01-08,0
3508096,86706.7272,1995-01-14,0
1281,86647.2392,1994-12-11,0
2727175,86642.8181,1994-12-26,0
5156322,86616.9815,1994-12-12,0
1822534,86611.543,1995-01-10,0
4675334,86585.569,1995-02-18,0
5918849,86570.6058,1994-12-30,0
1993063,86549.3664,1994-11-17,0
579650,86548.9208,1995-02-14,0
1255585,86526.2484,1995-02-27,0
4901763,86519.734,1995-02-03,0
580128,86500.0176,1994-12-28,0
1920064,86495.3748,1995-01-31,0
4499042,86462.9275,1995-02-16,0
4272837,86454.7367,1995-02-27,0
2877125,86419.65,1995-02-28,0
159781,86370.7208,1995-01-18,0
3208096,86368.8074,1994-12-13,0
2106852,86362.6216,1995-01-01,0
3742630,86360.4,1995-02-26,0
1230337,86345.3184,1995-01-01,0
4448640,86329.034,1995-02-20,0
4181062,86327.9763,1994-12-18,0
5526562,86307.9938,1995-02-01,0
711940,86304.9775,1994-11-24,0
5623490,86249.9903,1995-02-28,0
2792354,86244.04,1995-01-07,0
1112806,86215.5231,1994-12-10,0
396128,86174.424,1994-11-30,0
177668,86164.5345,1994-11-22,0
5135362,86160.9792,1995-02-05,0
2280836,86159.8671,1995-02-15,0
3235651,86138.4368,1995-02-23,0
844226,86136.0687,1995-02-18,0
3653093,86127.0323,1995-02-16,0
3827940,86080.29,1994-12-19,0
1294113,86073.2817,1995-02-18,0
11073,86067.837,1994-12-02,0
4963331,86047.1584,1995-01-24,0
3394306,86043.7524,1995-01-07,0
1654784,86039.3015,1994-12-23,0
1636069,86003.7972,1995-01-22,0
2961572,85976.5248,1995-02-23,0
3736579,85915.9392,1995-01-30,0
2851970,85908.4432,1994-12-17,0
2999556,85903.85,1995-01-30,0
429922,85901.4202,1995-03-03,0
4761541,85893.5291,1995-01-15,0
2422496,85856.7024,1995-01-31,0
762403,85830.5524,1995-01-05,0
5753797,85827.8316,1995-01-02,0
1225089,85808.4208,1995-02-20,0
2066692,85805.7372,1995-03-04,0
2792353,85801.4642,1995-02-17,0
5618820,85775.116,1995-02-19,0
5147970,85757.955,1994-11-23,0
2212965,85741.8932,1995-02-16,0
4687110,85737.9696,1995-02-02,0
3453795,85732.866,1995-02-26,0
1353792,85729.4964,1995-02-10,0
3084931,85727.0909,1995-02-27,0
3798595,85713.7204,1995-02-24,0
3848994,85689.8862,1995-02-23,0
3216193,85665.4848,1995-01-05,0
772903,85656.6104,1994-12-05,0
343520,85654.457,1995-02-24,0
3723590,85643.8488,1995-02-07,0
1435938,85637.9694,1995-01-09,0
2074277,85635.774,1995-02-21,0
5063970,85610.0402,1995-01-17,0
5516865,85561.0686,1995-01-10,0
5645506,85550.8762,1995-02-06,0
2516583,85542.575,1994-12-30,0
4297861,85533.2379,1994-12-29,0
2605344,85509.9704,1995-01-02,0
752132,85491.542,1995-02-09,0
5951843,85472.3001,1995-02-14,0
1789985,85446.9408,1995-02-13,0
5531489,85414.9978,1995-01-20,0
441735,85413.98,1995-01-09,0
2961057,85404.6664,1995-03-02,0
4571685,85369.446,1995-01-12,0
4461248,85368.1266,1995-01-02,0
3032641,85366.1914,1995-03-06,0
1486599,85358.091,1994-11-23,0
2165668,85350.3378,1995-01-19,0
3089284,85348.8558,1995-01-11,0
66215,85334.6368,1995-01-14,0
2115490,85301.4262,1994-12-11,0
2543043,85288.3455,1995-02-22,0
1842182,85276.7972,1995-01-11,0
5113637,85266.016,1995-01-22,0
3806086,85254.8428,1995-01-18,0
2537095,85249.5833,1994-12-17,0
5363685,85246.0335,1995-01-26,0
4613765,85196.913,1994-12-04,0
4410786,85194.7962,1995-02-06,0
4777379,85184.28,1994-12-24,0
5247940,85132.106,1995-02-07,0
959840,85129.0708,1995-02-03,0
5828358,85121.343,1995-01-31,0
5321921,85114.894,1994-11-25,0
2331008,85096.6624,1995-01-12,0
3268322,85090.0091,1995-01-23,0
5257283,85089.1994,1995-01-18,0
3757985,85061.653,1994-12-29,0
894179,85056.6003,1995-02-05,0
4511107,85046.1398,1994-12-11,0
1078567,85024.5589,1995-02-08,0
5591749,85012.1303,1995-01-16,0
114439,85004.0664,1995-02-21,0
1593991,84957.8944,1994-12-28,0
681511,84951.502,1995-01-06,0
5995909,84946.4721,1995-02-17,0
1586912,84941.1174,1995-02-03,0
4926818,84937.8383,1995-02-01,0
2570243,84925.0959,1995-01-09,0
4392902,84917.7476,1994-11-25,0
3429120,84909.4104,1994-12-30,0
5418560,84907.6444,1994-12-29,0
1906406,84886.704,1995-02-22,0
4002977,84870.7588,1995-02-11,0
2902819,84869.9774,1994-12-16,0
5142118,84834.189,1994-12-05,0
5822787,84833.16,1995-01-09,0
2965665,84825.5715,1995-01-13,0
2313409,84810.7192,1994-12-16,0
3081669,84773.7567,1995-01-09,0
5318277,84732.0054,1995-01-21,0
595045,84729.807,1995-02-09,0
1371972,84677.1822,1995-01-04,0
452807,84653.3952,1994-12-07,0
391490,84648.4032,1995-01-28,0
1922757,84642.7936,1995-01-12,0
3588993,84603.008,1995-01-08,0
1107200,84602.3744,1995-01-14,0
4456450,84599.3783,1995-02-20,0
3166720,84589.2628,1995-02-23,0
5692321,84556.5438,1994-12-10,0
1401348,84551.85,1994-12-28,0
3345376,84551.5512,1995-01-26,0
4993888,84539.3267,1994-12-21,0
241121,84527.7208,1995-01-20,0
5928032,84524.3147,1994-11-18,0
1352807,84514.5728,1994-11-24,0
4614501,84503.18,1994-12-11,0
3110214,84491.1723,1995-02-09,0
2606658,84488.2492,1995-02-04,0
2494562,84480.7415,1995-01-06,0
5253569,84473.9616,1994-11-29,0
5632000,84452.5053,1995-02-21,0
3067174,84449.6147,1995-02-23,0
2193284,84418.0416,1994-12-16,0
2548324,84401.6352,1995-02-02,0
4803461,84398.591,1995-02-21,0
3525441,84391.8172,1994-12-22,0
5239143,84357.2072,1995-02-25,0
207361,84328.5605,1995-01-10,0
22756,84310.64,1994-12-25,0
1867780,84207.356,1994-12-22,0
2181667,84203.2533,1995-01-10,0
3069061,84199.0568,1994-12-19,0
281697,84189.882,1994-12-12,0
2507942,84157.733,1995-01-12,0
3045379,84132.4683,1995-01-09,0
5261735,84127.4478,1994-12-27,0
415012,84118.6176,1995-03-04,0
3083463,84096.4564,1994-11-22,0
771264,84065.94,1995-01-20,0
5582434,84048.651,1995-02-06,0
3449955,84004.602,1995-02-13,0
4933187,83967.9372,1995-01-09,0
4509185,83964.6972,1995-02-23,0
1480865,83962.5605,1995-01-29,0
269799,83960.4912,1995-01-18,0
2019907,83951.11,1995-01-25,0
3382756,83947.8876,1995-01-10,0
3483716,83945.2672,1994-11-18,0
821863,83929.78,1994-11-27,0
5161222,83907.097,1995-03-03,0
438180,83890.2442,1994-12-03,0
4998721,83876.79,1995-01-18,0
3223173,83862.4915,1995-01-10,0
3685124,83859.1992,1995-01-03,0
5511142,83780.7857,1995-02-02,0
1063843,83769.7248,1994-12-08,0
1185473,83743.8156,1994-12-14,0
3784227,83727.48,1995-02-12,0
4363748,83726.5572,1995-01-11,0
3197957,83714.8451,1995-03-02,0
2064770,83709.598,1995-01-07,0
2747840,83704.3044,1994-11-29,0
3571207,83659.9995,1995-01-07,0
3739010,83650.13,1994-12-08,0
564326,83639.615,1995-01-19,0
1213477,83626.056,1995-01-07,0
4853478,83622.9693,1994-12-29,0
381509,83614.576,1995-02-16,0
4618305,83575.1644,1995-02-07,0
2077607,83565.1314,1995-01-10,0
2399907,83546.3916,1995-01-10,0
5862532,83529.468,1995-01-10,0
1810016,83509.7316,1994-12-25,0
594853,83497.666,1995-01-16,0
1004293,83491.6681,1995-01-01,0
1229763,83460.7923,1995-02-18,0
1019206,83441.7598,1995-02-20,0
4402439,83369.8582,1994-12-19,0
4987201,83353.4224,1995-02-21,0
217860,83339.347,1994-12-28,0
106819,83336.6105,1994-12-25,0
1698693,83336.3052,1995-03-03,0
3718342,83333.3661,1995-02-03,0
1391942,83328.465,1995-02-07,0
4337092,83312.202,1995-02-08,0
1631968,83294.3189,1995-01-09,0
1888387,83289.141,1995-01-07,0
4608484,83282.36,1994-11-30,0
1704577,83277.806,1994-12-15,0
3942114,83260.9732,1995-02-01,0
4333312,83254.4284,1995-02-20,0
1581251,83251.392,1995-02-04,0
3565927,83241.4368,1995-01-11,0
2892551,83238.2568,1994-12-13,0
2728257,83201.4964,1995-02-06,0
2881958,83194.65,1994-12-11,0
2128162,83194.5555,1995-03-07,0
2573153,83135.0568,1995-03-02,0
4872706,83127.1728,1995-01-20,0
3716961,83088.99,1994-12-24,0
823328,83075.0161,1995-02-02,0
37863,83045.8222,1995-02-25,0
581191,83009.9774,1994-12-21,0
57378,83003.454,1994-12-29,0
1623236,83003.0058,1994-11-28,0
4991521,82991.742,1995-02-13,0
1694240,82982.77,1994-12-24,0
389728,82980.1344,1994-12-25,0
3325762,82973.8,1995-01-08,0
1820807,82965.652,1994-11-27,0
1242310,82961.7916,1995-02-06,0
5647463,82960.0032,1994-12-16,0
3136771,82929.4425,1995-02-28,0
5750528,82917.3009,1995-03-06,0
2741671,82908.2272,1995-01-26,0
1899109,82904.9087,1994-12-08,0
1012551,82876.3782,1994-12-26,0
768323,82854.2026,1995-01-10,0
1944577,82841.1294,1995-01-29,0
2594948,82829.6796,1995-02-01,0
4562247,82820.1879,1995-01-24,0
2667491,82817.3176,1994-11-28,0
4346021,82814.4818,1995-03-03,0
1616807,82775.7202,1994-12-12,0
4801890,82747.499,1995-01-18,0
274311,82729.7184,1994-12-11,0
4320002,82699.7055,1995-02-26,0
1537478,82687.2233,1995-01-21,0
4904096,82666.6884,1994-12-27,0
596803,82649.1528,1995-01-07,0
2642948,82642.0064,1994-12-26,0
1648548,82632.064,1995-01-10,0
5366469,82617.4926,1995-01-15,0
1012612,82591.3228,1994-12-29,0
3229121,82586.2764,1994-12-21,0
2898054,82562.6484,1994-12-01,0
613671,82503.114,1995-01-16,0
5478629,82469.5431,1994-12-08,0
2487745,82458.9072,1995-03-02,0
5263299,82457.1363,1994-12-14,0
2784262,82442.724,1994-12-21,0
3248007,82435.4388,1994-12-01,0
4020037,82421.7128,1994-12-13,0
3055047,82415.256,1994-12-26,0
5262279,82402.79,1995-01-16,0
5371397,82392.9804,1995-01-09,0
4074756,82384.776,1995-01-16,0
2815844,82352.3256,1995-01-22,0
5487782,82342.7092,1995-02-11,0
4553479,82341.979,1995-02-22,0
5408417,82338.1344,1994-12-20,0
5299684,82321.6119,1994-12-25,0
1106308,82296.9536,1995-02-12,0
5335686,82296.6,1995-02-26,0
4443878,82288.2642,1995-02-09,0
127493,82279.178,1995-01-27,0
3224546,82276.7034,1994-12-16,0
4965635,82269.1415,1995-01-13,0
503171,82213.743,1994-12-02,0
5621058,82203.189,1994-12-18,0
1149478,82202.3232,1995-01-09,0
5885248,82199.783,1994-11-26,0
5318369,82193.9026,1995-02-02,0
457863,82189.9761,1995-03-04,0
1304865,82147.79,1995-01-07,0
5770247,82147.7802,1995-01-09,0
1900769,82145.707,1995-01-24,0
4468706,82142.83,1994-12-27,0
3078022,82138.2132,1994-12-27,0
5471008,82112.646,1995-02-27,0
5151488,82097.5152,1995-03-05,0
2747558,82092.33,1995-02-21,0
1326467,82046.328,1995-01-02,0
4392228,82037.431,1995-01-13,0
3660771,82016.5443,1995-01-14,0
832320,81974.9165,1994-12-19,0
2779751,81946.6779,1995-01-21,0
2716736,81889.1618,1995-02-16,0
4001126,81865.8295,1995-01-28,0
4747012,81864.252,1995-02-03,0
244358,81834.168,1995-02-24,0
5012320,81827.1477,1995-03-01,0
2239460,81817.074,1995-02-04,0
2132929,81806.9101,1995-02-20,0
4492933,81775.2603,1995-01-02,0
4234886,81764.4672,1995-01-07,0
5666852,81727.6416,1995-01-07,0
4261603,81716.7456,1995-02-02,0
2060897,81695.7252,1995-01-21,0
5870498,81690.4124,1995-01-02,0
2156135,81680.9112,1995-01-24,0
3828098,81657.6116,1995-02-18,0
2857030,81648.7006,1995-02-12,0
4790977,81606.9591,1995-02-20,0
2800545,81592.6537,1995-02-13,0
1195107,81589.7336,1994-12-08,0
1115937,81577.4232,1994-12-16,0
4952679,81561.3255,1995-03-05,0
770210,81554.8086,1994-11-25,0
1301028,81552.133,1995-03-04,0
3214531,81536.4554,1995-02-12,0
3147302,81530.3516,1995-01-10,0
4382754,81507.9933,1994-12-02,0
3525217,81499.8892,1994-11-26,0
2823590,81497.5733,1994-12-09,0
2027557,81414.525,1995-02-05,0
2102371,81372.6126,1994-12-07,0
3352643,81347.7324,1995-02-27,0
3683426,81333.516,1995-02-01,0
5337793,81319.7948,1995-02-24,0
4415111,81319.7292,1995-01-14,0
1093058,81316.9252,1995-02-21,0
5106307,81313.3084,1995-02-19,0
1271712,81281.1435,1994-11-21,0
4086854,81274.2812,1995-03-06,0
3913090,81266.6176,1995-01-21,0
3482821,81264.24,1994-12-26,0
90534,81243.2532,1995-01-26,0
5108673,81227.7774,1995-01-11,0
1916162,81215.4135,1995-01-01,0
2671616,81182.6526,1995-02-10,0
5794051,81150.1614,1995-01-10,0
512422,81143.9508,1994-12-26,0
1988612,81117.796,1995-02-13,0
5168549,81109.4118,1995-03-02,0
4799779,81071.4554,1994-12-26,0
5168257,81065.7828,1994-12-03,0
2429920,81041.9698,1994-12-12,0
5617538,81039.6984,1995-01-19,0
2015524,81028.188,1994-12-13,0
4905345,81024.7712,1995-02-15,0
2662916,81021.702,1995-01-26,0
2040071,80996.426,1994-11-22,0
725477,80993.662,1994-12-08,0
3177061,80981.7918,1994-11-15,0
1993318,80934.335,1995-02-16,0
1435429,80927.9685,1995-02-17,0
4192519,80902.6742,1995-02-23,0
1037664,80900.0279,1994-12-16,0
4634375,80874.8775,1994-12-31,0
1378756,80868.2275,1995-02-12,0
2629763,80852.904,1995-02-11,0
4438689,80793.049,1995-01-07,0
4498950,80782.331,1995-02-27,0
2683623,80780.1653,1995-02-19,0
3515457,80768.378,1994-12-05,0
349248,80728.5,1995-02-04,0
4160167,80701.9473,1994-11-27,0
4838659,80692.416,1995-01-29,0
2800711,80686.944,1994-11-13,0
146658,80683.7102,1995-01-20,0
2724868,80640.1755,1994-12-16,0
908384,80620.7688,1995-01-07,0
1762887,80616.5834,1995-02-17,0
3731968,80616.1327,1995-02-14,0
1771141,80605.7222,1995-01-03,0
3562115,80547.0588,1995-02-02,0
4927712,80541.516,1995-02-05,0
59652,80536.34,1995-01-28,0
730695,80532.9161,1994-12-17,0
4884070,80520.965,1995-01-05,0
4914054,80519.3426,1995-02-11,0
1350530,80475.804,1994-12-02,0
3542336,80473.7324,1995-02-12,0
4345634,80469.7005,1995-02-15,0
5708768,80452.3238,1995-01-09,0
4056900,80424.3601,1995-02-04,0
2734982,80414.9694,1995-01-21,0
4241636,80405.109,1994-11-13,0
1951303,80396.7597,1994-12-10,0
641345,80395.28,1995-01-01,0
4097926,80366.6008,1995-02-14,0
5204929,80365.0373,1995-01-23,0
531140,80345.0277,1995-01-20,0
3287427,80334.912,1994-11-15,0
3609637,80332.6161,1995-01-28,0
4624257,80321.523,1995-02-14,0
5204231,80319.3014,1995-02-18,0
652928,80306.4768,1995-01-05,0
836102,80303.905,1994-12-26,0
3851109,80299.9015,1995-01-06,0
3550628,80295.4932,1995-02-24,0
4910021,80278.4496,1995-01-08,0
5548066,80261.6005,1995-01-14,0
4619524,80240.708,1995-03-03,0
3057351,80208.6152,1995-01-17,0
3333344,80174.9166,1995-02-19,0
3316483,80145.5534,1995-01-18,0
1015041,80136.0945,1995-01-10,0
2946343,80126.1063,1994-12-01,0
347714,80076.7212,1994-11-23,0
3157511,80073.7388,1995-02-17,0
3895684,80049.01,1995-01-06,0
817952,80044.86,1994-12-18,0
13479,80025.1752,1994-12-05,0
2004325,80002.314,1994-12-14,0
5341921,79986.2402,1995-01-23,0
5074721,79985.1154,1995-01-19,0
1236224,79980.0112,1994-12-27,0
3730144,79968.0954,1995-03-05,0
1022981,79963.422,1995-01-01,0
457989,79956.261,1994-12-24,0
519393,79946.0858,1995-01-16,0
2008615,79933.1328,1994-11-23,0
1938788,79869.867,1995-01-27,0
4035365,79855.2,1994-12-06,0
1116644,79814.0952,1995-02-06,0
1029027,79812.8023,1994-11-30,0
887045,79808.162,1995-01-24,0
1946976,79799.0877,1994-12-17,0
3368550,79792.281,1995-02-05,0
4704518,79759.884,1995-01-25,0
661249,79757.4241,1995-02-14,0
5793700,79719.5508,1995-02-19,0
1580992,79708.44,1995-02-17,0
3917156,79708.2624,1994-12-17,0
1055490,79698.6773,1995-02-28,0
86086,79691.5224,1994-12-11,0
1095910,79598.3256,1995-01-28,0
5367169,79598.2896,1994-12-17,0
1242244,79596.0792,1995-01-01,0
4959426,79585.044,1995-01-12,0
4029472,79576.2792,1995-02-09,0
3309057,79558.2216,1995-02-01,0
1596580,79553.1819,1995-01-18,0
4209509,79548.231,1995-02-27,0
4819271,79525.646,1995-03-01,0
4779044,79518.9216,1995-02-12,0
936096,79473.7022,1995-02-25,0
4649986,79450.4,1994-12-10,0
5079782,79446.7586,1995-02-26,0
4481542,79424.3054,1994-12-20,0
855970,79419.5988,1995-02-09,0
1302209,79387.49,1995-02-24,0
2202310,79380.09,1995-02-18,0
4742401,79369.983,1995-02-18,0
2033573,79368.521,1995-03-07,0
5985254,79362.663,1995-02-07,0
5886759,79342.58,1994-11-27,0
2721507,79336.6986,1995-02-07,0
3826503,79330.4239,1995-01-09,0
3463841,79320.9648,1995-02-05,0
1678434,79304.2054,1994-12-18,0
453476,79288.3777,1995-01-20,0
5488291,79283.6387,1995-02-22,0
2369056,79278.3,1994-12-31,0
2922503,79256.6058,1995-01-29,0
2488964,79253.1986,1995-02-16,0
2802630,79222.3525,1994-12-18,0
4494694,79209.6206,1995-01-24,0
1167750,79180.2463,1995-02-25,0
2618208,79173.5688,1995-01-16,0
3973538,79156.386,1994-11-13,0
4084897,79129.8486,1995-01-05,0
5204547,79124.452,1994-12-05,0
901314,79114.6298,1995-02-27,0
2854503,79102.9344,1994-12-08,0
5003431,79086.336,1995-01-05,0
1334880,79086.1498,1995-02-11,0
3571456,79062.5527,1995-01-16,0
4804167,79061.157,1995-02-13,0
4924036,79044.4424,1994-12-30,0
4698854,79043.9548,1995-02-26,0
796708,79034.3846,1994-12-01,0
241510,78997.1964,1994-12-23,0
1540674,78989.6034,1995-01-11,0
259909,78984.5444,1995-02-24,0
3327810,78978.9374,1995-02-08,0
1443142,78978.25,1995-01-15,0
2157506,78978.0982,1995-01-30,0
2201060,78957.7425,1995-02-19,0
3581893,78946.2216,1995-02-21,0
2478592,78923.7673,1995-01-09,0
2753088,78923.5,1994-12-27,0
4790530,78907.382,1995-02-04,0
2504647,78889.8261,1995-01-24,0
5304994,78878.3191,1995-02-15,0
3045538,78862.302,1995-02-04,0
952899,78856.44,1994-12-10,0
3415843,78807.5472,1994-12-25,0
1713442,78806.7932,1995-02-08,0
331590,78803.5575,1994-12-10,0
960960,78757.2406,1995-02-03,0
5954534,78755.9858,1995-01-28,0
2120902,78736.096,1994-12-27,0
5933793,78716.088,1995-01-17,0
58500,78709.3734,1995-02-15,0
1491296,78684.0915,1995-01-02,0
3492706,78678.18,1994-12-14,0
4338978,78660.802,1995-02-24,0
2530691,78659.1052,1995-02-21,0
2275491,78641.0712,1995-01-19,0
2720707,78624.1845,1994-12-08,0
5726055,78620.3704,1995-01-28,0
192097,78617.9095,1995-02-20,0
891463,78605.76,1995-01-01,0
5329190,78597.357,1995-01-15,0
3847394,78575.8083,1995-03-05,0
1789414,78568.3172,1994-12-28,0
5275843,78557.5197,1995-01-27,0
1123617,78542.9532,1995-02-25,0
4232803,78522.2016,1995-03-07,0
3677186,78514.7797,1995-01-11,0
5716580,78507.952,1994-12-21,0
4653927,78504.0576,1994-12-24,0
5617030,78502.4837,1995-01-06,0
5943105,78483.847,1994-12-06,0
2211491,78451.7568,1995-01-20,0
4748097,78444.324,1995-02-01,0
3685762,78433.2598,1994-12-21,0
4774819,78405.9216,1995-02-04,0
72257,78400.1156,1995-01-15,0
5151075,78398.7025,1994-12-26,0
5767232,78370.5874,1995-02-06,0
1461925,78365.7588,1995-02-03,0
4649984,78360.5885,1995-01-30,0
5124353,78356.82,1995-02-13,0
4958753,78309.0294,1995-01-16,0
623106,78306.2385,1995-01-28,0
921155,78300.3144,1995-01-18,0
4395968,78289.1884,1994-12-25,0
2552551,78287.6618,1995-02-11,0
3593511,78273.856,1995-01-21,0
3948324,78240.6681,1995-01-30,0
1722533,78238.314,1994-12-28,0
1604610,78217.44,1994-11-20,0
2276739,78215.656,1995-01-31,0
2489893,78188.568,1995-01-21,0
468675,78161.5696,1995-01-15,0
5839847,78154.8096,1995-01-08,0
3748325,78148.756,1995-03-03,0
5264902,78131.1564,1995-01-03,0
5514144,78121.1616,1994-12-14,0
1006242,78116.58,1994-11-26,0
4130884,78110.564,1995-02-23,0
3906784,78086.7595,1994-12-05,0
410247,78086.4538,1994-12-21,0
3599335,78056.9608,1995-02-22,0
5816931,78049.7586,1995-01-01,0
4865316,78042.0546,1995-01-13,0
3258117,78032.7022,1995-02-24,0
130371,78023.7833,1994-12-18,0
470691,78016.098,1995-02-19,0
1862981,78011.5506,1995-01-18,0
4974340,78004.786,1995-01-13,0
5126241,77969.7476,1994-12-15,0
2470564,77958.099,1995-01-31,0
4313253,77942.286,1995-02-08,0
5913219,77920.115,1995-03-03,0
897221,77919.8609,1995-01-24,0
2060737,77919.678,1994-11-12,0
3116130,77909.624,1994-11-13,0
3735015,77899.2,1995-01-28,0
567299,77893.502,1995-01-13,0
5791846,77891.2134,1994-12-30,0
2965572,77890.8351,1994-12-28,0
1335844,77824.5612,1994-12-22,0
5068672,77822.4,1995-01-30,0
1050816,77766.9216,1995-01-04,0
5278336,77758.8864,1995-02-10,0
5852453,77745.2346,1995-01-22,0
5033925,77743.6812,1994-12-07,0
1155904,77736.6604,1994-11-26,0
68550,77719.6134,1995-01-05,0
4180420,77716.2816,1995-02-10,0
148676,77708.7936,1994-11-28,0
3706880,77706.5128,1995-02-25,0
2890083,77688.44,1995-01-02,0
912580,77679.5544,1995-02-16,0
2116675,77671.4508,1995-02-15,0
5722308,77650.9416,1994-11-10,0
973571,77631.77,1995-01-27,0
1222437,77620.6956,1994-12-22,0
3994336,77585.7733,1994-11-27,0
5532774,77570.8906,1994-11-19,0
412162,77563.2496,1994-12-26,0
4674786,77534.931,1995-02-09,0
3340452,77532.3108,1995-03-06,0
2674785,77529.4338,1995-02-13,0
365895,77514.462,1994-12-17,0
662753,77473.9934,1994-12-20,0
367716,77459.976,1995-01-20,0
2910789,77459.048,1995-01-30,0
5015300,77448.0817,1994-12-24,0
4728038,77444.3817,1995-02-15,0
2091971,77443.9004,1995-01-30,0
1440004,77435.386,1994-12-26,0
36258,77431.6224,1995-02-10,0
2986886,77428.7925,1994-12-10,0
3784420,77422.992,1995-02-23,0
1902149,77403.397,1995-03-05,0
1980999,77399.1972,1995-01-20,0
5078405,77389.7319,1995-02-17,0
1737381,77369.285,1994-12-08,0
5367106,77354.4,1995-01-20,0
875365,77350.3704,1994-12-06,0
2326757,77338.4298,1994-12-12,0
1580388,77328.0523,1994-12-29,0
5104486,77324.8608,1994-12-24,0
5256358,77308.98,1994-12-13,0
4275265,77305.932,1994-11-16,0
213952,77259.0838,1995-01-11,0
4369956,77253.918,1995-02-15,0
512482,77238.9108,1994-12-12,0
3792864,77234.9239,1995-02-10,0
4093958,77233.2954,1995-01-17,0
1033223,77230.8724,1995-01-18,0
5670176,77227.008,1995-02-07,0
5691686,77221.377,1994-12-10,0
5638341,77216.896,1995-02-17,0
3867494,77206.9072,1995-02-09,0
1915748,77197.2984,1995-01-21,0
4230242,77191.296,1995-02-24,0
1106343,77174.2116,1995-01-12,0
1350178,77173.7274,1995-03-03,0
216550,77154.556,1994-12-07,0
5805733,77127.0748,1995-03-02,0
5956099,77115.1455,1994-11-30,0
889479,77102.8608,1995-02-02,0
4236357,77095.512,1995-01-18,0
4448609,77089.2402,1994-11-24,0
2963173,77084.2352,1995-01-09,0
4022945,77072.55,1994-11-14,0
1883684,77061.204,1995-02-07,0
5421317,77058.7448,1995-01-10,0
3831104,77056.1451,1995-01-07,0
5248197,77032.2784,1995-02-23,0
4867206,77014.7736,1995-02-27,0
1414946,77009.1952,1995-02-04,0
2399268,77004.8298,1995-02-21,0
4679010,76999.6,1994-12-02,0
1780353,76997.6259,1995-01-23,0
2929124,76993.2351,1994-11-29,0
1811010,76990.4138,1995-01-08,0
1134214,76980.862,1994-12-27,0
3532994,76931.6722,1995-02-13,0
253925,76904.9229,1995-01-14,0
4607495,76900.6746,1995-01-18,0
5212708,76898.0912,1994-12-26,0
4939940,76866.6096,1994-12-29,0
4856642,76865.4204,1994-11-27,0
2111842,76839.9576,1995-02-23,0
4367270,76834.378,1995-02-06,0
3819713,76827.2496,1994-12-01,0
3652036,76788.8695,1994-12-09,0
3125958,76780.2328,1995-01-07,0
1153799,76770.6776,1995-02-04,0
5896099,76755.393,1995-01-07,0
4148615,76740.6258,1995-02-21,0
2288032,76733.76,1995-01-20,0
2926531,76725.166,1994-12-12,0
3753445,76704.5348,1995-02-01,0
2123072,76687.9937,1995-02-18,0
750848,76675.26,1994-12-17,0
408197,76646.535,1994-12-25,0
2651425,76644.126,1994-12-24,0
4765030,76640.8754,1994-12-29,0
1991904,76633.4328,1994-12-05,0
1203555,76599.891,1995-03-07,0
3828992,76586.5098,1995-02-02,0
3145094,76575.4668,1995-02-23,0
4584935,76560.744,1995-03-07,0
1591651,76556.1401,1994-12-23,0
3186851,76547.3772,1995-01-04,0
5467171,76510.3832,1995-01-03,0
5202851,76492.962,1994-11-11,0
980359,76482.6554,1995-01-24,0
5251777,76427.6716,1994-12-28,0
1603554,76418.1649,1994-12-14,0
4635744,76410.082,1995-02-26,0
4631174,76372.932,1995-02-02,0
2238112,76371.656,1994-12-18,0
650819,76351.4817,1994-12-30,0
3607811,76346.7163,1995-01-25,0
2335143,76332.1076,1995-01-01,0
3090502,76314.2324,1995-01-18,0
3837795,76291.5938,1995-01-21,0
665442,76288.03,1995-02-06,0
2821157,76244.245,1995-01-31,0
2295111,76239.2302,1994-12-18,0
5641443,76212.3732,1995-01-01,0
3624194,76207.0081,1995-01-30,0
5894816,76194.351,1995-01-05,0
5212005,76194.0009,1995-01-28,0
2976576,76178.346,1995-01-12,0
2896452,76167.061,1995-01-06,0
3977632,76154.9424,1995-01-13,0
3026241,76138.8659,1994-12-16,0
1535300,76138.092,1995-01-04,0
4983012,76135.0089,1994-12-28,0
4294785,76132.584,1994-12-14,0
3116738,76117.8152,1994-12-03,0
1084870,76114.3884,1995-01-17,0
1817318,76101.8264,1995-01-17,0
4627684,76097.6273,1995-01-11,0
5514116,76067.904,1995-01-09,0
2346375,76035.1485,1995-02-05,0
718020,76029.624,1995-01-03,0
5892961,76023.5433,1995-02-26,0
2718882,76021.0652,1995-01-09,0
5327206,76003.545,1995-02-18,0
1116964,75989.628,1994-12-17,0
4448384,75989.5708,1994-11-28,0
2326948,75977.1853,1995-01-19,0
191712,75938.7944,1995-01-14,0
2895488,75920.7792,1995-02-28,0
1278816,75903.0744,1995-01-07,0
143495,75901.8902,1995-01-10,0
5624613,75893.184,1995-01-08,0
4229895,75880.6184,1995-01-15,0
3289575,75852.345,1995-03-01,0
5019106,75845.1596,1995-02-16,0
4294020,75827.642,1995-02-14,0
3645765,75808.2045,1995-02-25,0
2803266,75774.15,1995-02-08,0
120103,75765.1488,1994-12-10,0
4532679,75758.6466,1995-01-20,0
2399909,75740.4536,1995-02-22,0
4413444,75733.91,1994-12-03,0
2734146,75732.0646,1995-01-20,0
3170022,75731.46,1995-02-20,0
62113,75688.7646,1994-12-07,0
1164961,75676.4512,1995-01-06,0
4140545,75655.0331,1995-02-12,0
2888162,75654.1479,1995-01-19,0
3900807,75651.7352,1995-01-30,0
2422727,75651.6416,1995-01-31,0
3210403,75649.8818,1995-01-19,0
3805217,75635.0868,1995-01-17,0
4331108,75634.449,1995-01-08,0
5553222,75629.26,1995-02-19,0
1954338,75593.232,1994-12-26,0
5604038,75570.4008,1994-12-08,0
2517507,75549.3504,1994-12-08,0
2188769,75538.0302,1995-01-23,0
4830051,75521.3952,1995-01-02,0
4333509,75506.661,1995-01-16,0
1312389,75502.0268,1994-12-28,0
10624,75479.4848,1994-12-21,0
3111206,75456.6798,1994-12-16,0
1076900,75456.6115,1995-01-15,0
367655,75449.304,1994-12-01,0
5252129,75444.6048,1995-02-07,0
2782016,75437.3904,1994-11-25,0
136128,75421.0809,1994-12-29,0
1202402,75401.2728,1995-01-25,0
1737155,75376.9986,1995-02-28,0
3811014,75366.486,1995-01-19,0
2653792,75333.5619,1994-12-06,0
4616901,75309.63,1994-11-25,0
1853479,75308.0832,1994-12-23,0
2725475,75285.2207,1995-02-27,0
5985351,75281.23,1995-01-06,0
3137024,75243.3503,1995-02-06,0
5029057,75236.6946,1995-01-17,0
3080455,75227.33,1995-01-29,0
3016165,75153.114,1995-02-22,0
1615111,75149.426,1994-12-18,0
376132,75118.435,1995-01-15,0
1995649,75086.568,1995-01-18,0
1001187,75084.504,1994-12-18,0
1985734,75079.835,1995-01-29,0
1131782,74998.665,1994-12-30,0
623074,74974.5024,1995-01-01,0
3206275,74973.0624,1995-02-03,0
3011462,74956.6554,1995-01-14,0
4761506,74945.4566,1995-03-07,0
5858755,74945.0856,1995-02-06,0
2442212,74917.248,1994-11-18,0
5974338,74905.4376,1995-01-10,0
2829765,74771.403,1994-12-03,0
3775492,74771.1956,1994-12-05,0
5277313,74732.0476,1994-12-07,0
256386,74730.4095,1994-12-24,0
5694818,74711.7396,1994-12-30,0
5193059,74704.1696,1995-02-13,0
341154,74688.3613,1995-01-15,0
4627203,74687.2142,1995-02-28,0
1131041,74670.2349,1994-12-27,0
3455397,74659.0176,1995-02-02,0
5477634,74658.6744,1995-02-21,0
2514371,74653.4175,1995-02-12,0
1995173,74637.9388,1995-01-18,0
846817,74631.606,1995-01-11,0
5176096,74627.7608,1995-01-09,0
1819781,74620.3506,1994-11-24,0
5941763,74590.8073,1995-02-05,0
2378119,74571.63,1995-02-17,0
550592,74554.8934,1995-03-05,0
581829,74549.1964,1995-03-07,0
1344261,74539.7952,1995-02-16,0
145478,74529.7872,1995-02-14,0
3257410,74526.1921,1995-02-23,0
4642725,74520.5398,1994-12-13,0
1638051,74516.7984,1995-01-15,0
3077284,74510.3538,1995-02-23,0
1744992,74503.17,1995-02-24,0
4861767,74439.0135,1994-11-27,0
341024,74437.002,1995-01-22,0
3436195,74423.0662,1995-03-01,0
3392967,74421.963,1995-02-18,0
5567651,74409.7438,1995-01-22,0
4877925,74394.6456,1995-01-26,0
2218759,74379.4112,1995-01-18,0
886918,74378.523,1995-03-04,0
3250981,74359.3816,1995-02-19,0
3727749,74351.6996,1995-01-08,0
4169159,74346.1896,1995-03-03,0
4178338,74338.4236,1994-12-22,0
827456,74324.448,1994-12-10,0
3811713,74318.91,1994-12-16,0
352131,74317.554,1994-12-24,0
5430791,74274.9336,1995-01-29,0
3976832,74233.9008,1994-12-29,0
4045888,74187.305,1994-12-22,0
3048608,74174.4597,1995-02-23,0
1229570,74155.4957,1995-01-22,0
2475399,74152.9408,1994-12-22,0
118401,74110.8256,1995-01-20,0
4822212,74104.03,1994-12-20,0
4806816,74101.9168,1995-02-19,0
237474,74089.8792,1994-12-09,0
3146949,74085.8878,1995-01-03,0
5907972,74084.3858,1994-12-25,0
4503492,74074.5255,1995-03-01,0
315649,74012.3716,1995-02-22,0
3096100,74009.2628,1995-01-24,0
3289252,73984.365,1994-12-31,0
5214561,73970.1828,1995-03-07,0
2610913,73932.492,1994-11-26,0
3839138,73930.6926,1995-02-23,0
4860551,73925.0968,1994-12-18,0
1861764,73898.2692,1995-01-21,0
5925379,73888.295,1994-11-11,0
933633,73875.7377,1995-01-27,0
5979395,73860.4575,1994-12-11,0
2522563,73835.317,1994-12-07,0
1284706,73809.3916,1994-12-15,0
2498370,73806.7995,1995-01-29,0
4814305,73805.319,1995-02-23,0
5977504,73795.7028,1995-02-28,0
4845088,73710.854,1995-01-29,0
4379460,73690.782,1995-01-17,0
744775,73687.455,1995-03-01,0
1495010,73659.2298,1994-12-08,0
2521924,73655.5248,1995-01-16,0
1908740,73649.3865,1994-12-21,0
2045059,73638.7578,1994-11-19,0
3027718,73628.2624,1995-01-21,0
2195649,73624.7624,1995-01-12,0
589891,73611.51,1994-12-28,0
4411718,73596.6,1994-12-13,0
1530599,73591.8478,1994-12-03,0
3343201,73584.0742,1994-12-23,0
5109665,73574.865,1995-03-05,0
1200099,73565.1072,1995-01-04,0
3568289,73536.6456,1995-02-05,0
3702917,73531.7316,1995-01-09,0
5608193,73509.6384,1995-03-05,0
5593248,73508.9205,1994-11-16,0
1619173,73501.0136,1995-01-19,0
3453187,73471.02,1995-02-05,0
153539,73470.373,1994-12-30,0
2484001,73468.416,1994-12-10,0
4720326,73423.251,1994-12-21,0
900864,73388.8224,1995-01-10,0
491361,73382.8688,1995-02-10,0
3943875,73366.92,1995-01-06,0
336227,73354.4304,1995-02-18,0
574374,73354.3902,1994-12-21,0
1474273,73316.6874,1994-12-13,0
269572,73312.014,1995-02-23,0
5951079,73297.6224,1995-01-26,0
69345,73273.975,1994-12-07,0
2828228,73188.1199,1994-12-18,0
3726182,73179.591,1994-12-01,0
698948,73160.351,1995-02-25,0
5569062,73144.1544,1995-03-03,0
5507268,73122.2326,1995-02-07,0
1502466,73111.43,1994-12-16,0
3080641,73100.9411,1995-01-12,0
581764,73086.9198,1995-01-23,0
5264673,73069.5472,1995-02-27,0
117989,73045.3521,1995-02-10,0
3913154,73042.1748,1994-12-06,0
422467,73028.2657,1995-01-04,0
3381925,73018.6842,1994-12-28,0
2447397,73002.6329,1995-02-05,0
3770337,72996.5974,1994-11-26,0
5814405,72970.9056,1994-11-26,0
1126757,72952.5818,1995-03-05,0
4545348,72884.7756,1995-01-01,0
4506018,72873.2998,1995-02-26,0
5840514,72868.0924,1995-01-16,0
3324583,72863.4984,1994-11-19,0
4226694,72856.5383,1994-12-13,0
4917793,72852.5066,1995-02-28,0
3655621,72839.1885,1994-11-25,0
2538085,72837.4164,1995-01-27,0
963591,72826.55,1994-12-20,0
775076,72802.05,1995-01-07,0
1582048,72797.301,1995-02-25,0
5580001,72791.6448,1995-02-27,0
96034,72786.7722,1994-12-30,0
2212545,72755.8139,1995-01-03,0
3410784,72748.9488,1995-01-23,0
5731268,72746.1154,1995-03-04,0
454819,72737.2106,1994-12-25,0
994980,72718.2967,1995-02-01,0
2796866,72713.0502,1995-02-27,0
3685248,72708.1178,1995-03-07,0
762624,72700.7174,1995-02-16,0
317537,72698.6662,1995-02-03,0
3601479,72692.64,1994-12-29,0
642598,72691.8538,1995-02-13,0
5030309,72673.2096,1994-11-21,0
4409478,72667.161,1995-01-14,0
4585092,72662.4815,1994-12-17,0
2960775,72662.1034,1995-01-28,0
1461251,72647.2395,1995-01-09,0
675521,72632.8463,1995-02-21,0
763713,72627.5498,1995-01-09,0
607840,72608.3225,1994-12-04,0
3801637,72572.4205,1995-01-16,0
2616994,72567.9525,1995-01-20,0
2664679,72533.0809,1995-02-21,0
5292803,72531.8348,1994-12-02,0
5150981,72515.547,1995-02-27,0
4921539,72508.8096,1995-01-15,0
2735299,72485.6985,1995-01-30,0
5486112,72427.04,1995-03-01,0
665956,72414.5796,1994-11-17,0
3340993,72401.0832,1995-01-01,0
2101251,72398.1024,1994-12-10,0
1329188,72395.8527,1994-12-07,0
5199520,72387.2944,1994-12-27,0
4708193,72380.0088,1995-03-02,0
2185189,72340.2702,1995-01-10,0
1799781,72303.0845,1995-01-27,0
4007012,72302.4369,1995-01-05,0
2762144,72283.785,1995-01-25,0
811009,72281.3,1995-01-30,0
4120065,72266.67,1994-12-11,0
4887270,72266.2392,1994-11-08,0
865255,72264.4194,1995-02-27,0
4499968,72263.7715,1994-12-04,0
4250500,72261.504,1995-02-17,0
803873,72259.4316,1995-01-23,0
517316,72258.8319,1995-01-23,0
5280129,72240.749,1995-01-19,0
5548033,72235.9776,1995-02-17,0
1635778,72209.6508,1994-11-28,0
564515,72197.552,1994-12-28,0
4786020,72187.5008,1995-02-01,0
4121157,72172.794,1995-02-24,0
2937218,72158.2085,1995-02-19,0
3669860,72146.66,1994-12-24,0
3648867,72146.137,1994-12-14,0
2030470,72143.6716,1994-11-20,0
2023331,72118.1512,1995-02-01,0
4143362,72112.9095,1995-01-07,0
2749442,72100.6656,1995-02-22,0
3090563,72092.517,1995-02-01,0
1521829,72086.2407,1994-12-19,0
4081927,72083.0474,1994-12-29,0
4929313,72077.6781,1995-02-19,0
2926343,72071.1992,1995-02-28,0
700128,72056.9932,1995-01-30,0
503714,72053.5865,1995-01-12,0
1976930,72050.13,1995-02-21,0
894242,72040.8895,1995-01-15,0
290465,72040.4286,1995-01-08,0
4240198,72038.4586,1995-02-07,0
1212838,72004.3146,1994-12-19,0
5185440,71988.03,1994-12-20,0
1435908,71957.841,1995-01-19,0
4819201,71953.8192,1995-01-31,0
4425316,71934.8175,1994-12-15,0
3138276,71927.3975,1995-01-01,0
4195298,71927.2305,1994-12-29,0
4914757,71925.672,1994-12-02,0
246754,71908.8912,1994-12-07,0
3087073,71888.662,1994-12-07,0
4423846,71875.2285,1995-01-09,0
2518437,71871.33,1995-01-18,0
4494785,71856.582,1995-02-23,0
1801508,71838.064,1995-02-11,0
4359780,71761.4494,1995-03-01,0
1468902,71756.2795,1995-01-23,0
4353126,71754.3,1995-01-26,0
1091363,71742.51,1994-12-17,0
1078436,71741.9601,1995-02-20,0
386913,71704.752,1994-12-21,0
4338145,71703.9484,1995-01-04,0
2171047,71689.1692,1995-03-05,0
1018210,71688.1788,1995-02-07,0
1077479,71684.64,1994-11-27,0
5306307,71678.0916,1995-02-14,0
3766599,71656.974,1995-02-05,0
3130983,71647.1835,1995-01-11,0
1918721,71644.815,1995-02-22,0
3518758,71644.029,1995-01-17,0
4712897,71628.0112,1995-03-01,0
5955777,71624.964,1994-12-06,0
5880005,71615.2724,1995-02-07,0
474244,71611.113,1995-01-08,0
5232131,71607.825,1994-11-16,0
106690,71570.6495,1995-03-06,0
2472743,71564.892,1995-02-17,0
1470087,71555.5264,1995-02-09,0
4830209,71548.034,1995-01-16,0
3722243,71519.328,1994-12-12,0
78212,71516.2152,1995-01-27,0
449027,71509.413,1995-01-08,0
5606403,71498.6304,1995-01-29,0
860614,71497.1544,1994-12-13,0
1488160,71496.8856,1995-01-30,0
839812,71491.3632,1995-01-20,0
3127522,71491.277,1995-01-17,0
4066465,71478.5803,1995-02-28,0
5524646,71476.425,1994-12-17,0
5634053,71453.6112,1995-01-28,0
4098370,71453.3322,1995-02-08,0
1985634,71446.0824,1994-12-25,0
2630758,71418.5586,1995-01-04,0
3307332,71411.62,1994-11-20,0
5659909,71407.5089,1994-11-10,0
5385063,71382.688,1994-11-18,0
5007040,71358.4204,1995-01-26,0
2154855,71350.5294,1995-01-21,0
5250821,71348.7446,1995-02-21,0
1285795,71335.7108,1995-02-16,0
5709510,71330.2834,1995-01-25,0
4659491,71329.104,1995-01-07,0
4578627,71303.3604,1995-02-14,0
1899553,71301.1122,1995-02-04,0
518981,71272.2738,1994-11-23,0
2819267,71270.178,1994-12-01,0
3292513,71262.612,1995-01-30,0
5234595,71241.984,1994-12-05,0
5248000,71234.9604,1995-02-17,0
2718789,71233.2026,1995-03-06,0
2600899,71222.1783,1994-12-06,0
2512609,71201.8078,1995-01-30,0
3922055,71192.2368,1995-01-29,0
5186786,71176.2278,1994-12-31,0
2540834,71150.016,1995-03-01,0
4003235,71149.0318,1995-01-25,0
5732006,71138.8226,1994-12-17,0
883463,71119.7522,1995-02-02,0
3916453,71096.0936,1994-12-28,0
5955874,71082.7236,1995-01-18,0
4288772,71069.434,1995-01-19,0
1947782,71047.2308,1995-02-04,0
420516,71025.792,1995-02-06,0
333952,71021.9764,1995-01-30,0
1379911,70985.7798,1994-12-25,0
1911872,70984.948,1995-03-07,0
5280546,70971.9898,1994-12-09,0
4042050,70962.8,1994-12-04,0
2595782,70961.08,1995-01-14,0
1812775,70937.6504,1995-02-13,0
3863939,70936.5498,1994-11-26,0
4960739,70917.3786,1994-12-30,0
3826214,70915.7726,1995-02-25,0
5363619,70895.3518,1994-12-15,0
2765572,70874.7975,1994-11-15,0
5549383,70869.632,1995-01-20,0
2930727,70861.908,1995-01-14,0
440384,70849.8462,1994-12-08,0
1464547,70821.5136,1994-12-01,0
198406,70803.8813,1995-02-23,0
1316422,70800.4436,1995-01-28,0
904774,70779.744,1995-02-25,0
4681664,70778.394,1995-02-03,0
3756257,70775.6668,1994-12-17,0
4481600,70748.046,1995-02-20,0
1611495,70728.8622,1995-01-18,0
2936160,70715.9736,1995-01-15,0
1354432,70712.3664,1995-01-17,0
4556870,70700.4738,1995-01-21,0
1481094,70683.6384,1994-12-07,0
4255335,70666.803,1994-12-07,0
3105156,70659.072,1995-02-05,0
2192710,70635.8268,1994-12-29,0
5451970,70628.922,1995-03-01,0
4310114,70627.5,1995-02-01,0
4825735,70609.0212,1995-02-05,0
5870502,70601.4566,1994-12-16,0
34854,70574.166,1994-11-17,0
1575685,70567.8686,1994-12-09,0
2985798,70564.5876,1995-01-16,0
3336390,70539.9422,1995-02-04,0
4201376,70504.752,1994-11-17,0
690370,70482.6724,1994-12-07,0
521412,70474.0332,1994-12-11,0
3223073,70467.6518,1994-12-11,0
799270,70437.5448,1995-03-01,0
5695682,70436.8798,1995-03-02,0
608773,70427.9147,1995-01-15,0
5507232,70370.5068,1995-01-30,0
1333760,70350.3223,1995-02-03,0
5248577,70286.022,1995-01-02,0
5658471,70278.2192,1995-01-13,0
954946,70267.491,1995-03-02,0
4891075,70254.7644,1995-02-03,0
2126624,70254.7328,1995-01-07,0
5670820,70249.4606,1994-12-07,0
5946785,70235.3025,1995-01-13,0
305570,70223.628,1995-01-15,0
3274085,70215.1518,1994-12-13,0
4045506,70169.922,1994-12-26,0
34724,70161.96,1994-12-28,0
5315329,70159.9584,1994-12-04,0
1928452,70152.5484,1995-01-23,0
4035715,70150.5276,1995-02-03,0
2586694,70141.939,1994-12-30,0
1417061,70138.3086,1995-02-26,0
5063332,70127.8942,1994-12-26,0
3545440,70078.2852,1995-01-15,0
5985858,70070.245,1995-02-18,0
4648773,70063.722,1995-01-11,0
4588199,70056.0072,1995-01-01,0
1643525,70052.9732,1995-01-26,0
2596615,70043.198,1995-01-09,0
2486340,70037.2797,1995-02-04,0
2926087,70018.3529,1995-01-17,0
2727079,70015.7304,1995-02-11,0
5624903,70009.5852,1994-12-26,0
674342,70008.5295,1995-02-18,0
1972224,69986.6245,1995-02-18,0
4938629,69983.5666,1995-02-16,0
3015649,69976.8888,1995-01-09,0
1243815,69961.5585,1995-02-25,0
508705,69954.912,1995-02-11,0
3021378,69940.5778,1995-01-24,0
3996004,69929.9243,1994-12-14,0
5664483,69926.2513,1994-12-02,0
1674246,69865.3188,1994-12-28,0
4781604,69865.1521,1995-02-12,0
5808262,69859.3446,1994-12-20,0
3190534,69856.0632,1995-02-12,0
254051,69849.3438,1995-02-19,0
68802,69824.4311,1995-01-25,0
1019520,69824.2656,1994-12-20,0
1021216,69803.9796,1995-01-17,0
1191367,69796.0896,1995-02-17,0
763170,69751.451,1995-01-04,0
265539,69718.8492,1995-01-25,0
5746979,69717.1824,1995-01-26,0
4925219,69711.312,1994-11-12,0
4626757,69699.2724,1995-01-11,0
5601120,69687.9296,1995-01-17,0
5572838,69673.6194,1994-12-22,0
5315589,69649.8142,1995-02-23,0
3022469,69638.725,1995-01-02,0
5981637,69613.674,1994-11-15,0
1048231,69612.5742,1994-12-23,0
3549605,69605.64,1995-01-10,0
1629027,69568.3728,1994-12-26,0
1844514,69565.716,1994-11-27,0
113220,69554.1446,1994-12-19,0
2141602,69537.0584,1995-02-18,0
1633799,69503.6679,1994-12-22,0
1324483,69492.096,1995-02-05,0
594465,69457.2552,1995-02-15,0
2750214,69452.307,1995-02-17,0
343749,69442.6208,1994-11-25,0
4785121,69439.4024,1994-11-28,0
2353344,69386.1552,1995-03-04,0
1970177,69370.7502,1995-01-04,0
5859297,69344.3976,1995-03-04,0
4623908,69322.99,1994-12-13,0
4774336,69312.4576,1995-01-17,0
3186338,69308.442,1995-03-01,0
3563876,69302.0926,1994-12-19,0
4716359,69285.412,1994-12-30,0
796902,69285.16,1994-12-20,0
888167,69261.0424,1995-02-28,0
3834467,69255.09,1994-11-20,0
1293954,69229.9464,1994-12-11,0
2116640,69202.5936,1994-12-01,0
1205376,69200.5566,1995-01-22,0
3963206,69187.149,1995-01-08,0
2424866,69183.0216,1995-01-07,0
4606368,69174.5402,1995-02-14,0
5081603,69141.8916,1995-01-14,0
5504353,69120.1921,1994-12-06,0
5198245,69075.0646,1994-12-09,0
637991,69069.9229,1995-02-11,0
1655846,69065.7999,1994-12-25,0
3797345,69047.328,1994-12-26,0
2370305,69035.2544,1995-01-06,0
3357760,69018.46,1994-12-09,0
4613349,69018.2766,1994-11-21,0
3028002,68984.304,1994-11-20,0
2767200,68981.172,1995-02-09,0
1081316,68962.7616,1995-01-05,0
1665120,68961.9848,1995-02-12,0
5764256,68952.9993,1995-02-22,0
468035,68946.4528,1995-02-18,0
1132224,68934.1334,1994-12-14,0
760455,68933.3426,1995-02-06,0
3464417,68917.1256,1995-02-12,0
1622210,68892.8562,1994-12-20,0
857890,68888.3622,1994-12-13,0
4967650,68880.4428,1995-01-11,0
3467141,68852.7758,1995-02-21,0
1854657,68800.32,1994-12-30,0
1395201,68764.23,1995-01-18,0
4189124,68762.0968,1995-02-27,0
3022401,68738.796,1995-02-07,0
2096291,68693.74,1994-12-26,0
943558,68688.0924,1994-12-06,0
1539430,68687.68,1995-01-02,0
5212897,68687.3484,1995-02-16,0
3591106,68675.4288,1995-01-14,0
1372516,68671.8336,1995-02-10,0
2835364,68663.15,1994-12-07,0
800227,68654.6304,1994-12-30,0
4027428,68647.05,1994-12-11,0
139233,68627.1366,1995-02-18,0
3496518,68617.36,1995-02-12,0
2649125,68606.37,1995-01-16,0
5043366,68601.1046,1995-01-22,0
4170947,68597.8109,1995-02-21,0
2900102,68586.2452,1994-12-16,0
5037957,68561.3292,1994-12-19,0
3706945,68553.9984,1995-02-08,0
2796546,68529.8012,1995-01-09,0
2406695,68515.2897,1995-02-25,0
4615331,68496.406,1994-12-07,0
242915,68474.2345,1994-12-28,0
5252800,68448.93,1995-01-02,0
4355779,68435.3229,1994-12-10,0
2151299,68434.1764,1994-12-20,0
140705,68431.204,1994-11-21,0
563527,68427.1389,1994-12-17,0
3884036,68419.3216,1995-02-21,0
1290179,68412.7488,1995-01-10,0
5297472,68408.5545,1994-12-04,0
4654817,68334.01,1995-01-20,0
2426759,68333.1793,1995-01-02,0
4096966,68291.8782,1995-01-04,0
3663398,68262.48,1994-12-18,0
2953157,68261.3421,1995-02-11,0
571076,68260.1142,1995-02-23,0
592262,68208.01,1995-01-17,0
318305,68173.392,1994-12-01,0
741732,68145.5115,1994-12-22,0
5431559,68135.9302,1994-12-07,0
1475685,68122.0723,1994-12-30,0
4782304,68121.6821,1994-11-26,0
1269440,68115.0321,1995-02-27,0
5810883,68110.0,1995-01-07,0
2007943,68104.8,1995-01-09,0
5800646,68090.6028,1995-01-30,0
4325698,68074.4064,1995-03-03,0
4976064,68074.283,1995-01-05,0
360289,68069.9601,1995-01-22,0
1097703,68069.1294,1995-01-30,0
827398,68068.5443,1995-03-01,0
4875876,68023.107,1995-02-21,0
2973926,68018.0216,1995-01-20,0
1385827,68006.7,1995-01-06,0
1456743,68002.9034,1995-01-08,0
558465,67989.513,1995-02-07,0
302115,67968.45,1994-11-30,0
3297121,67965.6276,1994-12-26,0
568577,67962.1572,1995-02-09,0
696135,67927.8466,1995-02-15,0
3750535,67927.1385,1995-01-16,0
3100197,67913.258,1995-01-22,0
2780673,67892.76,1994-12-15,0
5926690,67874.4688,1995-02-11,0
5204324,67867.6044,1995-02-18,0
1174179,67857.9408,1995-02-05,0
2307653,67832.584,1994-12-20,0
220417,67827.0252,1994-12-25,0
2268132,67809.3,1995-01-29,0
478534,67805.0404,1995-01-07,0
1758436,67792.4949,1995-01-02,0
2781860,67776.1155,1995-02-03,0
272770,67776.114,1994-12-02,0
219586,67768.1472,1995-01-04,0
3110052,67766.6852,1995-02-06,0
2237763,67761.4966,1995-02-07,0
5271875,67745.0016,1994-12-10,0
1088421,67716.019,1994-11-18,0
3212897,67715.1384,1994-11-30,0
1643746,67709.6632,1995-01-03,0
3216423,67704.516,1995-01-22,0
4349989,67695.5166,1994-12-25,0
5476289,67693.5735,1994-12-03,0
869124,67690.24,1995-01-18,0
4110338,67687.7094,1995-01-29,0
3653282,67677.3609,1995-01-21,0
4991905,67668.8398,1995-03-06,0
3780135,67646.016,1995-02-03,0
1499617,67643.228,1995-01-04,0
2896100,67642.4628,1995-01-11,0
387331,67631.328,1995-02-20,0
3598627,67630.3488,1995-03-07,0
1058018,67610.9012,1994-12-23,0
2204642,67601.1792,1995-01-12,0
1338114,67600.5408,1995-01-04,0
5063686,67581.864,1994-12-07,0
4205925,67581.6804,1994-12-28,0
4266342,67565.1501,1995-02-26,0
4052935,67547.6862,1994-12-26,0
892097,67545.0912,1994-12-08,0
463458,67537.1427,1995-01-23,0
5233187,67523.777,1995-01-18,0
2456384,67516.9586,1995-01-22,0
2972838,67510.56,1995-02-09,0
171078,67493.5604,1994-12-27,0
2865703,67478.8874,1995-01-10,0
1670660,67477.7565,1994-12-05,0
4485985,67469.7105,1995-01-17,0
4753024,67469.1749,1995-02-12,0
3439910,67468.3136,1995-02-24,0
2881797,67461.84,1995-01-03,0
4811682,67435.2352,1994-11-28,0
217350,67430.808,1995-02-17,0
5548096,67426.91,1995-02-09,0
2611074,67410.07,1994-11-20,0
533285,67359.84,1994-12-23,0
314496,67353.435,1994-12-06,0
3768135,67327.488,1994-11-13,0
257414,67327.1187,1995-02-07,0
2879527,67319.34,1995-01-04,0
1127111,67289.328,1995-01-11,0
831555,67279.6148,1994-12-07,0
2464515,67276.6596,1995-01-17,0
4481219,67256.42,1994-12-19,0
1823205,67253.2588,1995-03-03,0
1923877,67237.4884,1995-01-06,0
5528743,67220.0424,1994-11-14,0
4340321,67217.962,1995-02-10,0
2710821,67214.2276,1994-12-05,0
5236359,67174.1792,1994-11-22,0
3948482,67173.48,1994-12-04,0
5862149,67138.3796,1995-01-07,0
2930112,67133.1978,1995-02-01,0
2565665,67120.7863,1995-01-05,0
2854273,67114.5888,1994-12-03,0
5135264,67104.0,1995-01-13,0
5122017,67101.9531,1994-12-07,0
4811937,67072.4928,1995-01-18,0
704131,67049.9089,1995-02-01,0
133412,67048.7556,1995-02-19,0
4942502,67045.204,1995-02-05,0
5465313,67042.9608,1995-02-12,0
1044390,67039.6825,1995-02-21,0
2576064,67028.4128,1995-01-26,0
4995424,67026.4312,1995-01-26,0
1576679,67021.778,1994-12-30,0
2391330,67021.6992,1995-02-05,0
3545857,66995.9444,1995-01-09,0
2005894,66991.824,1995-03-02,0
3911591,66990.1246,1995-01-23,0
2590020,66955.7635,1995-02-16,0
1330080,66907.194,1995-01-16,0
5060129,66887.535,1994-12-11,0
3014657,66879.5904,1995-01-16,0
4368261,66861.054,1994-12-31,0
3057155,66847.0308,1994-12-12,0
1471809,66838.7307,1995-02-14,0
2691781,66826.8785,1994-12-25,0
903808,66812.6414,1995-02-02,0
1773253,66760.6808,1994-12-24,0
1137989,66758.6997,1995-01-12,0
3550625,66757.572,1994-12-11,0
3623206,66740.6406,1994-12-11,0
5301026,66728.1216,1995-01-18,0
1770081,66705.0875,1995-01-03,0
2144388,66702.24,1994-12-06,0
976771,66697.322,1995-03-01,0
88131,66684.3314,1995-01-24,0
3329474,66667.605,1995-02-12,0
958561,66665.946,1995-02-20,0
441575,66664.4043,1995-01-06,0
1771201,66651.4395,1995-03-02,0
3945123,66648.7566,1995-01-14,0
4891459,66646.8132,1994-12-28,0
50275,66593.4426,1994-12-06,0
1881798,66592.8737,1995-01-27,0
2874785,66561.5535,1994-12-22,0
4458692,66540.7012,1994-12-10,0
3532229,66527.627,1994-12-07,0
2653508,66514.1859,1995-01-26,0
4346465,66500.874,1994-11-29,0
5306727,66474.5173,1995-02-21,0
1031621,66470.082,1994-12-12,0
688675,66468.072,1995-01-08,0
4750560,66465.0648,1995-02-21,0
2501185,66443.8423,1994-12-18,0
450726,66428.296,1994-12-02,0
713670,66427.434,1994-12-15,0
4244839,66402.9075,1995-03-01,0
2172384,66399.7056,1995-01-01,0
2211397,66369.3849,1994-12-04,0
5681280,66357.139,1995-01-14,0
4641030,66355.701,1995-01-25,0
3993701,66350.7702,1994-11-18,0
4004485,66332.9378,1995-02-15,0
1541058,66275.1408,1994-12-25,0
5193665,66274.656,1994-11-30,0
4282400,66258.45,1994-12-25,0
4589952,66254.4315,1995-02-26,0
670435,66254.279,1994-12-13,0
4041506,66240.275,1994-12-13,0
3601987,66223.1404,1995-02-01,0
219136,66213.6042,1995-02-13,0
5380231,66212.5574,1995-01-26,0
1091399,66210.4408,1995-01-18,0
5668582,66209.1561,1995-02-18,0
1344038,66208.0164,1994-12-06,0
1436803,66171.784,1994-12-03,0
2541573,66169.7007,1995-01-09,0
2232739,66146.0296,1995-03-04,0
4412288,66118.9044,1994-11-24,0
2264225,66100.6892,1994-12-09,0
3639975,66090.6616,1995-01-28,0
2800514,66087.252,1994-11-18,0
151140,66085.2,1995-02-07,0
3881093,66066.3537,1995-03-01,0
1644035,66061.268,1994-11-30,0
385475,66057.264,1994-12-25,0
205058,66034.1836,1994-12-08,0
2129474,66025.5111,1995-02-25,0
1908419,65983.7724,1994-12-26,0
1008929,65971.2728,1994-12-27,0
1326848,65951.565,1994-12-05,0
607749,65939.7648,1994-12-25,0
4767877,65917.9096,1995-02-03,0
5276195,65909.4719,1994-11-25,0
3583808,65907.0164,1994-12-02,0
2226310,65897.475,1995-02-20,0
5994662,65880.544,1995-02-08,0
5914496,65879.52,1995-01-10,0
4220961,65879.3244,1995-01-14,0
469283,65873.91,1994-12-30,0
2947712,65834.9667,1994-12-25,0
277826,65814.24,1995-01-25,0
2481925,65807.2051,1995-01-31,0
2410021,65801.5882,1995-02-02,0
2702084,65766.7203,1995-02-09,0
1521221,65765.5362,1994-12-16,0
523331,65763.504,1994-12-01,0
5823170,65762.3639,1995-02-02,0
4894500,65744.6622,1994-11-29,0
5102433,65692.2,1994-11-30,0
3689025,65672.37,1994-12-02,0
989184,65654.547,1994-12-14,0
5709444,65654.541,1995-01-03,0
256066,65624.6394,1995-01-05,0
4776549,65617.16,1995-01-20,0
5221473,65607.1109,1995-02-07,0
693510,65593.34,1994-11-26,0
2052390,65590.5666,1995-02-25,0
12994,65589.12,1994-11-18,0
2631015,65585.285,1995-01-08,0
5480550,65585.0322,1995-02-20,0
4964068,65583.8865,1994-12-01,0
3615330,65551.9893,1994-12-17,0
473153,65550.5513,1994-12-18,0
1886087,65545.4976,1995-01-11,0
4232324,65531.228,1995-01-24,0
3121506,65531.209,1995-01-10,0
673159,65522.583,1995-01-03,0
1119648,65518.7636,1995-01-17,0
304871,65515.6218,1994-12-13,0
5543559,65506.716,1994-12-15,0
742150,65502.0912,1995-01-19,0
5718565,65485.088,1994-12-21,0
1159393,65478.7,1994-11-30,0
4228101,65476.164,1994-11-24,0
4195141,65470.263,1995-01-06,0
1004256,65468.8586,1995-02-25,0
977925,65443.6908,1994-12-10,0
1850562,65402.568,1994-12-28,0
732614,65379.4551,1995-01-24,0
2196551,65330.53,1995-02-16,0
2395908,65320.0704,1994-12-19,0
1292515,65274.0408,1994-11-21,0
107076,65242.0944,1995-02-16,0
5292514,65205.497,1994-12-07,0
2143968,65189.0563,1995-01-11,0
279456,65182.1456,1994-11-18,0
4090979,65166.9473,1994-12-18,0
5713701,65159.5832,1995-01-28,0
5756868,65125.263,1994-11-24,0
4481095,65108.6476,1995-02-22,0
648034,65102.8066,1995-02-26,0
2486564,65088.5104,1995-03-02,0
834786,65080.161,1995-01-30,0
4099680,65075.355,1994-12-05,0
4664803,65066.328,1994-12-19,0
3173830,65060.56,1995-01-02,0
4775524,65044.6,1995-01-29,0
5090880,65019.5748,1995-03-05,0
4903975,65017.6929,1995-02-11,0
3858273,64995.219,1995-01-12,0
1180773,64993.076,1994-12-17,0
5136194,64974.1017,1995-01-16,0
1657926,64962.117,1994-11-28,0
4675330,64955.082,1995-01-31,0
791781,64952.598,1995-02-02,0
5966400,64943.3956,1994-11-27,0
4388546,64920.87,1995-01-05,0
1881251,64910.94,1995-02-21,0
2594049,64908.5,1995-01-27,0
5845825,64906.2888,1994-12-12,0
485028,64905.3812,1994-12-07,0
5671718,64901.9826,1994-11-18,0
2724197,64894.191,1995-01-28,0
2938019,64887.077,1995-02-11,0
807654,64886.6088,1995-02-04,0
628259,64881.0799,1994-11-14,0
1874628,64864.8182,1995-01-13,0
4240068,64844.199,1994-12-28,0
2692033,64832.4684,1995-02-08,0
5518374,64792.7742,1995-02-03,0
1331296,64787.62,1994-12-22,0
5448642,64779.4176,1995-01-04,0
4141346,64772.5221,1994-11-28,0
1513922,64753.0488,1994-11-11,0
5724033,64752.4311,1994-12-18,0
3103942,64751.1276,1994-12-27,0
325319,64748.8503,1995-01-25,0
2561185,64747.8306,1995-01-14,0
4482850,64745.5644,1995-01-13,0
4267428,64730.025,1994-12-11,0
4276869,64725.5424,1994-11-24,0
1139559,64688.9916,1995-01-27,0
1746307,64670.832,1995-02-20,0
2566884,64668.5858,1995-01-07,0
5712517,64652.3424,1994-12-29,0
5595396,64602.036,1994-11-26,0
3378083,64600.5024,1994-11-17,0
2425317,64594.0848,1994-11-19,0
1877926,64586.9783,1995-02-24,0
5867047,64581.888,1995-01-20,0
945639,64568.504,1994-12-04,0
5132928,64567.8576,1995-01-14,0
3063941,64561.644,1994-12-11,0
1186503,64552.6448,1995-02-22,0
3773605,64545.1,1995-01-12,0
5604870,64544.912,1995-02-07,0
663332,64539.789,1995-02-05,0
4298081,64530.351,1994-12-04,0
1111298,64514.835,1994-12-26,0
4193601,64497.681,1994-12-02,0
4629574,64496.6298,1995-01-28,0
1354820,64485.3568,1994-11-17,0
68384,64460.26,1994-12-08,0
4871781,64455.444,1994-11-30,0
4104679,64452.64,1995-02-10,0
1264582,64450.6236,1995-01-26,0
3201345,64439.109,1994-11-29,0
2667558,64421.742,1994-12-05,0
993920,64399.104,1995-01-18,0
3609058,64395.408,1995-01-17,0
2382883,64348.6702,1995-03-03,0
5570435,64348.188,1994-11-21,0
2062243,64287.925,1995-02-01,0
876192,64278.708,1995-03-04,0
5773633,64269.849,1994-12-17,0
2019749,64268.1312,1995-01-01,0
4687909,64267.7671,1995-02-10,0
2697028,64261.6712,1995-02-14,0
638722,64254.6721,1995-01-19,0
1296640,64238.4936,1994-11-24,0
1954308,64235.6472,1995-03-04,0
2960451,64232.4588,1994-12-10,0
1457634,64219.2024,1994-12-29,0
72577,64180.6291,1995-02-05,0
3926310,64171.1784,1994-12-04,0
1259622,64169.84,1995-01-21,0
5180869,64165.0,1994-12-20,0
2983111,64161.484,1995-02-11,0
2762816,64150.404,1995-01-14,0
4862372,64132.9,1995-01-27,0
428358,64127.128,1995-01-16,0
1385668,64073.568,1995-03-03,0
3421154,64063.978,1995-01-04,0
5723716,64062.812,1994-12-06,0
2647681,64053.45,1994-12-20,0
257125,64044.1542,1995-01-17,0
5617442,64031.4164,1994-11-18,0
1444293,64009.826,1995-03-03,0
4005472,64006.75,1994-12-03,0
5827687,63997.6064,1994-11-29,0
3544737,63986.174,1994-11-20,0
700352,63975.329,1995-01-21,0
4367335,63974.555,1995-02-09,0
2824128,63971.7522,1995-02-13,0
3902336,63970.648,1995-01-27,0
563782,63945.198,1994-12-01,0
2357250,63944.8516,1995-01-11,0
4094850,63912.0708,1995-02-18,0
1241985,63899.7624,1994-12-29,0
4720865,63897.4768,1995-01-18,0
1238272,63880.2544,1995-03-02,0
5316801,63848.403,1994-12-19,0
5070240,63833.103,1995-02-06,0
2366851,63824.439,1995-01-22,0
1418304,63794.1356,1995-03-05,0
2900771,63775.3384,1995-01-27,0
261990,63747.0086,1995-01-26,0
2008391,63744.8028,1995-01-29,0
5035073,63687.5827,1995-01-13,0
4250661,63669.8692,1995-01-20,0
1723234,63667.1128,1994-12-15,0
4049440,63651.27,1995-01-30,0
3310914,63651.0,1995-02-24,0
4564422,63618.8464,1994-12-03,0
5850784,63593.172,1994-12-25,0
86370,63568.9461,1994-12-06,0
5465541,63538.4225,1994-11-21,0
1263233,63529.6368,1994-12-08,0
4498882,63514.533,1995-01-05,0
2268451,63500.6232,1994-12-12,0
2133282,63499.596,1995-01-27,0
2310662,63467.6638,1995-01-29,0
5837254,63454.275,1994-12-01,0
2214979,63449.8884,1994-12-17,0
1388614,63442.031,1995-02-25,0
2426784,63431.8656,1995-01-14,0
732898,63427.412,1995-02-22,0
1682113,63426.7304,1994-12-22,0
2005059,63402.9074,1994-12-12,0
4596517,63389.547,1995-02-01,0
5922660,63389.5364,1995-03-06,0
1866659,63381.606,1995-02-18,0
5117061,63321.3828,1995-01-19,0
2162050,63303.345,1994-12-02,0
2609380,63301.6832,1995-01-14,0
1010659,63296.0064,1994-12-15,0
1500961,63285.426,1994-12-18,0
3535559,63266.56,1995-01-19,0
3381861,63242.325,1995-02-03,0
3433250,63232.39,1994-11-23,0
5595553,63230.8248,1994-11-10,0
4380295,63227.3247,1995-02-21,0
2313927,63221.1009,1994-12-17,0
2413890,63204.5925,1995-02-14,0
3971335,63179.2106,1995-02-12,0
2842437,63168.369,1994-11-26,0
5521090,63162.1809,1994-12-01,0
4111299,63106.9857,1995-01-02,0
4353927,63094.896,1995-01-06,0
3772385,63093.8925,1994-12-19,0
1823011,63078.8592,1995-02-20,0
2395776,63071.6736,1994-12-11,0
3656231,63060.924,1995-03-03,0
2145606,63057.2397,1994-12-03,0
1301766,63047.4368,1994-12-30,0
1283200,63039.8328,1995-01-24,0
4407556,63031.9202,1994-12-14,0
1660034,63017.29,1995-01-12,0
1098144,63010.4798,1994-12-24,0
5021474,63002.5604,1995-01-10,0
3971745,62999.0068,1995-02-05,0
2833410,62996.4712,1995-01-29,0
1900928,62981.064,1994-12-03,0
4541125,62971.6932,1995-01-31,0
2196871,62963.0472,1995-01-23,0
4081280,62948.8324,1995-01-07,0
826049,62946.5268,1995-02-12,0
224035,62944.844,1994-11-13,0
2386855,62942.1317,1995-03-07,0
3690945,62919.2224,1995-01-05,0
2014114,62914.203,1994-12-04,0
5313223,62906.9726,1994-12-12,0
2202439,62861.3184,1995-01-10,0
4171520,62835.2574,1994-12-30,0
3954370,62817.692,1995-01-19,0
1240033,62789.61,1995-02-10,0
951777,62771.117,1994-12-14,0
5112866,62755.9512,1994-12-29,0
4002055,62747.048,1995-02-02,0
4821505,62729.0224,1995-02-09,0
5538022,62723.8458,1994-12-30,0
761634,62707.528,1995-01-09,0
3183139,62685.0308,1994-12-18,0
2767617,62652.8141,1995-01-15,0
2279782,62651.322,1995-02-20,0
2351462,62646.705,1995-03-03,0
3099843,62643.1753,1994-12-24,0
3639941,62635.8084,1994-12-25,0
2821383,62635.1456,1995-01-08,0
2331525,62631.692,1995-01-19,0
2494566,62629.203,1995-01-26,0
587367,62609.976,1994-11-25,0
795489,62573.156,1995-02-10,0
5080742,62548.368,1994-12-15,0
3881635,62533.2232,1994-12-22,0
5160512,62526.0624,1995-03-06,0
5933984,62510.8261,1995-01-18,0
5068135,62466.804,1994-11-25,0
2241766,62421.5319,1994-12-07,0
2374117,62389.7586,1995-02-04,0
5748035,62368.3852,1995-03-04,0
787940,62363.4336,1994-12-25,0
4495878,62346.1212,1994-12-18,0
2389606,62343.18,1994-12-08,0
437605,62292.7788,1995-02-06,0
312134,62275.752,1995-01-12,0
3584966,62262.8866,1995-01-18,0
1768805,62242.917,1994-12-30,0
3377698,62242.6828,1995-01-27,0
5366626,62227.995,1995-01-21,0
1644160,62227.8902,1995-02-11,0
4041763,62225.4756,1995-01-19,0
1755168,62221.5988,1995-02-27,0
1126885,62215.45,1995-01-20,0
2432005,62184.4938,1995-01-30,0
5671585,62172.0336,1995-01-17,0
3926624,62160.5474,1995-01-15,0
3160069,62139.5754,1994-11-20,0
207459,62139.004,1995-01-17,0
1214210,62137.5286,1994-12-04,0
4867105,62131.0841,1995-02-10,0
361863,62129.1216,1994-11-13,0
4984834,62114.589,1994-12-01,0
2958499,62114.36,1994-12-16,0
3790341,62108.5354,1995-01-15,0
4223269,62079.9382,1994-12-28,0
4882944,62068.2048,1994-12-30,0
5919843,62062.9585,1995-02-06,0
614178,62040.7604,1995-01-30,0
1979010,62035.2897,1995-02-21,0
4504579,62033.5296,1995-02-24,0
4812226,62021.7988,1994-12-10,0
1900166,62015.76,1994-11-16,0
1601380,62015.538,1995-02-05,0
2839527,62011.0624,1995-02-21,0
1043648,61965.8571,1995-03-03,0
478724,61951.1088,1995-01-22,0
5308103,61948.476,1994-12-01,0
5143974,61943.133,1994-11-30,0
1529920,61918.219,1995-01-02,0
709671,61911.6225,1995-02-18,0
4100422,61909.785,1994-11-24,0
5252964,61905.4612,1995-01-05,0
4098049,61892.0037,1994-12-02,0
2461827,61876.3443,1994-12-24,0
222215,61872.1008,1995-01-14,0
578887,61862.058,1994-12-22,0
5316545,61831.4933,1995-02-28,0
4888679,61828.0704,1995-02-24,0
215398,61812.5178,1994-12-12,0
3447975,61809.5212,1995-01-31,0
1108737,61805.6952,1995-01-24,0
2644261,61802.8206,1995-01-31,0
5367238,61782.8154,1995-01-11,0
1090083,61773.7939,1994-12-09,0
1219875,61750.5252,1995-01-10,0
889283,61730.6442,1995-02-07,0
996865,61719.1245,1994-11-24,0
962946,61707.7237,1995-01-13,0
3321477,61707.59,1995-01-28,0
2660065,61700.958,1994-12-07,0
1625511,61698.0168,1995-03-07,0
1231815,61687.7754,1994-12-30,0
3418501,61682.5197,1995-02-13,0
3173827,61669.4988,1994-12-04,0
961927,61650.6824,1995-02-03,0
495201,61622.615,1995-01-25,0
4624002,61587.645,1994-11-19,0
3939173,61584.4449,1995-02-16,0
461730,61570.9728,1995-01-07,0
1172359,61569.2672,1994-12-22,0
1664288,61550.4225,1995-01-27,0
408357,61549.7848,1995-01-19,0
2821860,61515.36,1994-11-30,0
3317222,61509.406,1994-12-04,0
4620870,61489.35,1994-11-28,0
3290727,61470.3647,1994-11-17,0
4825893,61433.46,1994-12-03,0
2955714,61426.772,1994-12-07,0
1287495,61398.315,1994-12-24,0
2125056,61392.0384,1995-01-10,0
5044934,61381.3512,1995-02-19,0
926949,61377.0366,1994-12-04,0
4862021,61370.1088,1994-12-01,0
2523591,61352.9,1994-11-08,0
3090116,61339.4036,1994-12-12,0
3694599,61334.928,1994-11-23,0
717861,61300.8384,1994-12-25,0
3846336,61299.574,1994-12-25,0
4069856,61298.2554,1994-12-31,0
1562789,61282.8165,1994-12-22,0
1893572,61275.7542,1994-12-16,0
1195489,61274.8224,1995-01-07,0
2157221,61273.2672,1994-12-24,0
4957091,61272.4825,1995-02-10,0
3409220,61216.8259,1995-01-28,0
3897378,61204.3159,1995-02-28,0
5357667,61203.91,1995-02-12,0
1870311,61198.9,1994-12-13,0
3364225,61178.3928,1995-02-18,0
1486119,61167.3165,1995-01-28,0
2664133,61153.4636,1995-02-06,0
584164,61152.032,1994-11-13,0
1261376,61140.843,1994-12-11,0
488164,61137.9132,1994-11-28,0
455876,61128.32,1995-01-27,0
298019,61124.6732,1994-12-12,0
2441728,61107.9594,1994-12-14,0
1105536,61106.85,1994-11-26,0
5360450,61106.5394,1995-02-21,0
3272422,61097.7741,1995-02-10,0
4594116,61091.289,1994-12-25,0
628513,61083.8508,1995-02-27,0
1108995,61053.894,1994-12-21,0
5034949,61047.63,1995-02-06,0
5061029,61043.75,1994-12-24,0
201473,61042.034,1995-03-05,0
271303,61041.6,1994-12-09,0
5844644,61026.966,1995-01-04,0
3426886,61025.3352,1994-12-18,0
3605633,61020.6828,1994-12-14,0
2325473,61018.9748,1995-03-03,0
2089667,60980.4162,1995-02-02,0
2867238,60972.58,1994-11-24,0
5666818,60951.46,1994-12-14,0
1061765,60923.4998,1995-01-10,0
1399718,60917.3952,1995-01-29,0
331971,60911.8927,1995-02-25,0
3589990,60911.5642,1995-01-18,0
5384578,60900.344,1995-01-21,0
4185920,60862.7201,1994-12-06,0
2281703,60846.66,1994-12-24,0
1200992,60836.0358,1994-12-11,0
3363331,60833.9424,1995-02-16,0
2501286,60805.9947,1994-12-18,0
253316,60795.9625,1995-02-22,0
1785249,60794.2488,1994-11-24,0
2781894,60764.256,1995-01-13,0
2825989,60756.48,1994-12-08,0
4045122,60752.2976,1995-01-19,0
1379589,60730.3452,1994-11-19,0
2917349,60684.2266,1994-12-25,0
4367527,60656.0264,1994-11-27,0
4190947,60639.04,1994-12-19,0
4234947,60630.4472,1994-12-15,0
3191205,60606.9469,1995-03-04,0
1372613,60590.8228,1995-01-16,0
774945,60578.505,1995-01-02,0
4022851,60567.8964,1994-12-13,0
2190148,60560.934,1995-02-06,0
4772837,60560.6013,1995-02-07,0
795808,60556.176,1994-12-04,0
4490114,60530.7132,1995-01-23,0
3703299,60527.5611,1994-11-20,0
3970305,60525.6955,1994-11-29,0
5572709,60504.282,1994-11-27,0
2784737,60499.32,1995-02-01,0
3328836,60463.55,1995-01-29,0
4670917,60446.7894,1995-01-18,0
1566884,60433.2288,1995-01-22,0
3371842,60432.516,1995-01-29,0
3267749,60430.89,1995-01-21,0
4627365,60426.2928,1994-12-27,0
4495365,60410.63,1995-01-22,0
4088736,60400.2312,1994-12-13,0
1556710,60383.722,1995-02-26,0
3275748,60380.6181,1995-01-20,0
1113059,60370.4316,1994-12-09,0
4831715,60363.228,1994-12-13,0
5586439,60359.5383,1994-12-23,0
1733760,60357.232,1994-12-18,0
2262275,60334.31,1995-02-07,0
3543716,60332.279,1994-12-15,0
5634754,60331.9008,1995-02-25,0
5268901,60330.4314,1995-01-05,0
3637187,60325.8264,1995-01-02,0
2633446,60318.5205,1994-12-14,0
2138594,60310.584,1994-12-18,0
3975045,60295.94,1995-01-19,0
1254150,60294.8375,1995-01-09,0
1396480,60291.72,1994-12-10,0
5231557,60281.7664,1995-02-16,0
1737956,60273.786,1994-12-14,0
1522119,60260.8291,1995-01-18,0
5328546,60250.2336,1995-01-01,0
3031717,60230.6676,1995-03-05,0
2217828,60228.71,1994-12-14,0
1651846,60216.156,1995-01-01,0
3535139,60213.8632,1994-12-20,0
5571169,60212.9,1994-12-07,0
4602658,60212.4222,1994-12-26,0
5336326,60200.341,1994-11-25,0
1244001,60192.018,1994-11-12,0
1905285,60170.5248,1995-02-13,0
1418981,60160.4637,1995-01-17,0
3544709,60138.936,1994-12-01,0
677761,60123.34,1994-12-26,0
3534049,60120.45,1995-02-16,0
832486,60110.1203,1995-01-16,0
3809381,60107.616,1995-02-04,0
1408775,60085.049,1995-03-02,0
380295,60083.244,1995-01-15,0
4969191,60082.218,1994-12-29,0
3036418,60078.114,1994-11-29,0
4401568,60075.8829,1995-01-31,0
1165095,60052.0932,1995-01-30,0
586404,60050.871,1994-12-23,0
2228098,60021.802,1994-12-30,0
1335105,60010.587,1994-12-16,0
5404451,59987.7115,1994-12-20,0
426694,59963.8866,1994-12-27,0
166561,59960.9106,1995-01-09,0
521921,59960.3004,1994-12-15,0
5498177,59938.9986,1994-12-26,0
1301440,59936.58,1994-11-26,0
4959520,59933.52,1994-12-03,0
2086496,59927.5927,1995-02-04,0
5626466,59927.5465,1995-01-28,0
5576128,59897.609,1994-12-25,0
425346,59895.5028,1995-01-14,0
1003904,59885.0196,1994-11-28,0
3682532,59876.5986,1995-03-01,0
1988128,59876.0415,1995-03-07,0
5351684,59874.9984,1994-12-10,0
3653316,59869.38,1994-12-06,0
4571335,59849.4942,1994-12-28,0
5290883,59812.475,1994-12-14,0
2827843,59802.534,1995-02-02,0
5590182,59791.2402,1995-01-06,0
5102404,59778.481,1994-12-16,0
1750886,59734.6841,1995-01-16,0
251973,59730.8,1994-12-11,0
4361152,59720.88,1995-01-03,0
4472482,59711.3,1994-12-15,0
2950498,59710.68,1995-02-08,0
537986,59708.3308,1995-02-25,0
5335011,59678.7072,1994-12-21,0
1843143,59673.408,1994-12-03,0
2768003,59656.7169,1995-01-15,0
5940004,59654.3288,1995-02-03,0
434563,59650.3908,1995-03-01,0
494244,59620.7978,1995-01-26,0
5931558,59618.4589,1994-12-19,0
4968615,59596.068,1994-12-22,0
2140705,59576.824,1994-12-08,0
3550311,59575.9725,1994-12-22,0
4477409,59574.1656,1995-02-11,0
1508164,59546.8891,1995-01-28,0
595877,59538.911,1995-01-11,0
2430023,59515.2308,1995-01-08,0
3534404,59503.3236,1995-01-01,0
1296896,59493.0472,1995-01-19,0
1456353,59491.2304,1995-02-09,0
5672678,59449.25,1994-11-13,0
3373094,59446.212,1995-02-07,0
5042048,59442.0872,1994-12-26,0
854050,59441.1426,1994-12-11,0
2208673,59427.372,1994-12-18,0
1984928,59424.18,1994-12-27,0
1463972,59413.824,1994-11-16,0
4184390,59412.136,1994-12-03,0
4106855,59411.3378,1995-01-12,0
1778086,59382.6,1994-11-20,0
2896160,59360.8465,1995-02-04,0
1570181,59353.5902,1994-11-27,0
2525095,59351.25,1994-11-17,0
3891043,59346.6176,1994-12-07,0
1834913,59323.88,1995-01-06,0
5258116,59322.4841,1995-01-30,0
2920193,59318.828,1995-02-05,0
4009476,59316.5776,1994-12-06,0
1288067,59311.845,1995-02-12,0
5875783,59306.3827,1995-02-06,0
2193794,59297.41,1995-02-23,0
5937414,59295.3474,1994-12-31,0
5973797,59294.74,1995-01-26,0
2199335,59281.8252,1995-01-04,0
349058,59280.219,1994-12-21,0
2044647,59279.1735,1995-01-26,0
5518211,59274.1632,1995-01-04,0
773441,59272.1302,1994-12-24,0
2220357,59260.425,1995-01-17,0
1781571,59252.472,1995-01-09,0
2223938,59220.072,1995-02-08,0
1254464,59219.979,1994-12-10,0
5888933,59219.7659,1995-01-24,0
2497857,59218.2522,1995-02-11,0
1470151,59211.9857,1994-12-30,0
4078757,59198.86,1995-02-13,0
4517154,59167.437,1995-02-01,0
210560,59128.0704,1995-01-29,0
2495655,59122.9425,1994-11-19,0
4005670,59119.467,1994-11-20,0
2917317,59117.4552,1994-12-26,0
5751844,59113.74,1994-11-26,0
837414,59106.6368,1995-01-05,0
5528163,59069.4648,1995-01-25,0
1844194,59067.5712,1994-12-14,0
2623687,59051.2322,1995-01-04,0
2484864,59045.3856,1995-01-16,0
4688578,59029.4994,1995-01-13,0
1975008,58975.0378,1995-02-06,0
4255554,58969.1844,1995-01-22,0
2533639,58952.124,1994-12-11,0
609378,58935.96,1994-12-11,0
5649413,58918.8544,1994-11-17,0
3579655,58877.792,1994-12-15,0
1611234,58871.4294,1994-12-19,0
704741,58850.6346,1995-03-04,0
2147174,58840.746,1995-01-08,0
4003650,58840.67,1995-01-21,0
5725089,58838.3572,1995-02-07,0
4752871,58835.985,1995-01-03,0
5332834,58833.1289,1995-01-01,0
2741478,58819.4226,1995-03-01,0
2725412,58815.9528,1995-01-07,0
5792135,58797.7884,1994-12-30,0
1269923,58789.9256,1995-01-09,0
3817445,58769.13,1995-01-23,0
4409700,58767.3918,1995-01-30,0
3869638,58766.3076,1994-12-22,0
5417218,58764.528,1995-01-05,0
4575748,58762.074,1995-02-07,0
956646,58760.996,1995-03-07,0
3472645,58748.88,1994-12-11,0
3303203,58746.24,1994-12-09,0
3581668,58729.32,1995-02-15,0
1922758,58727.637,1994-12-03,0
5562980,58720.4198,1995-02-03,0
5224581,58714.2566,1995-02-06,0
4408450,58702.3296,1995-02-21,0
1268359,58688.8752,1995-02-04,0
1071872,58672.628,1995-01-10,0
4158405,58671.6912,1995-02-28,0
1049923,58666.71,1994-12-15,0
4807105,58663.0548,1995-01-09,0
5723430,58635.1248,1995-01-28,0
4630406,58632.3318,1994-11-22,0
2700961,58612.008,1994-12-04,0
2932805,58606.632,1995-02-20,0
1991879,58578.5812,1995-01-24,0
3999041,58569.408,1994-12-16,0
1671462,58564.4492,1994-12-20,0
3398690,58552.2927,1994-12-27,0
1075906,58524.8375,1994-12-10,0
2165925,58517.1397,1994-12-13,0
3091269,58501.8905,1994-12-19,0
4539782,58490.9024,1994-12-17,0
530784,58488.612,1995-03-04,0
2482471,58470.039,1995-01-17,0
5114435,58465.23,1994-12-13,0
2818114,58462.9248,1994-12-14,0
3700289,58441.5832,1995-01-16,0
2182981,58432.657,1994-12-06,0
5767268,58406.2138,1994-12-25,0
1700805,58393.1251,1995-03-07,0
299426,58372.1324,1995-03-02,0
1317606,58363.8912,1995-01-11,0
5932359,58361.2856,1994-12-14,0
1036837,58345.4898,1994-12-04,0
2456737,58310.784,1995-02-06,0
3453763,58285.464,1994-12-31,0
3761475,58282.9328,1995-01-10,0
4170752,58267.6248,1994-12-04,0
5774757,58257.006,1995-03-05,0
4628390,58242.26,1994-12-12,0
3604802,58231.4328,1994-12-15,0
3960864,58210.5104,1994-11-19,0
4314407,58197.504,1994-11-23,0
2279783,58182.265,1995-01-20,0
5486372,58176.041,1994-12-03,0
2499271,58129.8894,1995-02-25,0
1009479,58124.736,1995-02-12,0
4784582,58124.6632,1994-12-15,0
5665986,58105.2384,1995-01-26,0
2213603,58098.2168,1994-12-26,0
1496454,58090.032,1995-02-19,0
4998055,58084.35,1995-01-07,0
48710,58084.347,1994-11-26,0
5478884,58082.2752,1995-03-01,0
3362656,58046.1552,1995-02-20,0
4229926,58041.483,1995-02-21,0
4234310,58041.079,1995-03-04,0
1540903,58035.2256,1994-12-16,0
892576,58026.1275,1994-11-24,0
4622919,58022.4799,1995-02-03,0
5676001,58019.949,1994-11-16,0
1612194,58009.0798,1994-12-28,0
3613891,58008.716,1995-01-25,0
4152806,57997.768,1995-02-16,0
3417254,57996.387,1994-12-03,0
577,57986.6224,1994-12-19,0
1014983,57941.116,1995-01-18,0
5891138,57934.7348,1994-11-28,0
2936487,57926.2326,1995-02-11,0
2281153,57913.6176,1994-12-18,0
2701922,57908.048,1995-01-26,0
4035200,57894.578,1994-12-31,0
2778755,57859.3712,1995-01-30,0
5388391,57852.2688,1994-12-14,0
869510,57835.677,1994-11-25,0
1444164,57810.06,1994-11-27,0
3195847,57791.436,1995-01-15,0
5183399,57775.2333,1995-03-01,0
3194342,57760.416,1995-02-06,0
226241,57758.0508,1994-11-21,0
3590338,57748.6728,1995-01-19,0
4939777,57738.9516,1995-02-10,0
312544,57720.936,1995-03-02,0
5576160,57715.6417,1995-02-10,0
274659,57692.8758,1995-01-23,0
1270821,57688.2369,1995-01-11,0
552356,57680.0544,1995-01-19,0
1405953,57667.2896,1995-01-25,0
3304709,57656.8773,1995-02-12,0
5311234,57652.155,1995-01-20,0
5003521,57633.5808,1994-12-26,0
1953605,57620.5292,1995-02-13,0
1561957,57605.3823,1995-01-04,0
275908,57598.1568,1995-02-02,0
2724615,57597.4294,1994-12-28,0
637539,57596.4098,1994-12-30,0
4408416,57595.2,1994-11-20,0
5503783,57584.4988,1995-01-25,0
1488836,57576.2445,1995-02-10,0
2559588,57568.5464,1995-02-11,0
1873447,57562.6083,1995-01-05,0
733121,57557.5605,1994-12-02,0
3875041,57520.9192,1995-01-07,0
3799072,57503.6352,1994-12-31,0
528997,57502.3545,1995-02-08,0
4410949,57496.813,1995-01-09,0
1937287,57495.564,1994-12-08,0
543620,57488.614,1994-12-23,0
3300898,57477.8651,1995-01-22,0
2172230,57477.5994,1995-02-08,0
4716288,57475.9818,1994-12-11,0
5209734,57456.1792,1995-01-03,0
5015879,57443.5953,1994-11-29,0
1527046,57430.4644,1994-11-16,0
2726052,57429.4912,1994-11-20,0
2897574,57418.2,1994-12-15,0
5767044,57415.9434,1994-11-14,0
2038019,57389.67,1995-03-06,0
3160773,57383.4261,1995-02-05,0
1646339,57358.1314,1994-12-24,0
633377,57354.72,1995-02-22,0
3489061,57340.1088,1995-02-17,0
4307490,57325.2834,1994-12-10,0
67109,57301.192,1995-01-17,0
5710240,57296.8659,1995-03-03,0
1528321,57294.4848,1994-11-28,0
1694145,57288.756,1994-12-25,0
4478597,57285.7248,1994-11-28,0
1968038,57278.958,1995-02-16,0
1711809,57277.134,1994-11-24,0
5866341,57272.6016,1995-01-20,0
1407010,57244.1739,1995-02-02,0
1632641,57242.0078,1994-11-29,0
2143173,57239.2866,1995-02-03,0
4312385,57235.2464,1995-02-05,0
3268231,57230.55,1994-12-26,0
5434375,57193.0632,1995-01-12,0
1952934,57183.735,1995-01-05,0
2926695,57165.264,1995-01-23,0
2876867,57145.984,1994-11-24,0
5194887,57143.64,1995-01-29,0
3505411,57121.144,1995-01-19,0
941764,57111.2448,1994-12-05,0
636323,57082.3848,1994-12-09,0
610084,57071.6487,1994-12-10,0
2749249,57053.1072,1995-02-09,0
2290080,57046.4928,1994-12-03,0
1343332,57003.264,1994-12-05,0
5172933,56993.706,1994-12-15,0
3231940,56984.07,1995-02-24,0
1859202,56957.8626,1994-12-23,0
2011142,56956.3434,1995-02-12,0
5515296,56955.4227,1995-01-02,0
5872065,56953.3536,1995-01-13,0
3696964,56952.5964,1995-03-06,0
3406465,56947.807,1995-01-23,0
362016,56922.2988,1995-02-22,0
2959360,56919.8874,1995-01-21,0
1830210,56908.4256,1995-01-04,0
3256384,56897.75,1994-12-06,0
3459653,56881.7868,1994-12-12,0
5715296,56873.9864,1995-01-16,0
4862146,56866.4712,1995-01-29,0
1461826,56865.9176,1994-12-08,0
2288227,56846.0328,1995-01-21,0
2366949,56845.3368,1994-12-19,0
970404,56819.232,1994-12-05,0
3078279,56808.3714,1995-02-28,0
3292002,56773.899,1994-11-14,0
4953830,56770.4706,1994-12-28,0
1620578,56762.804,1995-01-09,0
2177027,56761.5072,1994-12-19,0
5091490,56756.252,1994-11-22,0
2130978,56751.1834,1994-12-10,0
4543237,56749.3745,1995-02-12,0
2147749,56747.583,1995-01-28,0
2295238,56738.8908,1995-02-18,0
3948259,56738.4556,1995-01-08,0
3416519,56733.0496,1994-11-21,0
4745190,56687.051,1995-01-08,0
4671553,56676.263,1994-11-27,0
4804995,56675.8778,1994-12-06,0
2142150,56666.1252,1995-01-02,0
4200930,56601.09,1995-01-06,0
4781504,56573.9167,1995-02-18,0
5008453,56551.128,1995-02-11,0
5198821,56541.2786,1995-02-11,0
127333,56526.0531,1995-01-07,0
4741570,56523.8583,1994-12-30,0
3443527,56521.9338,1994-12-09,0
4345572,56506.512,1994-12-20,0
4635936,56497.9839,1995-02-12,0
3595429,56493.6804,1995-01-31,0
414625,56435.4756,1995-01-13,0
4846594,56425.8912,1994-12-29,0
1868579,56415.2763,1995-01-27,0
5611271,56413.9584,1994-12-01,0
3568707,56377.37,1995-01-13,0
1375335,56376.9558,1994-12-18,0
4591009,56363.8572,1994-12-28,0
1821345,56340.5623,1995-01-13,0
5282790,56332.934,1994-11-20,0
3077892,56319.0146,1994-12-03,0
944550,56318.8238,1995-03-06,0
4434535,56318.3707,1994-12-23,0
2329157,56307.36,1994-12-03,0
5450598,56300.4637,1995-01-28,0
2164482,56298.5582,1995-01-17,0
687104,56294.3628,1995-01-09,0
2997925,56262.591,1995-02-07,0
4539236,56253.486,1994-12-14,0
3442624,56242.1583,1995-02-27,0
3985026,56217.0058,1994-12-02,0
163008,56208.978,1994-11-25,0
4594272,56208.2733,1995-01-24,0
5992166,56187.9495,1994-12-21,0
4833702,56184.1414,1995-01-06,0
602116,56176.92,1994-12-04,0
5588421,56172.9,1994-11-24,0
3605728,56167.5996,1994-12-07,0
1704384,56167.3984,1994-12-09,0
599845,56166.8618,1995-02-08,0
1584676,56158.9896,1995-01-24,0
4640773,56153.1768,1995-01-18,0
3072163,56147.8386,1994-12-29,0
3030854,56146.2528,1994-12-03,0
2101798,56113.5552,1994-12-14,0
3535522,56068.24,1995-03-02,0
1451077,56066.724,1994-11-12,0
3494720,56041.6472,1994-12-19,0
3769316,56029.3839,1995-02-28,0
587173,56023.1,1994-12-22,0
5360422,55996.0668,1995-01-12,0
3608929,55977.0675,1994-12-19,0
592771,55945.416,1994-11-17,0
1565957,55934.019,1995-02-16,0
539712,55931.292,1994-12-09,0
4752065,55928.3752,1994-12-07,0
2674023,55892.1944,1994-12-06,0
1260003,55881.4215,1995-01-13,0
3695974,55867.68,1995-01-31,0
4887170,55865.3116,1995-02-15,0
1256997,55853.5296,1994-12-23,0
5731713,55821.9222,1995-02-13,0
5700518,55820.5065,1994-12-22,0
5309510,55814.004,1995-01-22,0
849827,55804.256,1994-12-19,0
4178149,55787.4747,1994-12-19,0
3739655,55779.3075,1994-12-23,0
4783207,55762.358,1995-02-02,0
5396259,55753.866,1994-12-03,0
4774497,55751.808,1995-02-21,0
1954503,55737.3168,1995-02-06,0
672773,55732.864,1994-12-21,0
1978695,55731.0516,1995-01-28,0
987585,55709.9569,1995-01-22,0
5982755,55707.7158,1995-01-01,0
689473,55705.6938,1994-12-21,0
2782531,55691.7945,1995-03-06,0
2220002,55676.1792,1995-02-10,0
3620997,55674.978,1994-12-12,0
4277799,55641.5318,1995-02-01,0
4010562,55641.094,1995-03-04,0
5750820,55612.98,1995-01-15,0
4146727,55604.5299,1995-02-14,0
5472704,55594.5696,1995-01-28,0
2964229,55570.6899,1995-02-02,0
4702372,55556.928,1994-12-25,0
1423559,55551.44,1995-01-13,0
3569921,55550.1618,1995-02-10,0
3096736,55500.8882,1995-01-12,0
3942759,55493.4672,1994-12-01,0
2486437,55489.566,1994-11-23,0
4411365,55475.9835,1995-01-30,0
1469250,55471.5238,1994-12-23,0
1570437,55453.58,1994-12-15,0
1585634,55441.3782,1995-01-18,0
290563,55433.5554,1995-02-20,0
1244930,55429.7744,1994-12-08,0
1582977,55390.4776,1994-11-29,0
126467,55381.3837,1994-12-12,0
3580484,55353.024,1995-03-03,0
1262369,55343.415,1994-11-26,0
3111105,55327.4253,1994-12-18,0
1592928,55325.3776,1994-11-26,0
1113991,55312.7848,1994-12-25,0
4987875,55306.34,1995-01-08,0
2543969,55294.9672,1994-11-18,0
442595,55288.746,1995-01-16,0
5397120,55252.89,1994-12-02,0
2916418,55243.821,1995-02-28,0
256034,55240.1852,1995-01-22,0
4799943,55240.049,1994-11-30,0
4048039,55233.68,1995-03-01,0
4746119,55224.0156,1994-12-02,0
227204,55220.48,1995-01-26,0
3103239,55208.1024,1995-02-08,0
5973473,55173.6636,1994-12-30,0
5349827,55168.608,1995-01-05,0
2978498,55147.0264,1995-01-03,0
4505253,55146.1152,1994-11-27,0
1872514,55139.4158,1994-11-27,0
1910854,55137.81,1995-03-01,0
191427,55133.995,1995-01-25,0
327489,55133.6632,1994-11-17,0
3823620,55130.166,1995-01-10,0
231553,55125.006,1994-11-27,0
4990791,55103.4,1995-02-08,0
2379105,55096.638,1994-11-21,0
2907235,55089.972,1994-12-13,0
4360065,55088.8595,1995-03-07,0
3392545,55075.7376,1995-03-02,0
1474753,55072.864,1994-12-19,0
3841989,55070.553,1995-02-08,0
1130279,55036.1112,1995-02-26,0
2408483,55030.43,1994-12-05,0
1897701,55011.8436,1995-01-26,0
2571463,54999.306,1995-02-22,0
5593347,54979.9428,1995-02-01,0
2971332,54959.7696,1994-11-14,0
1721478,54949.5522,1994-12-17,0
5171137,54942.5472,1994-12-24,0
5158785,54932.9592,1994-12-09,0
999045,54928.9587,1994-11-24,0
1441633,54927.3411,1995-01-29,0
537825,54917.568,1995-02-27,0
5118848,54894.5148,1994-12-04,0
1817283,54892.103,1994-12-08,0
5903520,54847.44,1995-01-13,0
2689607,54838.2912,1995-03-01,0
4663490,54824.8074,1994-12-01,0
523969,54796.6692,1994-12-07,0
3199366,54793.36,1994-12-14,0
2870183,54779.5365,1995-01-05,0
3341734,54777.6,1994-11-24,0
2310181,54760.4794,1995-01-17,0
2527712,54753.8934,1995-03-06,0
2527104,54713.0232,1995-02-22,0
4970052,54680.0144,1995-01-18,0
2251904,54679.2018,1995-02-10,0
3415079,54675.2976,1994-12-08,0
4103748,54670.5664,1995-03-01,0
1966496,54659.664,1994-12-14,0
266020,54644.8904,1994-11-19,0
2797280,54641.7119,1995-01-13,0
2485506,54622.4266,1995-01-23,0
2569543,54572.076,1995-02-12,0
2120995,54563.136,1995-01-23,0
4346530,54561.0107,1995-02-25,0
26049,54560.3616,1995-03-01,0
4063105,54556.1208,1995-01-11,0
1627072,54553.2259,1994-12-28,0
3890055,54535.275,1995-01-27,0
5954913,54527.8437,1995-01-02,0
2943552,54520.3834,1995-01-07,0
4590822,54507.9,1994-11-20,0
4815073,54480.7536,1994-12-13,0
3811427,54465.0782,1994-12-27,0
5257252,54448.778,1994-11-27,0
4854723,54427.293,1995-01-11,0
1749063,54422.6304,1994-12-22,0
5284803,54416.0344,1994-12-09,0
3287111,54411.231,1994-12-19,0
190689,54409.9504,1994-11-24,0
2680902,54404.163,1995-01-30,0
2447876,54403.7824,1995-02-24,0
490406,54384.1,1995-01-23,0
1905857,54371.6768,1994-12-27,0
844066,54371.45,1995-02-04,0
5949991,54368.3844,1995-02-09,0
2248195,54352.107,1994-12-05,0
3377219,54350.016,1994-12-10,0
2636871,54349.5152,1994-12-16,0
3884033,54343.08,1995-01-29,0
5127233,54342.288,1994-12-08,0
5685056,54333.4365,1995-01-06,0
4953377,54331.56,1994-12-16,0
5744420,54265.8798,1994-12-01,0
2125827,54264.6999,1994-12-16,0
5191713,54261.5847,1994-12-12,0
3153345,54223.4808,1994-12-31,0
4136547,54200.448,1995-01-01,0
4095584,54193.2846,1995-02-19,0
5201477,54174.5402,1995-01-26,0
4569028,54173.6,1994-12-07,0
5170626,54158.181,1994-12-27,0
4969799,54155.4121,1995-03-07,0
2621216,54135.1452,1995-01-08,0
968293,54111.5658,1995-01-10,0
128450,54105.03,1994-12-05,0
1775424,54099.444,1994-11-28,0
5706786,54082.8,1994-11-21,0
2583522,54075.7602,1995-03-07,0
5665926,54016.2671,1995-02-22,0
998626,54012.8257,1994-12-30,0
1886626,53984.5542,1995-01-08,0
5038886,53974.4076,1995-01-14,0
1147012,53973.419,1995-02-25,0
5038950,53964.2466,1995-01-12,0
4065286,53958.765,1994-12-19,0
130179,53952.146,1994-12-28,0
5994624,53951.176,1994-12-04,0
4745159,53948.2108,1995-02-28,0
427523,53911.2466,1995-02-04,0
5454464,53908.1634,1995-01-07,0
2831494,53899.0396,1995-02-19,0
380737,53895.155,1994-12-21,0
4393828,53887.5803,1995-01-01,0
5077255,53885.106,1995-01-02,0
1034656,53874.228,1995-02-01,0
4312355,53869.86,1995-02-21,0
1894019,53867.88,1995-01-02,0
2682982,53867.0152,1994-12-30,0
5854050,53860.896,1994-12-25,0
5477571,53833.236,1995-01-02,0
4511458,53831.5696,1995-01-23,0
3955296,53815.752,1995-01-28,0
4049223,53800.0254,1994-12-02,0
4276512,53791.4,1994-12-31,0
2154149,53789.76,1995-01-10,0
5848900,53782.2432,1994-12-28,0
216805,53739.684,1994-12-02,0
169349,53734.3166,1995-01-19,0
3207905,53734.0937,1994-12-24,0
3685316,53716.77,1994-12-12,0
2113797,53706.5568,1995-01-03,0
3611012,53677.8144,1994-12-27,0
5700133,53677.0934,1995-01-11,0
568736,53661.167,1994-12-26,0
3707526,53654.4756,1994-12-24,0
3945220,53637.8896,1995-02-23,0
3436226,53635.5848,1995-01-17,0
440678,53630.5444,1994-11-20,0
4967489,53622.5053,1995-02-04,0
2691139,53621.12,1995-01-28,0
4670049,53609.3712,1994-11-17,0
1379616,53598.24,1994-12-11,0
1929249,53573.571,1994-12-31,0
2063457,53566.6824,1994-12-05,0
5004196,53528.196,1995-01-28,0
5895877,53525.9515,1995-01-29,0
1520007,53524.32,1994-12-29,0
4724069,53502.8676,1995-01-13,0
4277472,53490.7728,1994-12-17,0
4718784,53481.6086,1995-02-21,0
696487,53442.732,1995-01-01,0
1538881,53431.182,1995-01-26,0
5123780,53408.9103,1995-02-13,0
41062,53386.8732,1995-01-19,0
1289606,53377.0252,1995-02-07,0
3467908,53368.578,1994-12-03,0
3820548,53365.52,1995-01-04,0
320358,53362.7854,1995-01-08,0
4417986,53353.188,1994-11-30,0
4248482,53350.2242,1995-02-08,0
5113731,53329.9455,1995-03-02,0
456256,53318.6,1995-02-10,0
5644230,53316.6968,1995-01-09,0
816615,53315.3754,1994-12-30,0
1494402,53309.6924,1994-12-19,0
2930372,53300.0832,1994-12-02,0
358851,53277.98,1995-01-15,0
2661504,53242.161,1994-12-12,0
1676132,53225.48,1995-01-10,0
1929312,53220.99,1995-01-22,0
3326562,53214.9534,1994-12-22,0
3371712,53201.8092,1994-12-24,0
1739200,53153.793,1994-12-10,0
2410533,53123.8162,1995-01-31,0
583073,53105.8704,1995-03-05,0
5713633,53094.99,1995-02-24,0
4855237,53093.691,1995-01-04,0
1301414,53087.2174,1995-01-30,0
4434438,53084.5488,1995-01-15,0
2542981,53032.3248,1995-02-05,0
5871430,53022.4641,1995-01-26,0
3612032,53015.04,1995-02-23,0
2658946,53014.689,1994-12-04,0
5543296,53002.0854,1995-02-07,0
139716,52992.702,1995-02-18,0
504866,52973.0184,1995-01-15,0
4525509,52962.8441,1995-02-09,0
4811174,52958.472,1995-02-15,0
2055009,52951.0996,1995-01-02,0
5777186,52939.6566,1995-01-02,0
4712549,52929.699,1994-12-17,0
2262562,52903.0656,1994-12-19,0
2720324,52856.4672,1994-12-31,0
820737,52846.6848,1994-11-28,0
205603,52827.068,1995-01-21,0
5304801,52821.153,1994-12-10,0
1748742,52819.139,1995-01-11,0
388903,52799.517,1994-11-20,0
218180,52785.1324,1994-12-21,0
1662631,52774.617,1994-12-31,0
5041250,52750.4432,1994-12-03,0
2707649,52746.4605,1995-01-06,0
4333249,52745.1672,1995-02-28,0
5367584,52741.422,1994-12-24,0
5050022,52740.441,1995-03-07,0
5796675,52694.2864,1995-02-14,0
1478823,52664.352,1995-01-23,0
4121318,52649.532,1995-02-09,0
800356,52645.8354,1994-12-24,0
5304263,52642.8672,1995-02-25,0
4520706,52634.2212,1994-12-14,0
3236450,52628.0304,1995-02-28,0
2486048,52622.9014,1994-11-29,0
1240419,52594.4392,1995-02-11,0
798850,52592.17,1995-02-08,0
827686,52585.7904,1994-11-25,0
4419939,52585.5015,1995-02-11,0
2192770,52548.384,1995-03-05,0
3834694,52532.3708,1995-01-18,0
15111,52520.8138,1994-12-18,0
5658725,52513.562,1995-02-19,0
4894340,52506.624,1995-02-27,0
1277511,52468.666,1995-02-24,0
3540036,52434.6664,1995-01-15,0
1292579,52428.1548,1994-12-14,0
3424417,52420.095,1995-02-20,0
293571,52401.7414,1995-01-23,0
1008132,52366.47,1994-11-23,0
3233926,52353.98,1994-11-21,0
1250784,52334.895,1994-12-29,0
3119715,52333.7364,1994-12-27,0
3076288,52331.798,1994-12-10,0
2738055,52325.336,1994-12-12,0
913317,52316.494,1994-11-24,0
1975395,52290.132,1995-02-22,0
3686019,52274.4348,1995-01-04,0
4149537,52261.7832,1994-12-18,0
538691,52259.9448,1994-12-09,0
1455270,52258.944,1995-01-19,0
3759492,52258.374,1995-01-08,0
1674433,52226.1,1995-02-17,0
1602976,52215.48,1994-12-08,0
4266625,52205.2358,1995-02-07,0
4036677,52187.8188,1994-12-28,0
5161127,52187.6901,1995-02-03,0
4718434,52184.8847,1995-02-19,0
3078211,52175.387,1995-01-01,0
4814785,52174.6953,1994-12-06,0
2621922,52161.03,1994-11-30,0
4595685,52149.0403,1994-12-07,0
1213858,52148.252,1995-03-03,0
5304931,52132.4689,1995-02-05,0
5232256,52124.0832,1995-02-03,0
2351334,52119.6928,1995-01-23,0
4596322,52117.6872,1995-02-06,0
750663,52103.1732,1994-12-24,0
5726466,52086.5268,1995-02-04,0
2209958,52082.9748,1994-12-17,0
2493671,52074.1052,1994-12-31,0
2059302,52064.928,1995-02-02,0
5674627,52055.1206,1994-12-26,0
5075232,52035.3067,1994-12-16,0
3588577,52034.1136,1994-12-21,0
3504582,52018.0128,1994-12-15,0
2240550,51995.686,1994-11-30,0
4955846,51986.6608,1995-01-08,0
4617731,51956.8569,1995-02-04,0
4521412,51948.736,1994-12-03,0
3193636,51944.904,1994-12-29,0
41185,51944.3881,1994-12-07,0
3775591,51941.4831,1995-02-08,0
217095,51920.55,1995-01-31,0
2624677,51904.2678,1994-11-22,0
2080865,51891.49,1995-01-26,0
4052768,51889.6426,1995-01-27,0
2100546,51887.0784,1994-11-08,0
5465186,51883.8804,1994-12-12,0
4362464,51863.3255,1995-01-24,0
96416,51838.059,1994-12-14,0
5950279,51827.8761,1995-02-14,0
5954499,51790.436,1995-01-29,0
3974850,51780.249,1995-01-02,0
1677569,51773.76,1994-12-31,0
1540355,51768.8127,1994-12-13,0
666789,51768.5588,1995-03-01,0
4765605,51768.3904,1995-02-20,0
5109191,51762.3669,1995-01-04,0
1408352,51757.3664,1995-03-01,0
3700610,51744.7556,1995-03-03,0
4207972,51695.435,1995-02-19,0
4896455,51677.136,1995-02-04,0
393986,51662.319,1995-01-06,0
4051463,51662.3112,1994-12-07,0
5676737,51659.081,1995-02-27,0
3135781,51634.5032,1995-01-13,0
964609,51632.5,1994-11-19,0
3915137,51622.668,1994-12-18,0
5111810,51617.7207,1995-02-22,0
4286273,51611.7178,1995-03-01,0
3792418,51600.8404,1995-02-21,0
950976,51597.5398,1995-02-21,0
1893376,51588.8076,1994-12-22,0
4337828,51579.458,1995-01-22,0
1753573,51577.0002,1994-12-26,0
5424386,51561.558,1994-11-22,0
1528738,51561.5568,1994-12-23,0
1444160,51548.866,1995-03-03,0
361735,51530.0886,1995-01-27,0
1087366,51516.2397,1994-11-23,0
3736550,51503.41,1994-12-11,0
234117,51501.12,1995-03-05,0
5510022,51491.419,1994-11-14,0
1899973,51486.5212,1994-12-18,0
2760775,51485.9864,1995-02-14,0
3777697,51477.6524,1994-11-25,0
4705703,51477.1803,1994-11-17,0
249346,51467.796,1995-01-01,0
3579619,51442.4904,1995-02-10,0
555172,51433.092,1995-02-25,0
813890,51431.6932,1994-12-20,0
3566374,51380.949,1994-11-26,0
3061605,51379.93,1994-12-11,0
4721799,51369.7536,1995-01-19,0
4452996,51355.9835,1994-12-15,0
4451589,51352.0188,1994-12-05,0
836864,51329.1773,1994-12-08,0
365633,51306.6708,1994-12-11,0
1822081,51283.008,1994-11-29,0
5914629,51269.506,1995-02-02,0
610017,51245.8848,1994-12-22,0
4009603,51240.992,1995-02-01,0
2780228,51222.5834,1994-12-19,0
5655493,51203.518,1994-12-22,0
1053730,51195.4872,1995-01-26,0
5108962,51186.968,1995-01-06,0
3871457,51186.7828,1995-02-14,0
123328,51154.092,1994-12-30,0
577571,51126.4039,1994-12-13,0
686113,51120.097,1995-01-22,0
4505856,51094.9812,1995-01-22,0
125188,51082.389,1994-12-01,0
3229474,51072.1752,1995-02-22,0
5831553,51054.3936,1994-12-26,0
3742852,51048.329,1995-02-05,0
2100929,51043.671,1994-11-21,0
157575,51016.653,1995-01-10,0
5704933,51011.5415,1995-01-19,0
2321988,50994.7923,1995-01-06,0
4403367,50990.3856,1994-12-10,0
5405158,50983.898,1994-11-23,0
2557125,50969.996,1995-01-25,0
1591170,50958.7692,1995-01-27,0
5723175,50943.807,1995-03-01,0
3197568,50926.7838,1995-01-24,0
1105859,50922.432,1995-02-20,0
657412,50915.6828,1995-02-04,0
4092289,50904.4566,1995-02-02,0
4440419,50894.062,1995-01-17,0
3669475,50889.9627,1994-11-19,0
5924128,50858.361,1994-11-28,0
4380449,50857.7285,1994-12-28,0
1215778,50857.443,1994-12-04,0
5626438,50844.2687,1994-12-01,0
4626816,50836.8,1995-02-04,0
5326243,50828.2325,1995-01-08,0
2006882,50798.381,1995-02-10,0
2228071,50788.01,1994-12-01,0
5192611,50778.5268,1994-12-12,0
963079,50758.5351,1994-11-16,0
5938145,50746.6656,1995-01-10,0
1383808,50741.4264,1995-01-20,0
1073184,50737.248,1995-02-15,0
1499111,50731.0388,1995-02-05,0
4746691,50722.2625,1995-02-08,0
895975,50721.3104,1994-12-20,0
3276836,50697.52,1994-12-25,0
3394017,50697.2064,1994-12-26,0
2871591,50694.66,1995-01-12,0
2853126,50664.432,1995-01-15,0
997668,50651.1294,1995-01-07,0
4217255,50636.5702,1994-12-13,0
4037825,50621.44,1994-11-14,0
4635971,50610.332,1994-12-12,0
2503492,50603.1443,1995-02-09,0
2057255,50570.3392,1995-01-02,0
4307909,50565.684,1994-12-22,0
1014977,50524.92,1994-12-08,0
4890629,50515.0464,1995-01-23,0
2792389,50510.0822,1995-01-07,0
182916,50504.7852,1995-03-07,0
3019396,50496.831,1994-12-20,0
60450,50494.5943,1995-01-10,0
4814883,50469.765,1995-02-22,0
371716,50452.2697,1995-02-08,0
32578,50443.8994,1995-02-06,0
4150439,50443.7868,1994-12-30,0
2685959,50441.0195,1995-01-31,0
1643015,50435.888,1994-12-10,0
2785601,50434.6944,1994-12-19,0
2634501,50428.983,1995-02-27,0
3533636,50422.5168,1995-01-03,0
4587271,50399.496,1995-01-05,0
977510,50398.1995,1995-02-28,0
2910501,50379.526,1994-12-31,0
5322946,50373.264,1994-12-17,0
3856576,50369.618,1994-12-02,0
4711520,50357.4716,1994-12-12,0
4329857,50346.1136,1995-01-13,0
5975104,50339.744,1995-01-01,0
3305606,50333.6605,1995-02-18,0
5469921,50327.2915,1995-02-13,0
3136804,50323.9968,1994-11-15,0
1310785,50321.79,1994-11-28,0
3998496,50302.1064,1994-12-01,0
5686085,50292.657,1995-01-06,0
1491622,50286.3152,1994-11-26,0
3706691,50267.0616,1995-02-23,0
3987683,50234.4934,1994-12-04,0
880291,50229.1449,1994-12-28,0
572068,50226.8736,1994-11-09,0
5022401,50209.28,1995-02-23,0
4070659,50187.6,1994-11-12,0
4381536,50177.511,1995-02-21,0
2735137,50166.2875,1994-12-09,0
3179910,50155.732,1995-02-25,0
5748772,50151.169,1995-01-24,0
4864198,50148.799,1994-12-13,0
4528480,50133.33,1994-12-03,0
4380483,50130.2144,1994-12-17,0
5245793,50118.288,1994-11-27,0
3887136,50100.112,1995-02-16,0
3453828,50099.8742,1994-12-18,0
3140389,50088.1914,1994-12-12,0
3768964,50060.64,1994-11-14,0
2783908,50055.94,1995-01-21,0
5556322,50055.752,1994-11-22,0
1202150,50053.0536,1994-12-21,0
4700674,50048.4628,1995-01-18,0
441797,50039.58,1994-12-19,0
3515525,50032.419,1994-12-18,0
2170531,50018.811,1994-12-18,0
3702435,50001.0418,1995-02-11,0
697345,49933.5063,1995-01-04,0
191523,49900.707,1995-02-20,0
996929,49898.993,1995-01-07,0
4714432,49891.968,1994-11-20,0
4342594,49853.6181,1995-01-31,0
5696839,49849.4052,1994-11-27,0
2168004,49840.3416,1994-12-20,0
5206087,49816.4544,1995-02-06,0
1212614,49810.5567,1995-02-21,0
1507173,49804.0452,1995-01-05,0
5147267,49788.1166,1994-12-07,0
4285440,49773.7296,1995-01-24,0
2944608,49750.3872,1994-11-20,0
4617154,49749.4176,1995-01-17,0
717255,49729.6096,1995-01-18,0
2342085,49726.8948,1994-12-29,0
1888230,49720.9713,1994-12-20,0
4538785,49718.0264,1994-12-09,0
2202496,49714.249,1995-01-10,0
3504005,49709.6775,1994-11-12,0
3934439,49697.9152,1994-12-13,0
5224964,49688.9596,1994-12-18,0
3173125,49686.6181,1994-11-22,0
1364290,49683.6296,1995-02-14,0
4853219,49681.6511,1995-02-15,0
2293506,49660.9152,1994-12-31,0
5655233,49651.6584,1995-02-18,0
2990021,49642.065,1994-11-11,0
4054821,49640.832,1994-11-14,0
1722753,49632.1292,1995-02-12,0
3601344,49570.11,1995-01-25,0
1882885,49569.9216,1995-01-13,0
3550020,49566.482,1994-11-24,0
460256,49554.4994,1994-11-23,0
1759075,49552.2755,1995-01-09,0
1467207,49551.12,1995-01-09,0
2643648,49542.392,1995-01-28,0
1442471,49539.6957,1995-01-02,0
3233216,49532.7105,1995-02-08,0
3561028,49531.8915,1994-12-13,0
4511141,49527.4615,1995-01-06,0
4854882,49519.8002,1995-02-04,0
4042534,49518.9846,1995-01-08,0
4358692,49511.385,1994-11-25,0
1245636,49490.644,1995-02-26,0
3292803,49459.0355,1995-01-17,0
1676359,49439.5808,1995-01-11,0
2883205,49422.2528,1994-12-18,0
1811136,49384.3572,1994-12-15,0
1624743,49350.84,1994-11-25,0
571075,49320.7308,1995-02-19,0
1973990,49319.2392,1995-01-26,0
5531014,49308.6216,1995-01-19,0
205697,49283.0128,1994-12-15,0
1416195,49281.2142,1995-02-22,0
4687426,49273.3416,1994-12-01,0
2929413,49257.1443,1995-03-03,0
5708038,49256.5248,1995-01-20,0
4859847,49244.8228,1995-02-19,0
5036485,49244.06,1994-11-22,0
4724227,49231.56,1995-02-02,0
3066243,49229.9808,1995-02-24,0
2563235,49226.624,1994-12-27,0
3749666,49223.0832,1994-12-20,0
1209476,49211.5435,1994-12-24,0
1268162,49211.136,1994-12-22,0
1462915,49205.348,1995-02-16,0
928549,49182.957,1995-01-26,0
340800,49169.2032,1995-01-17,0
2737187,49152.1864,1995-01-02,0
3463232,49137.3024,1994-11-22,0
827106,49129.617,1995-01-26,0
733255,49071.528,1994-12-30,0
5615905,49067.8944,1994-12-12,0
243204,49041.06,1994-11-12,0
2352161,49036.988,1995-01-23,0
3124903,49007.9304,1995-02-05,0
3420645,48972.52,1994-12-29,0
3424673,48970.9728,1994-11-24,0
1167652,48967.5246,1995-01-03,0
4167040,48962.4072,1994-12-09,0
1829093,48959.0328,1994-12-14,0
5434755,48956.445,1994-12-09,0
3059174,48936.384,1994-12-10,0
1481378,48932.8,1994-11-22,0
3578051,48912.536,1995-01-04,0
1261153,48888.7608,1995-01-29,0
2728453,48872.6712,1994-12-16,0
162436,48863.088,1994-12-26,0
2155111,48852.608,1994-12-01,0
307749,48847.0656,1994-12-18,0
1377376,48846.9869,1995-02-02,0
662118,48844.7232,1995-03-06,0
2048487,48830.121,1995-03-07,0
2476804,48814.1,1994-11-28,0
5327204,48790.8958,1994-12-19,0
758755,48784.176,1994-11-18,0
1946053,48775.8309,1994-11-26,0
4842819,48775.3314,1995-01-10,0
996769,48759.0768,1994-12-17,0
1605125,48736.512,1994-11-27,0
4169152,48722.268,1995-01-18,0
2854823,48698.919,1994-12-05,0
4425856,48682.5066,1994-12-18,0
2095556,48652.14,1994-12-19,0
898913,48651.84,1994-12-16,0
2118912,48649.902,1995-01-17,0
2401860,48649.2672,1994-11-30,0
3485504,48648.719,1995-02-08,0
4636423,48632.4295,1995-01-05,0
80002,48628.6424,1994-11-26,0
5602053,48624.43,1994-11-12,0
5801347,48606.5762,1994-12-30,0
2945666,48603.6036,1995-01-01,0
1248486,48595.6698,1994-12-22,0
2155172,48587.3344,1994-11-08,0
5342050,48585.0045,1994-12-03,0
2260706,48574.258,1995-02-14,0
1336416,48539.1277,1995-02-14,0
890528,48511.674,1994-12-22,0
4353671,48503.9238,1995-02-28,0
4409797,48473.0934,1994-11-21,0
2483810,48470.196,1994-12-19,0
2931202,48464.013,1994-12-30,0
4292129,48455.8529,1995-01-17,0
1527328,48443.931,1995-01-21,0
1669539,48417.3459,1995-01-12,0
1934816,48407.3768,1995-03-01,0
10436,48399.6149,1995-01-03,0
1535969,48367.255,1995-01-13,0
5171650,48365.94,1994-12-03,0
335239,48355.7778,1995-02-23,0
3014146,48341.493,1994-11-24,0
789606,48341.3616,1994-12-12,0
4083365,48332.5024,1994-11-17,0
263075,48329.918,1995-01-10,0
5263651,48318.7588,1995-01-07,0
2016516,48311.7264,1995-02-14,0
3451936,48272.9856,1994-12-26,0
4425031,48271.4842,1995-02-22,0
3905569,48268.0536,1995-01-14,0
4655045,48262.326,1994-11-29,0
1153798,48261.4014,1995-01-20,0
4988866,48255.84,1995-02-27,0
2142338,48253.0344,1994-12-26,0
707301,48245.0148,1994-12-24,0
2794657,48236.235,1994-12-22,0
2162375,48213.621,1994-12-30,0
1969218,48194.9544,1994-11-29,0
4244708,48144.704,1994-11-25,0
1733346,48135.6292,1994-12-14,0
2485700,48132.468,1995-01-21,0
2645763,48129.3278,1994-11-27,0
858114,48115.6704,1995-02-28,0
2925571,48108.0,1995-02-28,0
1725926,48096.0144,1995-02-07,0
169446,48088.2784,1994-12-12,0
3794660,48075.9938,1995-01-23,0
4118146,48072.5587,1994-11-24,0
5869955,48062.457,1995-01-12,0
5029666,48061.656,1995-01-01,0
4779616,48048.012,1994-12-01,0
2190695,48035.5881,1994-12-08,0
1613702,48029.2925,1994-12-19,0
2564516,48026.1744,1994-12-09,0
1416901,48025.1742,1995-03-05,0
1835968,48011.0076,1995-01-07,0
1681024,48005.748,1995-01-06,0
4219175,48004.538,1995-02-10,0
1815334,47995.697,1994-11-24,0
3477925,47990.0543,1995-03-06,0
4213735,47988.4185,1994-11-19,0
3416002,47983.572,1994-12-29,0
3212678,47971.485,1995-02-02,0
4712134,47968.052,1994-12-14,0
3785221,47942.433,1995-02-17,0
2992963,47910.0939,1994-12-03,0
866790,47904.2816,1995-02-06,0
4300033,47868.353,1995-02-05,0
910304,47863.8072,1995-01-30,0
3496391,47855.76,1995-02-14,0
987649,47845.728,1994-12-07,0
5343521,47839.0528,1995-01-20,0
4787525,47833.792,1994-12-09,0
2165124,47833.065,1994-11-28,0
2671488,47823.21,1995-02-07,0
3995814,47816.2514,1995-01-03,0
997703,47809.2915,1994-12-15,0
2535590,47801.6064,1995-01-11,0
245510,47798.0475,1994-11-18,0
774720,47791.5321,1995-01-18,0
131879,47731.0561,1994-12-18,0
360193,47727.7722,1994-12-22,0
2115392,47718.657,1994-12-02,0
1768480,47714.1162,1995-01-26,0
2078339,47711.5824,1994-12-21,0
4788261,47707.3524,1995-01-02,0
874467,47701.8528,1995-03-05,0
5013796,47698.366,1995-02-06,0
5857059,47689.1744,1995-01-22,0
4037797,47685.501,1994-12-01,0
2348131,47684.3402,1994-12-03,0
3015043,47682.84,1995-02-16,0
2990465,47669.2208,1994-12-31,0
2208871,47655.9828,1995-02-28,0
2953377,47628.5527,1994-12-13,0
2298789,47625.9432,1995-02-26,0
3333541,47610.675,1995-03-04,0
1266433,47604.0915,1994-11-27,0
3533378,47597.3277,1995-02-22,0
4884358,47585.3,1995-02-07,0
715618,47567.7224,1995-01-18,0
504994,47565.624,1995-01-28,0
2513477,47564.6626,1994-12-08,0
5900934,47556.4518,1995-01-03,0
4243778,47551.7154,1995-01-24,0
3160454,47547.027,1995-01-25,0
4219072,47541.78,1994-11-18,0
2825027,47538.9866,1994-12-13,0
3016416,47533.8448,1994-12-13,0
5887971,47531.6352,1995-01-27,0
2039235,47515.59,1995-01-10,0
1730530,47511.4192,1994-12-17,0
53508,47506.7916,1994-11-11,0
1231655,47501.6675,1995-02-09,0
1940256,47494.44,1995-01-12,0
448551,47487.195,1994-11-29,0
4564999,47470.0,1994-12-08,0
3040736,47467.368,1995-01-03,0
4107648,47465.028,1995-01-30,0
1346309,47448.6558,1995-02-07,0
5845668,47417.535,1994-11-15,0
5763363,47393.7615,1994-12-17,0
1173222,47381.5272,1995-02-08,0
2474948,47377.3412,1995-03-01,0
2841923,47368.512,1994-12-13,0
802119,47360.7908,1994-12-17,0
4737924,47348.5285,1995-01-30,0
63141,47321.456,1995-01-12,0
3539236,47310.7978,1995-02-02,0
2459557,47307.6747,1994-11-16,0
1030816,47297.4371,1995-01-02,0
5933888,47287.3768,1994-12-13,0
4041123,47284.884,1995-02-13,0
1746533,47270.72,1994-12-08,0
4449536,47217.8025,1994-12-19,0
5905958,47217.1448,1995-01-06,0
661602,47208.15,1994-12-21,0
1157571,47191.4404,1994-11-27,0
1085058,47189.28,1994-12-03,0
798912,47188.6272,1994-12-15,0
122309,47185.8634,1994-11-12,0
1866177,47166.37,1994-12-25,0
3865543,47160.8536,1995-01-31,0
1379168,47125.6416,1994-11-27,0
3228711,47123.9523,1994-12-30,0
953156,47085.7191,1995-02-21,0
3532323,47053.3448,1994-11-26,0
1511558,47053.3128,1995-02-02,0
5850501,47045.496,1994-12-03,0
1608423,47038.338,1994-12-06,0
4658212,47033.1949,1995-01-12,0
225830,47030.6256,1995-01-01,0
2785287,47027.1732,1995-01-31,0
2637634,47020.5204,1995-03-04,0
2925063,46990.518,1994-12-15,0
1690498,46955.0536,1994-12-26,0
1151267,46951.7796,1995-01-13,0
186112,46948.9349,1994-12-31,0
2084196,46933.92,1995-01-22,0
1647460,46889.832,1994-11-16,0
5445472,46888.422,1994-11-12,0
877345,46882.044,1994-11-30,0
2837603,46869.0228,1994-12-30,0
4366374,46845.0621,1994-12-22,0
2128448,46839.137,1995-02-25,0
816326,46826.7816,1994-12-16,0
5536832,46814.9328,1994-11-29,0
5670599,46814.6591,1994-12-22,0
2239236,46811.9925,1995-01-21,0
3358823,46811.2806,1995-03-01,0
3771907,46806.7392,1995-01-10,0
4398692,46795.74,1994-12-16,0
4157349,46783.44,1995-03-06,0
5823559,46767.78,1995-01-24,0
449829,46767.2472,1995-01-17,0
746562,46763.6765,1995-01-29,0
5468837,46749.519,1994-12-10,0
5278692,46711.0787,1994-12-20,0
3643590,46668.6,1994-12-09,0
2093730,46656.6888,1995-01-28,0
3047811,46628.0064,1995-02-05,0
4613794,46627.4763,1995-02-14,0
4770913,46604.762,1995-01-20,0
3466690,46590.72,1995-01-17,0
3622914,46580.3544,1994-11-28,0
3307524,46578.9744,1995-02-02,0
2292482,46566.5584,1995-02-17,0
3087745,46524.1796,1994-11-23,0
5340736,46521.265,1994-12-03,0
5949953,46492.8768,1994-12-08,0
3720164,46491.2692,1995-01-29,0
4794853,46491.214,1994-11-18,0
3367845,46450.0926,1994-12-27,0
3178178,46443.764,1994-12-04,0
3330529,46433.3268,1995-02-08,0
480166,46416.24,1994-12-30,0
5219079,46413.08,1995-02-03,0
2164294,46393.6995,1995-01-11,0
1655108,46362.7624,1995-02-24,0
1962307,46290.512,1995-01-01,0
5284644,46278.87,1994-11-19,0
156740,46278.576,1994-12-07,0
3004485,46266.471,1995-02-23,0
2802661,46264.7472,1995-01-12,0
4857474,46255.4937,1994-11-24,0
2458439,46240.7218,1995-01-06,0
1904774,46217.9508,1995-02-10,0
2096034,46217.9496,1994-12-11,0
3955424,46214.85,1994-11-18,0
5054116,46213.7211,1994-12-12,0
99300,46179.8172,1994-12-28,0
3205569,46165.851,1994-11-12,0
90759,46164.129,1994-12-11,0
1950116,46141.1769,1995-02-06,0
4276544,46138.176,1994-12-20,0
3080737,46113.3992,1995-02-07,0
4146757,46088.8016,1994-12-02,0
661731,46066.79,1994-12-16,0
1604199,46054.899,1994-12-25,0
180419,46034.2236,1995-03-06,0
5650307,45964.4114,1995-01-15,0
3032165,45955.84,1995-01-25,0
5136550,45949.9788,1994-12-14,0
3937057,45928.5056,1994-11-30,0
5622631,45926.4276,1994-11-25,0
2742592,45922.7056,1994-12-16,0
2895300,45914.8781,1994-11-29,0
5764615,45888.8448,1995-02-07,0
2086535,45880.9488,1995-01-16,0
5648807,45877.8087,1994-12-25,0
370050,45847.418,1995-02-01,0
1185895,45844.4392,1994-12-12,0
3917155,45830.772,1995-01-22,0
5395874,45830.664,1994-12-31,0
1961863,45810.912,1995-03-04,0
5174018,45797.024,1994-12-15,0
2335904,45796.4235,1994-12-30,0
2413285,45776.4658,1994-12-30,0
6791,45774.438,1995-02-02,0
648999,45769.689,1994-11-28,0
767685,45764.8785,1994-12-13,0
1807488,45753.9106,1995-02-08,0
1215975,45741.284,1994-12-06,0
3604065,45718.2544,1994-12-25,0
4205795,45716.3161,1995-02-15,0
2973765,45698.4478,1995-03-05,0
4877987,45662.616,1995-01-24,0
2850950,45661.605,1995-03-03,0
1726145,45648.7876,1994-11-26,0
108453,45612.0912,1994-12-28,0
543909,45609.1462,1995-01-14,0
340000,45600.5334,1995-02-19,0
2687587,45596.034,1995-02-01,0
521120,45592.6725,1994-12-06,0
5156836,45587.0846,1995-03-03,0
4194338,45569.186,1995-02-16,0
4337665,45567.5616,1994-11-30,0
4600259,45563.0374,1995-02-03,0
4950342,45556.29,1995-01-08,0
4004258,45549.4055,1995-02-24,0
678596,45542.1661,1995-03-07,0
3102054,45536.5855,1995-01-10,0
5625926,45524.2986,1994-12-06,0
1266982,45521.9028,1995-01-24,0
3973062,45519.0372,1995-01-14,0
2601700,45511.158,1994-12-17,0
1016295,45493.6014,1995-01-23,0
1959042,45490.1356,1994-12-17,0
2650853,45485.253,1994-12-24,0
2443619,45477.28,1995-01-30,0
1114726,45476.2152,1995-01-20,0
5327591,45474.48,1995-02-13,0
4407206,45464.832,1994-12-02,0
5504832,45453.5113,1995-02-14,0
4848934,45436.5945,1995-02-19,0
1013986,45434.1888,1994-12-01,0
4135077,45410.836,1994-12-04,0
389184,45405.0695,1994-12-14,0
3523716,45390.3107,1994-12-18,0
2356771,45370.14,1995-01-14,0
4621890,45365.1117,1995-01-04,0
4808837,45325.098,1995-03-06,0
3473060,45316.5944,1995-02-13,0
1431047,45311.63,1994-12-05,0
4480551,45286.08,1994-11-17,0
3683332,45268.864,1994-12-21,0
4558086,45268.4082,1995-01-18,0
113539,45263.0412,1995-01-16,0
626564,45257.9718,1995-01-15,0
3220132,45250.9925,1995-01-07,0
4940518,45243.7056,1994-12-03,0
1217798,45237.2368,1995-01-22,0
4268869,45235.9368,1994-12-18,0
2461217,45235.3236,1995-02-21,0
3219844,45216.6744,1994-11-26,0
612198,45164.6118,1995-02-07,0
2310784,45148.0587,1995-01-12,0
3396740,45119.4058,1995-01-30,0
2769252,45089.1072,1995-01-13,0
3632578,45069.9648,1994-11-28,0
4184898,45057.03,1995-01-15,0
5862050,45055.3752,1995-01-04,0
4571328,45041.7513,1994-12-06,0
5454086,45025.113,1995-01-12,0
4998087,45019.8606,1995-01-23,0
5616866,44967.737,1994-12-18,0
1243810,44952.5304,1995-02-24,0
5411046,44935.7748,1995-01-20,0
1031910,44919.3906,1994-11-25,0
2393412,44918.558,1995-03-04,0
1341280,44908.6176,1994-12-20,0
2550020,44904.9908,1994-12-12,0
2832482,44901.12,1995-02-07,0
2893603,44889.0044,1995-01-18,0
4234178,44887.024,1995-01-18,0
4671008,44841.384,1994-12-25,0
1159302,44827.911,1994-12-12,0
1156004,44820.0621,1994-11-24,0
3641027,44804.934,1994-12-17,0
798051,44799.4209,1994-12-06,0
2148003,44780.4336,1994-12-06,0
5645505,44771.6465,1995-02-20,0
2503201,44762.9312,1994-12-19,0
2581988,44740.4752,1994-12-23,0
2501061,44733.8332,1995-01-05,0
5344294,44720.579,1994-11-29,0
3066723,44691.4468,1995-01-15,0
3551297,44685.112,1994-12-05,0
2823462,44682.7056,1994-12-10,0
30151,44677.74,1995-01-30,0
2378849,44667.9506,1994-12-21,0
109922,44657.811,1994-11-30,0
1259938,44635.2384,1994-11-16,0
4157412,44630.235,1995-01-12,0
3697735,44621.874,1995-01-21,0
5990470,44612.3258,1994-12-25,0
2707682,44593.6082,1995-01-18,0
728933,44592.2113,1994-12-26,0
2933955,44581.866,1995-02-15,0
3406598,44557.5792,1994-12-04,0
4120261,44527.968,1995-01-27,0
4870471,44523.52,1995-02-20,0
5106373,44522.016,1994-12-25,0
2878373,44507.3488,1995-01-20,0
5256289,44497.7856,1994-12-06,0
1863236,44484.814,1994-12-26,0
4132134,44477.4176,1994-11-27,0
1864805,44457.567,1994-12-08,0
4699363,44456.979,1994-12-21,0
3810438,44449.7612,1994-12-09,0
4275428,44447.6795,1994-12-17,0
403463,44446.346,1994-11-15,0
218183,44434.6136,1994-12-16,0
5772448,44424.24,1994-12-05,0
406660,44423.4528,1994-12-06,0
5700771,44416.5677,1995-02-02,0
5847456,44407.8222,1995-02-15,0
5735075,44384.958,1994-12-17,0
714467,44350.761,1995-01-31,0
4439462,44350.0975,1995-01-31,0
614627,44347.3536,1995-01-15,0
1010851,44328.197,1994-11-10,0
4616036,44317.4004,1995-01-27,0
2474725,44308.9986,1994-12-02,0
1844000,44270.5824,1995-01-20,0
2139686,44256.5106,1994-12-05,0
2980131,44248.761,1994-12-04,0
890981,44242.2764,1994-11-16,0
2130501,44235.7558,1995-01-05,0
2028070,44211.735,1994-12-26,0
3591591,44186.3136,1994-12-27,0
5168354,44177.749,1994-12-14,0
2271587,44166.1728,1995-01-10,0
3923908,44159.4153,1994-11-22,0
2752705,44156.37,1994-12-01,0
89255,44135.1457,1995-01-14,0
526465,44120.036,1995-02-13,0
4436069,44086.4188,1995-02-06,0
1630851,44069.9196,1995-02-02,0
2159362,44063.2896,1994-12-25,0
4752518,44011.315,1994-11-21,0
463361,44010.954,1995-01-14,0
5995270,43996.23,1995-02-21,0
2611620,43985.1405,1994-12-07,0
745988,43978.8132,1995-01-02,0
4568353,43972.8132,1995-01-26,0
1374405,43951.2612,1994-12-03,0
2570465,43945.214,1995-01-16,0
931650,43933.056,1995-01-28,0
1591970,43926.246,1994-12-19,0
3672229,43912.4016,1995-01-20,0
839109,43908.71,1994-12-31,0
3652704,43884.464,1995-01-19,0
1896677,43870.0348,1995-01-07,0
3588546,43864.976,1995-01-03,0
4302887,43858.893,1994-12-13,0
2055584,43845.6315,1995-01-04,0
4086724,43834.6944,1994-12-23,0
5058662,43828.5276,1994-12-17,0
2892961,43819.5228,1994-11-20,0
2388516,43812.3053,1995-01-19,0
3799845,43782.156,1994-12-07,0
623586,43778.6712,1995-02-09,0
2174308,43743.9072,1995-01-02,0
2899333,43725.5,1994-12-13,0
1528549,43723.254,1994-11-15,0
617729,43717.5023,1995-01-26,0
2678023,43712.4142,1994-12-11,0
2947301,43703.8524,1994-12-11,0
962338,43703.7858,1995-02-03,0
3984195,43673.959,1995-01-17,0
670630,43657.614,1995-02-05,0
3705314,43639.504,1995-01-02,0
4025440,43623.0144,1995-02-26,0
62338,43620.12,1995-01-20,0
2312579,43615.0656,1995-02-12,0
5278372,43603.0978,1995-03-07,0
961795,43602.0486,1994-12-22,0
5502885,43593.6942,1994-12-27,0
3075234,43592.8304,1995-01-04,0
399232,43589.1645,1994-11-26,0
574019,43585.7212,1994-11-22,0
4279937,43571.633,1994-11-30,0
2558724,43529.3496,1994-11-14,0
5862400,43515.126,1995-03-04,0
3142177,43508.0408,1994-11-17,0
1614721,43506.9592,1994-12-29,0
5576679,43504.215,1995-01-05,0
601377,43503.3316,1995-01-07,0
4661830,43498.416,1994-11-27,0
965671,43481.529,1994-12-12,0
741570,43477.1714,1995-01-01,0
4156261,43465.521,1994-12-25,0
303042,43463.6304,1995-02-16,0
3004322,43445.751,1995-01-02,0
3005669,43442.89,1995-01-20,0
1806054,43442.0989,1995-01-02,0
2520480,43439.823,1994-12-13,0
2616742,43393.663,1994-12-03,0
1301633,43365.999,1994-12-18,0
3143042,43362.1248,1994-11-22,0
3713956,43357.62,1995-02-08,0
1269825,43346.6916,1995-02-15,0
4514305,43338.0,1995-01-14,0
3744643,43324.3104,1995-02-01,0
219107,43323.48,1995-01-16,0
5162115,43316.6792,1994-12-22,0
1762784,43309.721,1994-12-22,0
3645440,43298.3168,1995-03-01,0
26432,43280.1168,1994-12-31,0
4918693,43277.922,1994-12-28,0
374305,43276.9935,1995-01-25,0
2549636,43267.851,1994-11-30,0
2000992,43252.608,1994-12-09,0
4323971,43250.4376,1994-11-10,0
3667136,43240.1774,1995-01-14,0
1638115,43238.1417,1994-12-30,0
5058242,43228.0968,1994-12-02,0
2587520,43226.1144,1995-01-03,0
737410,43220.7356,1994-12-22,0
5719968,43205.848,1995-01-08,0
87490,43203.888,1995-02-17,0
1403719,43202.1036,1994-12-12,0
2857413,43170.732,1994-12-03,0
1817383,43170.135,1994-12-28,0
3172641,43160.9745,1994-11-16,0
5647969,43159.4904,1995-01-05,0
5656003,43126.4009,1995-01-11,0
3908260,43106.9136,1994-12-03,0
4922242,43105.8627,1995-01-09,0
5182466,43103.34,1994-12-31,0
4379334,43099.7,1995-03-04,0
4309926,43082.466,1995-01-10,0
1135650,43080.196,1994-11-15,0
4369794,43070.112,1994-12-01,0
1703589,43064.28,1995-02-15,0
1514951,43063.8882,1995-01-19,0
3430080,43022.907,1995-01-19,0
5344262,43020.18,1995-01-14,0
3978086,42994.8,1994-11-24,0
467335,42991.542,1994-12-06,0
3504487,42984.1808,1994-11-30,0
1283846,42966.3596,1994-11-29,0
849057,42942.385,1994-11-23,0
4123684,42892.1766,1994-12-30,0
5147010,42889.3962,1995-01-13,0
2759812,42874.4176,1995-01-04,0
507266,42869.358,1994-12-12,0
3490115,42862.2204,1994-11-20,0
4565317,42847.9458,1994-12-20,0
1632004,42841.3474,1994-12-17,0
2418887,42811.83,1994-12-28,0
3094854,42811.4901,1995-01-26,0
3330180,42811.1328,1994-11-22,0
3776929,42805.575,1995-01-05,0
1920673,42780.192,1995-01-29,0
3555205,42756.988,1994-12-03,0
146690,42756.012,1995-02-04,0
4812070,42744.4291,1994-12-31,0
4109639,42738.5101,1995-02-05,0
5892999,42728.568,1995-02-11,0
1175553,42725.6266,1995-01-31,0
5088486,42719.922,1995-02-16,0
1959973,42709.7088,1995-01-24,0
3309540,42708.7964,1995-01-19,0
2980000,42700.95,1994-11-28,0
4876903,42677.9527,1994-12-24,0
4826371,42672.3752,1994-12-22,0
2849728,42667.976,1994-12-20,0
2440960,42663.843,1994-12-17,0
3231942,42645.582,1994-12-23,0
1433703,42636.456,1994-11-29,0
3095205,42630.0096,1994-11-14,0
799232,42625.8261,1995-02-05,0
592419,42621.66,1994-11-18,0
4586693,42605.5392,1995-02-26,0
5323712,42588.7424,1994-12-22,0
3620806,42575.82,1995-02-24,0
4300580,42489.8136,1994-11-10,0
2523265,42488.28,1994-12-18,0
3110055,42482.304,1995-01-02,0
5469443,42467.4208,1995-02-23,0
1660356,42464.0964,1995-01-03,0
2578631,42453.9024,1994-12-11,0
802213,42430.4009,1995-02-13,0
4465154,42425.915,1994-12-23,0
2264002,42419.754,1994-12-27,0
4104135,42412.7844,1995-02-14,0
1533382,42410.655,1994-11-25,0
1961378,42402.5456,1994-12-18,0
2273671,42358.1976,1995-02-04,0
2040485,42348.0336,1995-01-08,0
3068420,42343.6343,1995-01-13,0
3028357,42339.8626,1995-01-29,0
5595557,42319.7808,1994-12-29,0
775940,42279.3,1995-02-04,0
4982437,42273.1932,1995-02-07,0
1744807,42267.5845,1995-02-19,0
4324194,42230.3272,1995-01-31,0
759876,42222.3624,1994-11-30,0
1296647,42216.5,1994-12-30,0
2742496,42203.991,1995-02-17,0
5627748,42197.3457,1995-01-30,0
3633927,42195.846,1995-01-01,0
5368514,42195.348,1995-01-04,0
3363780,42192.7324,1994-12-20,0
4052838,42175.364,1994-11-26,0
951971,42146.2465,1995-02-23,0
5834564,42130.94,1995-03-04,0
1981761,42111.6192,1994-12-19,0
2635203,42107.9932,1994-12-28,0
5593895,42098.976,1994-12-25,0
423206,42097.9471,1995-02-03,0
1258465,42085.316,1994-11-11,0
740774,42084.042,1995-01-26,0
1031011,42073.2144,1994-12-21,0
4917669,42065.6445,1995-03-03,0
3595813,41998.6644,1995-01-26,0
1540226,41960.0818,1994-11-25,0
5514692,41957.041,1994-12-30,0
1479716,41956.0824,1994-12-21,0
5606529,41953.767,1994-12-05,0
2330694,41948.1544,1994-12-01,0
4877606,41937.8,1995-01-16,0
1812833,41930.5198,1995-01-13,0
2330375,41922.8744,1995-03-03,0
3227334,41918.125,1995-01-17,0
1367492,41912.4545,1995-01-22,0
2300679,41912.1205,1995-02-14,0
4787847,41901.7032,1994-12-07,0
2203396,41895.513,1994-12-08,0
5347750,41893.8588,1995-01-05,0
4658342,41890.5704,1994-12-18,0
3941506,41877.71,1994-11-20,0
980993,41861.3184,1995-01-11,0
5605633,41853.8452,1994-11-26,0
3630338,41820.24,1995-02-09,0
3280417,41819.783,1995-02-20,0
3963395,41800.3944,1994-11-14,0
1273508,41794.2954,1995-01-04,0
3473380,41793.825,1994-12-07,0
584069,41775.36,1995-02-08,0
506179,41761.85,1995-02-01,0
819718,41761.1538,1995-01-22,0
35399,41744.129,1995-01-22,0
1813606,41733.648,1995-01-16,0
2840613,41717.3247,1995-02-20,0
332293,41711.4886,1995-03-06,0
5260196,41708.3688,1994-12-03,0
5274081,41702.736,1995-02-20,0
5188769,41690.6,1994-11-28,0
5802565,41630.498,1995-03-04,0
5040930,41584.1156,1995-01-11,0
3636704,41578.1856,1994-12-28,0
3780385,41577.066,1995-03-03,0
5937506,41565.3056,1994-12-08,0
4093796,41561.9762,1995-01-03,0
667141,41555.735,1995-02-04,0
2659075,41550.7456,1995-02-22,0
1550497,41529.5196,1995-02-11,0
5537825,41506.0854,1995-01-17,0
2480640,41503.077,1994-12-09,0
571556,41485.44,1995-01-09,0
5237315,41480.8,1994-12-22,0
996902,41480.0906,1995-01-18,0
302560,41477.5104,1995-02-23,0
3239778,41465.6,1995-02-19,0
2514883,41463.8976,1994-11-20,0
2103619,41463.408,1994-11-13,0
2170368,41453.314,1994-12-22,0
724064,41449.9129,1995-03-06,0
4932803,41439.7836,1994-12-18,0
5318023,41438.088,1995-01-13,0
5234531,41432.0406,1995-02-08,0
3449316,41430.032,1994-12-02,0
4992387,41423.2,1994-12-21,0
554849,41415.839,1994-12-05,0
1135877,41388.3666,1995-02-07,0
4139814,41357.9017,1995-02-15,0
3999302,41345.3428,1995-02-02,0
439524,41305.8195,1995-02-15,0
3927840,41267.13,1995-02-26,0
3820068,41249.21,1994-12-20,0
1605568,41242.332,1995-02-07,0
3798594,41238.171,1995-03-05,0
4740547,41235.6687,1995-01-31,0
91875,41222.72,1994-12-29,0
3611780,41214.1058,1995-01-15,0
5495143,41201.16,1994-12-18,0
3863744,41193.7708,1994-11-16,0
2432259,41187.1068,1994-12-24,0
4330563,41181.831,1995-01-18,0
2557189,41176.32,1994-12-12,0
1907204,41171.3472,1995-02-04,0
2074690,41159.624,1995-01-03,0
4379138,41158.7748,1995-01-11,0
5636802,41148.36,1994-12-29,0
5974371,41148.2768,1995-02-03,0
3421989,41136.7005,1994-12-03,0
686276,41117.16,1995-01-06,0
5808992,41116.68,1994-12-04,0
2366848,41114.007,1995-02-08,0
5599142,41107.2711,1995-02-12,0
1125699,41102.8101,1994-11-16,0
1170949,41088.7932,1994-12-02,0
3264516,41072.228,1994-12-19,0
353735,41056.47,1994-12-05,0
2941697,41053.3584,1995-01-16,0
3568261,41052.15,1995-01-19,0
4236711,41040.0792,1994-12-29,0
3078343,41025.258,1994-12-17,0
1261472,41001.5424,1994-12-28,0
2839520,40987.8336,1994-12-10,0
1962947,40982.1984,1995-02-15,0
2723618,40969.2096,1995-02-19,0
2434151,40951.4688,1995-01-09,0
929349,40941.9504,1994-12-09,0
5672131,40924.7037,1995-02-24,0
4571206,40922.244,1994-12-19,0
3653890,40912.938,1995-01-10,0
650912,40888.0128,1995-01-05,0
2371109,40881.465,1995-01-02,0
4578435,40875.5428,1995-01-25,0
5717921,40873.0578,1995-01-24,0
1269987,40867.3137,1994-12-30,0
5949447,40845.848,1994-12-11,0
2997094,40845.2103,1994-12-18,0
5543047,40838.3739,1995-01-13,0
213479,40838.0864,1995-01-18,0
4948385,40836.9852,1994-12-06,0
2822210,40836.15,1994-11-29,0
4243585,40821.6354,1994-12-08,0
5409059,40811.0784,1994-11-27,0
3916967,40794.569,1995-01-08,0
3265255,40772.8776,1995-02-07,0
3747526,40753.9502,1994-12-20,0
3451045,40746.244,1995-03-05,0
1837798,40712.112,1994-12-30,0
2183907,40702.56,1994-12-05,0
2742118,40665.0329,1995-01-11,0
3852706,40649.664,1995-01-26,0
1702592,40646.4739,1995-02-03,0
722115,40641.3128,1994-12-06,0
3617764,40629.0066,1995-02-12,0
3408675,40628.9664,1994-11-25,0
2474112,40612.4862,1994-12-09,0
4296133,40602.8736,1994-12-05,0
5285760,40573.2714,1995-01-05,0
1861415,40565.7,1994-12-23,0
5946915,40550.37,1995-02-26,0
3463014,40546.5984,1995-01-18,0
3639491,40520.8986,1994-11-24,0
2248065,40520.4211,1995-03-06,0
2808960,40501.23,1995-01-06,0
5298339,40474.1835,1995-02-17,0
391552,40466.466,1995-01-29,0
4349317,40465.23,1995-02-13,0
1190150,40456.0856,1994-11-21,0
966433,40438.8972,1995-01-04,0
3860418,40433.976,1994-11-24,0
247744,40420.5592,1995-01-17,0
648836,40414.1727,1995-03-02,0
3679428,40401.984,1995-01-06,0
5126306,40392.3552,1994-12-02,0
1333061,40380.6924,1994-12-31,0
2257702,40370.9132,1995-01-08,0
2434241,40355.568,1995-02-06,0
871207,40343.1078,1995-01-02,0
5203745,40307.1075,1995-02-11,0
4765955,40280.058,1995-02-09,0
5490629,40277.4678,1995-01-21,0
720097,40248.3808,1995-01-31,0
5887621,40243.8336,1995-02-16,0
3883910,40199.4236,1994-11-27,0
4354854,40168.0552,1995-02-10,0
2239778,40140.825,1994-12-20,0
4305125,40136.1776,1995-01-18,0
2661184,40130.5905,1994-12-03,0
5551169,40129.0551,1994-11-27,0
5706596,40124.721,1995-01-18,0
4477382,40121.2252,1995-01-18,0
2738369,40115.128,1994-12-07,0
3774211,40111.185,1995-02-07,0
4263330,40101.649,1994-12-01,0
1561830,40087.4426,1994-12-31,0
1541669,40078.53,1994-12-12,0
3939682,40072.032,1995-02-21,0
3773891,40070.448,1995-01-01,0
1866948,40069.822,1994-12-23,0
2320291,40047.8274,1994-12-06,0
5746725,40043.6564,1995-02-13,0
1303298,40042.6026,1994-12-16,0
3276739,40009.1175,1995-03-04,0
1688260,39980.01,1995-01-10,0
4762402,39973.3685,1994-12-17,0
5687265,39957.2082,1994-11-28,0
4736036,39916.0216,1994-12-26,0
1555587,39903.4008,1995-01-23,0
2964835,39875.3,1994-12-24,0
4296834,39874.5984,1995-01-14,0
1438502,39872.5876,1995-01-03,0
5039110,39865.724,1995-02-17,0
2310564,39845.4376,1994-12-31,0
4561699,39807.5524,1994-11-28,0
2077633,39805.7125,1995-03-07,0
5642277,39782.088,1994-12-30,0
4211044,39774.98,1995-01-05,0
4545538,39762.5104,1995-01-07,0
3377221,39749.2263,1994-12-12,0
4114916,39749.145,1995-02-24,0
4679079,39730.25,1994-12-01,0
676641,39718.995,1995-01-15,0
5801314,39718.9856,1995-01-06,0
1647875,39717.726,1994-11-14,0
3206631,39711.294,1994-12-11,0
3430535,39707.415,1995-01-29,0
5293632,39688.4635,1994-12-14,0
1926789,39685.58,1994-11-17,0
464384,39642.2144,1995-01-09,0
2767105,39631.284,1995-02-10,0
1328550,39616.5,1994-12-15,0
5976007,39602.6784,1995-01-14,0
4674311,39591.1395,1995-01-20,0
5059233,39587.488,1994-11-30,0
622951,39558.6,1994-11-30,0
986116,39554.025,1994-11-30,0
2930850,39552.331,1994-12-22,0
3509633,39541.7711,1995-01-19,0
4921990,39487.266,1995-01-01,0
1831812,39473.9904,1995-02-17,0
3132419,39443.04,1994-12-31,0
5205699,39428.0462,1994-12-17,0
3766983,39410.052,1995-02-07,0
477696,39398.3712,1995-01-09,0
4283970,39383.713,1994-12-08,0
5399074,39376.51,1995-01-14,0
690625,39373.0281,1995-01-15,0
3060419,39350.61,1994-12-03,0
1014019,39341.648,1994-11-21,0
2546822,39317.6652,1995-01-26,0
5231969,39310.5788,1994-11-18,0
2631813,39304.7295,1995-01-18,0
1094273,39293.9456,1994-11-23,0
5004070,39293.3818,1994-12-30,0
3444518,39282.588,1995-02-08,0
5017574,39270.3052,1995-01-20,0
1537344,39259.7632,1995-02-14,0
3018435,39253.696,1995-02-01,0
159588,39235.7504,1994-11-22,0
4011365,39230.3016,1995-02-06,0
1959905,39225.128,1994-12-01,0
1953155,39222.81,1995-01-11,0
4652769,39214.3072,1995-02-21,0
3427396,39209.454,1995-03-04,0
5518113,39201.372,1994-12-30,0
2634951,39190.89,1994-11-23,0
2444933,39176.256,1995-01-28,0
5305825,39110.2372,1994-12-18,0
3989571,39088.868,1994-12-16,0
4050242,39087.6651,1995-02-03,0
3848485,39062.48,1995-02-07,0
3151904,39058.8,1995-02-10,0
4752263,39056.248,1994-12-08,0
2120611,39039.5232,1995-02-10,0
712000,39032.235,1995-02-05,0
974404,39013.947,1995-02-25,0
1311075,38994.593,1994-12-21,0
1665606,38979.795,1995-01-26,0
228033,38968.202,1994-11-28,0
556899,38946.528,1995-02-20,0
5618118,38931.1758,1994-11-15,0
1891812,38919.34,1995-01-03,0
45350,38915.1672,1995-01-04,0
4803843,38904.642,1995-03-03,0
4969348,38895.6409,1994-11-19,0
297091,38891.1255,1995-01-22,0
654980,38855.65,1995-01-12,0
2059136,38846.64,1994-11-18,0
5891460,38836.75,1994-12-22,0
3125952,38811.6848,1995-02-15,0
3492870,38806.761,1994-11-16,0
722182,38739.1944,1995-01-09,0
1328580,38734.92,1994-12-01,0
952674,38720.96,1994-12-18,0
2518818,38715.651,1994-12-23,0
3099814,38700.79,1994-12-28,0
2558785,38698.344,1995-01-05,0
837763,38673.45,1994-12-05,0
3060834,38670.9888,1994-11-23,0
5223557,38667.9475,1994-11-26,0
2655138,38635.1976,1995-01-22,0
3716101,38621.1644,1995-02-03,0
4171008,38619.8031,1994-12-25,0
4611202,38588.9504,1994-12-17,0
796002,38551.4752,1994-12-11,0
3335492,38547.63,1994-11-30,0
4362854,38483.9364,1994-12-16,0
771879,38457.8009,1995-01-27,0
1303271,38453.58,1995-01-03,0
4176325,38449.636,1995-01-24,0
1826659,38447.31,1994-11-11,0
4450499,38435.5852,1995-01-03,0
952547,38403.522,1995-01-09,0
5295488,38402.5212,1994-12-21,0
3422247,38341.7496,1995-02-28,0
2154595,38335.7968,1995-02-10,0
1757059,38307.0306,1994-12-13,0
5629703,38298.6144,1994-12-02,0
2416322,38292.5907,1994-12-06,0
2387010,38290.455,1995-01-01,0
3147233,38284.9194,1994-12-07,0
2683745,38274.132,1994-12-22,0
3007206,38270.69,1994-11-23,0
1426886,38245.97,1995-02-10,0
2773250,38241.3073,1995-02-28,0
2929958,38240.8828,1995-01-27,0
5955970,38203.4799,1994-11-21,0
5021058,38199.9552,1995-02-06,0
2890724,38199.1797,1995-02-27,0
5471522,38189.5668,1995-02-22,0
1260899,38171.9895,1994-12-11,0
2495268,38164.2674,1994-11-14,0
3644036,38131.434,1995-02-26,0
5951106,38125.1904,1994-12-17,0
73985,38121.294,1995-02-17,0
1616739,38113.4965,1995-01-13,0
3297346,38113.488,1994-11-20,0
763042,38086.8645,1995-02-27,0
174560,38086.75,1994-12-30,0
4772194,38083.5,1994-12-17,0
5787424,38066.1008,1994-12-31,0
38784,38062.715,1995-02-04,0
4661920,38038.98,1995-01-07,0
2487014,38029.5972,1994-12-22,0
5546208,37959.1776,1995-01-26,0
4529668,37957.392,1995-02-26,0
5454144,37942.6344,1995-01-14,0
3553380,37937.9664,1995-03-05,0
500678,37907.1396,1994-11-26,0
345378,37902.4349,1995-02-02,0
1584230,37898.1906,1994-11-25,0
4045446,37884.936,1995-02-05,0
1726087,37884.0868,1995-03-07,0
1593221,37883.6864,1995-02-01,0
4776547,37879.974,1994-11-26,0
5236771,37868.67,1994-12-04,0
1049699,37867.248,1995-03-03,0
1395079,37860.7968,1994-11-14,0
464003,37853.5388,1994-11-30,0
3886791,37845.72,1995-01-11,0
4845123,37834.7436,1994-11-21,0
651814,37829.2032,1994-11-22,0
5983078,37797.84,1994-12-16,0
1653957,37779.498,1995-01-29,0
2938275,37766.6256,1994-11-28,0
3258981,37764.7822,1995-01-31,0
2667047,37757.4327,1995-02-02,0
2007428,37756.8282,1994-11-27,0
3043811,37752.6501,1995-01-03,0
390240,37716.9548,1994-12-29,0
1177572,37695.1872,1994-12-01,0
5229254,37690.5,1994-11-28,0
2535457,37689.318,1994-11-24,0
841859,37661.3661,1995-01-07,0
647681,37652.2475,1995-02-05,0
3673159,37649.5944,1994-12-17,0
1862084,37638.2204,1995-01-31,0
4841477,37634.1376,1994-11-29,0
1645603,37613.5425,1995-02-20,0
4637381,37612.7136,1994-12-15,0
4707014,37607.3769,1995-02-03,0
4140868,37604.3673,1994-12-22,0
4943808,37603.5456,1995-01-30,0
3958916,37602.884,1994-12-29,0
3957444,37599.7608,1994-12-21,0
3600929,37572.8,1994-11-26,0
1025157,37572.442,1994-12-22,0
3569445,37569.1635,1994-12-29,0
4175110,37530.9318,1994-12-15,0
1913570,37508.5632,1995-01-13,0
5132384,37506.0574,1995-03-03,0
2529190,37492.3301,1995-02-18,0
4991910,37488.6848,1994-12-07,0
3671428,37477.836,1994-12-21,0
5797767,37472.584,1995-01-18,0
510754,37466.3198,1994-12-21,0
1696802,37457.532,1994-11-29,0
847842,37456.3056,1994-11-23,0
114214,37449.2052,1994-12-11,0
1796390,37438.0812,1995-03-06,0
5344517,37430.2656,1994-11-12,0
847200,37423.0493,1995-03-02,0
1774883,37392.8736,1995-02-22,0
5339047,37341.8808,1995-02-26,0
5526818,37341.1584,1994-12-27,0
5997216,37331.28,1994-11-23,0
2410369,37328.2784,1994-11-13,0
1335621,37315.6,1994-12-27,0
1321601,37309.9384,1995-01-15,0
1918529,37304.2152,1994-11-13,0
4518789,37267.965,1995-01-13,0
2345249,37261.907,1995-01-14,0
172896,37261.6752,1994-12-13,0
2637888,37247.0735,1994-11-15,0
283008,37223.0916,1995-02-02,0
1132357,37221.5808,1995-02-05,0
4275333,37220.6072,1994-11-22,0
4882912,37211.8675,1994-12-09,0
3088775,37204.96,1995-01-09,0
2077472,37199.6064,1994-11-17,0
3833093,37188.096,1994-12-13,0
4897184,37180.8634,1995-01-08,0
2918371,37133.3872,1994-12-05,0
590948,37121.28,1995-02-11,0
2332833,37114.6792,1994-11-30,0
4208962,37104.012,1994-12-15,0
3342790,37098.0246,1995-02-04,0
4862016,37074.62,1995-02-23,0
291591,37064.9188,1994-12-30,0
1886722,37045.152,1994-11-13,0
3088512,37035.18,1995-01-25,0
5990946,37018.9092,1995-01-01,0
2817638,37007.3025,1994-12-19,0
3725571,37005.192,1994-12-13,0
1036448,36997.0368,1995-01-03,0
425541,36984.1167,1995-02-15,0
5519239,36961.8678,1994-12-26,0
2177094,36959.8481,1995-01-14,0
3172481,36947.34,1994-12-05,0
1081728,36938.804,1995-01-14,0
3331776,36933.33,1994-11-23,0
5400960,36930.8992,1995-02-28,0
5514789,36930.6624,1995-01-25,0
5077988,36909.914,1995-02-05,0
4181475,36899.9,1995-03-03,0
4542724,36896.86,1995-02-19,0
1285991,36867.8128,1994-11-28,0
483939,36866.52,1994-12-04,0
1057377,36864.708,1995-02-13,0
388291,36857.822,1994-11-14,0
1925159,36853.1982,1995-02-22,0
5063173,36843.1686,1995-01-04,0
423143,36841.068,1995-01-07,0
1061543,36835.0912,1995-03-06,0
5373574,36816.444,1995-01-28,0
1664452,36784.9608,1995-01-02,0
1280099,36756.576,1994-12-28,0
1470884,36755.7526,1995-02-13,0
4865831,36754.362,1994-12-30,0
4101920,36748.628,1995-01-03,0
4350786,36738.2784,1994-12-07,0
4999589,36736.7616,1994-11-28,0
308643,36716.6925,1994-12-21,0
1994850,36704.2095,1995-01-10,0
1577189,36688.995,1994-12-15,0
3430275,36663.126,1995-01-18,0
5782118,36655.7785,1994-12-19,0
4700228,36646.218,1995-03-05,0
3941218,36619.1199,1994-12-29,0
4193538,36599.2155,1994-12-12,0
582790,36597.3228,1995-01-16,0
5213188,36587.628,1995-01-19,0
2519335,36585.432,1994-11-18,0
4986560,36581.9354,1995-01-01,0
5586144,36578.8,1994-12-13,0
2768387,36572.346,1994-12-13,0
4211619,36517.9074,1995-01-17,0
3744961,36509.4576,1994-12-10,0
5132642,36508.725,1994-12-16,0
4035461,36505.5075,1994-12-10,0
5187361,36486.3044,1995-01-08,0
5735143,36468.24,1994-12-26,0
802240,36466.56,1994-12-23,0
4005507,36441.2564,1995-01-25,0
1628928,36431.8045,1994-12-10,0
3903587,36423.4065,1995-01-26,0
1906566,36414.3835,1994-12-29,0
2168930,36407.8103,1995-02-01,0
4631488,36401.502,1994-12-06,0
3700580,36376.2672,1994-12-12,0
4561478,36346.104,1995-03-04,0
2525316,36345.605,1994-11-30,0
3411108,36344.4,1994-11-26,0
4007073,36340.2522,1995-01-26,0
3895910,36338.82,1994-12-30,0
5686981,36326.475,1995-02-04,0
265671,36305.0424,1995-01-23,0
455555,36303.68,1994-11-27,0
4778561,36280.3528,1994-11-27,0
4993542,36270.744,1995-02-18,0
2344000,36270.1042,1995-01-06,0
4533187,36267.58,1995-03-01,0
5734501,36257.5959,1995-01-20,0
2560966,36256.6092,1994-12-11,0
4891205,36221.8086,1995-02-07,0
4677990,36182.992,1994-12-15,0
2693761,36179.8668,1995-02-25,0
5564066,36174.2436,1994-11-22,0
3755457,36169.36,1995-02-15,0
3993251,36156.2875,1994-12-23,0
2634433,36135.0496,1995-01-21,0
817511,36129.856,1994-11-22,0
387687,36058.2,1994-11-26,0
3364135,36036.5472,1995-01-08,0
356450,36004.1088,1995-01-23,0
2841121,36000.207,1994-12-10,0
5276480,35964.524,1995-02-18,0
5867138,35963.3002,1994-11-10,0
1568289,35961.2946,1994-12-08,0
928676,35933.198,1994-12-19,0
5732164,35902.3335,1994-11-24,0
3640642,35901.005,1995-01-01,0
5802530,35898.885,1994-12-29,0
2193602,35880.082,1994-12-29,0
5928070,35860.1031,1995-01-24,0
1538562,35856.4486,1995-01-20,0
3780679,35849.7795,1995-02-07,0
2577088,35827.2992,1995-01-07,0
1110530,35795.826,1994-12-29,0
5681543,35780.129,1994-12-09,0
2388864,35775.86,1995-01-06,0
4053123,35759.14,1995-01-25,0
4623525,35752.7226,1994-12-30,0
2249030,35739.7131,1994-12-17,0
3882273,35727.8688,1995-02-09,0
1124741,35667.918,1994-11-19,0
2834467,35662.42,1995-01-22,0
3762982,35652.96,1994-11-28,0
2370598,35631.8248,1995-02-05,0
2978566,35622.4934,1994-12-17,0
3869667,35613.075,1995-01-03,0
1592294,35610.7602,1995-02-14,0
2615557,35608.7994,1995-02-09,0
3817126,35585.7,1995-02-25,0
4619745,35566.3786,1995-01-05,0
326246,35552.8446,1995-01-20,0
1395847,35542.2764,1994-12-29,0
4283684,35518.3164,1994-12-13,0
4228832,35492.7804,1994-12-28,0
5995012,35489.376,1995-02-09,0
733349,35485.359,1994-11-12,0
3897184,35485.1154,1994-12-07,0
4311813,35482.5504,1994-12-06,0
798470,35474.4,1995-02-03,0
4422788,35439.624,1994-12-14,0
5446916,35439.0306,1995-01-30,0
2852706,35436.796,1994-12-13,0
2258050,35433.1872,1995-01-23,0
3958019,35430.75,1994-12-12,0
2023297,35413.9366,1994-11-26,0
2808487,35388.804,1995-01-27,0
3596128,35387.57,1995-02-26,0
621799,35386.2106,1995-02-08,0
5623265,35361.347,1995-01-16,0
3843942,35358.7517,1994-12-29,0
2101861,35355.84,1994-12-23,0
1515047,35329.6896,1995-01-25,0
2993601,35320.95,1994-12-15,0
2820487,35302.7436,1994-12-10,0
4998343,35276.768,1994-12-10,0
2074528,35260.029,1995-03-05,0
3940544,35247.8144,1994-12-01,0
2690150,35224.714,1994-11-25,0
5185730,35221.8865,1994-12-15,0
5591808,35191.5064,1995-01-10,0
3605124,35185.15,1995-01-16,0
5827015,35180.5769,1995-01-02,0
2088544,35177.5116,1995-01-02,0
2130784,35152.4036,1995-01-13,0
2461381,35137.8768,1994-12-08,0
4076005,35135.8278,1995-02-14,0
4229152,35128.359,1995-02-27,0
700390,35112.2345,1994-11-17,0
3240517,35100.4052,1994-12-13,0
4289506,35097.4897,1994-12-06,0
3405249,35092.806,1995-01-12,0
4550341,35082.774,1994-11-27,0
5180259,35080.7971,1995-02-28,0
1547618,35080.7856,1994-12-22,0
1795140,35064.975,1994-12-24,0
760036,35036.397,1994-11-11,0
3740289,35028.1008,1995-02-17,0
2019815,35014.959,1995-01-19,0
1982337,34986.168,1994-11-28,0
2435398,34965.857,1995-02-23,0
3236037,34948.986,1995-02-10,0
490561,34895.9396,1995-02-06,0
2518304,34890.6904,1995-02-17,0
3727040,34890.0156,1994-12-04,0
4677664,34866.675,1994-12-03,0
2153510,34858.5336,1994-11-17,0
5712865,34856.4,1994-11-24,0
5014400,34844.2776,1995-02-09,0
3409604,34835.8816,1995-01-02,0
4034950,34834.9248,1994-12-01,0
732583,34810.479,1995-02-06,0
2047264,34806.1025,1995-01-25,0
2030820,34794.664,1994-12-30,0
5774471,34789.1544,1995-03-01,0
543461,34775.6574,1995-01-26,0
229830,34721.379,1995-01-06,0
778914,34705.206,1994-11-25,0
901760,34701.2523,1994-12-15,0
5843623,34692.867,1995-02-16,0
1675718,34683.7628,1995-01-26,0
3348128,34683.1168,1994-11-11,0
2869696,34680.744,1995-01-13,0
3008384,34675.8338,1995-02-25,0
2436357,34652.31,1994-11-11,0
415328,34651.63,1995-01-12,0
2466465,34644.348,1994-12-28,0
4246950,34623.0198,1995-01-24,0
2594529,34618.5216,1995-02-24,0
4462946,34608.1725,1995-02-08,0
5386434,34604.535,1994-11-30,0
1380422,34601.8869,1994-12-04,0
3455139,34565.076,1994-12-23,0
829315,34546.72,1994-12-05,0
3883206,34534.0584,1995-01-10,0
2857539,34525.0752,1994-12-23,0
2301184,34519.3568,1994-11-24,0
4971493,34508.304,1994-12-19,0
5845959,34464.138,1995-03-04,0
4197287,34419.203,1994-12-01,0
274183,34415.872,1995-02-14,0
5102210,34395.9616,1994-12-20,0
5313158,34371.4336,1995-02-22,0
1521411,34369.137,1995-01-08,0
4200226,34368.243,1994-12-04,0
4737799,34332.48,1994-12-04,0
2440706,34329.36,1995-01-11,0
3081316,34305.9371,1994-12-28,0
2188772,34276.0475,1994-12-28,0
1618661,34257.4176,1995-02-04,0
4511366,34245.99,1995-01-09,0
5797766,34234.6095,1994-12-20,0
126020,34234.2294,1995-02-20,0
1326854,34227.611,1995-01-20,0
1444864,34189.2194,1994-11-23,0
5984833,34185.9913,1994-11-28,0
5523490,34185.033,1994-11-28,0
748262,34173.4,1995-01-29,0
2036999,34159.9572,1995-02-11,0
5415655,34139.2004,1995-01-06,0
1909059,34125.5232,1995-02-20,0
4749989,34097.27,1994-12-29,0
626466,34093.729,1994-12-05,0
4983331,34092.59,1994-12-30,0
202341,34091.9754,1994-11-23,0
2908262,34079.376,1994-12-14,0
4907332,34078.4346,1995-01-19,0
3447302,34059.2705,1995-03-06,0
3955649,34057.1088,1994-11-17,0
2901543,34048.8381,1995-02-12,0
2158791,34036.224,1994-12-22,0
2275175,34015.0464,1994-12-06,0
4485574,34008.252,1994-12-17,0
2747168,33992.6034,1994-12-20,0
390305,33985.4004,1994-12-26,0
819971,33971.628,1994-11-26,0
2430469,33946.4832,1994-12-10,0
2126499,33923.8642,1995-01-11,0
2920928,33894.1152,1995-02-28,0
36069,33886.9212,1994-12-06,0
276544,33884.1888,1994-12-20,0
3484196,33873.8176,1994-12-27,0
4078887,33871.333,1994-11-15,0
1339781,33861.3,1994-11-29,0
5513957,33855.66,1994-11-30,0
2540161,33840.8343,1995-01-29,0
4826916,33808.5126,1995-02-21,0
1924737,33765.492,1995-02-07,0
5533447,33759.504,1995-02-07,0
1498115,33758.2746,1995-02-21,0
4868068,33750.432,1995-02-01,0
3466209,33746.5528,1995-02-01,0
4723589,33737.6856,1995-03-05,0
525508,33735.6488,1995-02-10,0
2010113,33729.5376,1994-11-18,0
2702469,33707.1072,1994-11-26,0
4656707,33703.2432,1994-12-23,0
5654403,33701.184,1995-02-15,0
2765344,33699.2018,1995-01-11,0
4267588,33685.2,1994-12-12,0
1700615,33660.1456,1995-02-16,0
3920100,33658.56,1995-02-08,0
2140802,33648.7872,1995-01-18,0
2442883,33610.25,1994-11-21,0
580709,33606.552,1994-12-12,0
3134692,33599.04,1995-02-09,0
209793,33579.7059,1995-01-24,0
1263811,33567.1578,1995-01-22,0
4335490,33552.9888,1995-03-06,0
5216103,33545.3878,1995-01-24,0
4637733,33527.5974,1994-11-30,0
5734053,33525.2318,1995-02-07,0
4328487,33516.3072,1994-12-16,0
871365,33513.0012,1994-11-08,0
3851649,33512.085,1994-12-13,0
563651,33464.7,1995-01-02,0
621028,33455.4276,1995-02-15,0
2074471,33450.5952,1994-12-22,0
2110919,33433.5968,1995-01-29,0
1793798,33432.4991,1994-12-05,0
2533702,33431.346,1994-11-17,0
4031140,33424.3695,1994-12-07,0
3419460,33422.8923,1994-12-21,0
4128454,33410.3616,1994-12-02,0
5083969,33408.5796,1995-01-15,0
4626400,33401.88,1995-02-16,0
5750496,33384.7332,1994-12-25,0
824838,33378.072,1994-12-23,0
2568486,33373.4126,1995-01-06,0
5617348,33359.7916,1995-03-04,0
5313287,33349.0432,1994-11-13,0
4520384,33343.3024,1995-01-02,0
383141,33321.9744,1994-12-02,0
1922471,33301.8406,1995-03-07,0
4591713,33291.6192,1995-01-25,0
4441767,33274.8416,1995-02-07,0
5423908,33274.6596,1995-01-08,0
373859,33267.702,1995-03-07,0
5338341,33260.2984,1995-03-06,0
3748832,33258.1944,1995-02-18,0
1772995,33238.5768,1994-12-25,0
2284996,33237.792,1995-01-04,0
3033511,33208.3458,1994-12-15,0
1010368,33191.0424,1994-12-17,0
4228577,33184.8972,1994-12-17,0
5330471,33183.072,1995-01-06,0
5959267,33179.0823,1995-02-23,0
330851,33175.4668,1995-02-17,0
3155489,33160.4427,1995-01-18,0
1247366,33147.4944,1995-01-03,0
1189155,33128.2368,1994-12-25,0
596608,33116.3504,1994-12-12,0
4154789,33071.024,1995-02-22,0
2062753,33044.948,1994-12-22,0
1485380,33039.461,1995-01-03,0
2166627,33013.728,1995-01-17,0
2088258,33003.8726,1994-11-15,0
1979075,32989.6658,1995-01-02,0
5290080,32936.91,1995-01-07,0
193088,32917.1634,1995-02-08,0
702951,32902.3224,1994-12-31,0
3435173,32899.6161,1994-12-22,0
1755970,32881.0626,1994-12-14,0
844835,32856.6161,1994-12-18,0
4481090,32843.508,1995-01-02,0
2605764,32838.3,1995-01-10,0
5586945,32823.208,1994-12-28,0
5629922,32818.7379,1995-01-08,0
2174817,32774.592,1994-11-22,0
5021281,32757.66,1994-11-26,0
1604865,32714.64,1994-12-09,0
269187,32703.2706,1994-11-20,0
4905728,32701.59,1995-02-04,0
147399,32689.0,1995-02-22,0
1397895,32681.5038,1994-12-01,0
1117414,32671.982,1995-01-16,0
3539590,32669.5329,1994-12-12,0
1576099,32647.86,1994-12-14,0
5125574,32632.4873,1994-11-24,0
5391299,32628.744,1995-02-25,0
1815715,32627.3554,1994-11-20,0
3055525,32591.004,1994-12-01,0
4254246,32579.0625,1994-12-14,0
5786816,32578.56,1994-12-24,0
4048323,32570.5254,1994-11-20,0
4910789,32556.0326,1994-12-28,0
2269413,32529.1584,1994-12-29,0
365796,32523.678,1994-12-04,0
3277537,32515.745,1994-12-28,0
2439559,32512.515,1994-12-27,0
3892162,32493.2793,1995-02-23,0
1730338,32490.3124,1994-12-23,0
2969440,32470.62,1994-12-19,0
5376545,32440.044,1994-12-23,0
4672385,32413.2096,1995-02-04,0
4236069,32411.0196,1995-02-26,0
2443431,32379.3976,1994-12-17,0
1014567,32364.695,1994-12-16,0
2698372,32361.4698,1995-03-04,0
1713767,32360.8824,1994-11-13,0
153027,32329.9514,1995-02-14,0
1620775,32313.628,1994-12-16,0
5224771,32312.0707,1994-12-22,0
1059174,32310.096,1995-02-14,0
2734919,32289.0234,1994-12-30,0
1954663,32274.3852,1994-11-14,0
3365249,32252.418,1995-02-18,0
412578,32217.92,1995-01-09,0
2002405,32141.92,1994-12-30,0
1265313,32141.12,1995-01-07,0
479907,32124.0192,1994-12-02,0
4806692,32095.161,1994-12-01,0
5371716,32095.0533,1994-12-06,0
4716005,32091.8195,1995-01-12,0
5669221,31999.7106,1994-12-27,0
4483046,31991.051,1994-12-28,0
1766117,31986.1089,1994-12-27,0
1682023,31977.0,1995-03-01,0
5192135,31969.68,1995-01-30,0
5458594,31969.44,1994-12-31,0
1706854,31934.35,1994-11-30,0
4990115,31911.4,1994-12-05,0
3047873,31909.689,1995-01-12,0
2663105,31904.092,1995-02-05,0
2334726,31900.9184,1995-02-03,0
982114,31895.281,1995-01-08,0
1755842,31885.4106,1995-01-06,0
5939047,31840.0936,1995-03-01,0
2223617,31796.6938,1995-03-06,0
611140,31785.3744,1995-01-06,0
5321447,31777.3416,1994-11-26,0
39270,31772.66,1995-02-07,0
1907783,31763.88,1995-01-21,0
5321696,31755.1458,1995-01-27,0
1361379,31734.681,1995-01-31,0
2964929,31734.427,1994-11-30,0
4648292,31699.467,1994-11-22,0
5432422,31690.456,1995-01-17,0
534950,31682.5496,1994-11-10,0
4435811,31667.6612,1994-12-24,0
3437793,31662.3978,1995-02-06,0
4769446,31660.219,1994-11-26,0
1000930,31654.7231,1994-12-04,0
112612,31631.391,1995-01-30,0
4383808,31609.392,1994-11-25,0
4209280,31608.4494,1994-11-14,0
4300064,31588.2,1995-01-07,0
1261217,31536.0036,1994-12-07,0
68675,31530.3534,1995-02-20,0
5778148,31511.196,1994-12-19,0
3079168,31498.11,1995-03-06,0
292067,31496.92,1995-02-23,0
5148806,31483.872,1994-12-09,0
2101474,31476.35,1994-12-08,0
5356547,31458.528,1995-01-26,0
4969696,31447.612,1994-11-22,0
4096197,31441.1484,1994-12-31,0
4668261,31417.756,1995-01-06,0
573604,31390.0536,1994-12-03,0
4025671,31388.5324,1994-12-02,0
1003207,31335.9492,1995-02-05,0
3924704,31328.416,1995-02-09,0
5969988,31325.1218,1994-11-28,0
2053376,31318.1264,1995-02-10,0
1802916,31310.36,1994-12-12,0
4061316,31299.21,1994-12-08,0
2604676,31264.451,1995-02-28,0
1719968,31222.548,1994-12-24,0
3631011,31220.7761,1995-02-09,0
1176643,31219.5975,1995-02-08,0
276869,31198.0518,1994-12-06,0
1360513,31188.384,1995-01-16,0
1940611,31174.3674,1994-12-04,0
3005862,31159.0176,1995-03-03,0
5909922,31145.0776,1995-01-07,0
3898565,31133.4408,1995-01-11,0
1210982,31123.4782,1994-12-26,0
5370182,31116.1334,1995-02-15,0
5418082,31102.848,1994-12-18,0
3943234,31095.78,1995-01-13,0
2649381,31089.6252,1994-11-26,0
534407,31082.2974,1995-02-11,0
1650560,31044.06,1994-12-05,0
76770,31037.45,1994-12-10,0
1786694,31037.292,1995-01-28,0
5260071,30970.1988,1995-02-28,0
3852550,30969.918,1995-01-31,0
3517442,30959.964,1994-11-23,0
5876229,30945.12,1994-11-15,0
1033956,30921.914,1994-12-23,0
5813062,30919.6888,1995-02-02,0
1413637,30913.344,1995-02-19,0
3313092,30889.4754,1994-12-10,0
40000,30887.712,1995-01-30,0
2014467,30825.036,1995-01-20,0
3918595,30821.5407,1995-01-16,0
524935,30819.447,1995-03-07,0
566369,30807.5224,1994-12-28,0
4355236,30798.8233,1995-02-26,0
5246563,30781.8,1994-11-17,0
1311650,30763.7676,1994-12-06,0
1445633,30761.2032,1995-02-15,0
4195265,30752.6298,1995-01-20,0
1397702,30748.9592,1995-01-27,0
5466976,30737.3484,1995-01-28,0
976390,30712.59,1994-11-13,0
967714,30704.544,1994-12-28,0
2355623,30702.24,1994-12-09,0
3159361,30699.9882,1995-02-28,0
1442053,30695.2386,1995-01-13,0
2650758,30688.654,1994-12-30,0
70692,30650.0684,1994-12-27,0
3803334,30640.6128,1994-11-24,0
604389,30628.06,1995-01-13,0
1960294,30619.9989,1995-01-30,0
1567719,30598.48,1994-12-24,0
2548704,30585.555,1995-01-11,0
5732000,30581.02,1994-11-23,0
5636903,30553.0995,1994-12-08,0
1109505,30534.4712,1995-02-28,0
5454305,30523.0094,1995-02-12,0
1047559,30520.9179,1995-02-17,0
1413440,30513.938,1994-12-24,0
3641572,30485.9674,1995-02-22,0
1501571,30483.6189,1995-01-24,0
3941477,30480.45,1995-02-18,0
4310080,30471.8544,1995-01-07,0
2127777,30460.96,1995-02-06,0
5197764,30453.2564,1995-02-10,0
5237924,30442.8488,1995-02-25,0
1882116,30423.0024,1994-12-31,0
454467,30411.875,1994-12-05,0
5082243,30407.562,1994-11-27,0
2644005,30403.1756,1994-11-19,0
4833703,30397.5936,1994-11-17,0
2393894,30396.24,1994-12-11,0
1819489,30393.92,1994-12-05,0
1894788,30388.5519,1994-12-25,0
5133027,30388.152,1994-12-11,0
2133312,30359.88,1995-01-17,0
5081443,30358.9512,1995-02-17,0
4749345,30356.058,1995-01-29,0
5288675,30340.3676,1995-01-08,0
615747,30334.2125,1994-11-08,0
2326306,30314.5218,1995-01-24,0
5087685,30311.1648,1995-02-10,0
3752928,30304.05,1995-02-14,0
1610406,30298.562,1995-02-11,0
1052897,30292.612,1995-01-10,0
4751425,30284.3472,1994-11-11,0
1753729,30262.329,1994-12-19,0
1818662,30241.62,1995-01-23,0
5071169,30206.33,1994-11-27,0
4320161,30199.2,1994-11-20,0
5419814,30189.024,1994-12-27,0
2727719,30186.658,1994-12-28,0
2177474,30175.2357,1994-12-18,0
291010,30154.6,1994-11-21,0
5455588,30145.8976,1994-12-23,0
3171808,30135.9117,1994-12-27,0
5463136,30127.056,1994-12-18,0
3187648,30118.3104,1994-12-29,0
2899682,30114.8928,1994-11-21,0
934338,30070.9864,1995-01-18,0
1133923,30032.0388,1994-12-17,0
1045441,30016.9296,1995-02-11,0
3824899,30003.0,1995-02-06,0
907750,29997.7524,1995-01-05,0
4306529,29987.9244,1995-01-05,0
2811203,29979.846,1994-12-17,0
815463,29976.59,1994-12-04,0
3421090,29969.315,1994-12-18,0
3856166,29968.1746,1995-01-24,0
2072134,29943.7152,1994-12-04,0
2884770,29942.8707,1994-11-23,0
1348421,29929.2084,1994-12-23,0
3042563,29926.5696,1994-12-26,0
2089990,29926.3734,1994-12-12,0
5661351,29920.2552,1994-12-21,0
2917187,29916.8142,1995-01-10,0
4255367,29899.8801,1995-01-22,0
5180896,29876.588,1994-12-19,0
66434,29867.6707,1995-01-10,0
788192,29860.0144,1994-11-28,0
231399,29851.2456,1994-12-14,0
3890752,29840.3196,1995-02-12,0
4773187,29839.392,1994-12-02,0
217154,29825.9136,1994-12-08,0
3204353,29822.97,1994-12-02,0
5434183,29821.968,1994-11-25,0
121760,29810.484,1995-02-20,0
4467236,29808.34,1994-11-30,0
5701698,29803.1188,1994-12-23,0
3831427,29790.75,1994-12-05,0
1879975,29748.433,1995-02-08,0
3425411,29746.08,1994-12-30,0
2858529,29743.65,1995-02-12,0
3372487,29741.5116,1994-11-14,0
265763,29725.115,1994-12-28,0
2581414,29718.0342,1995-02-24,0
1046432,29716.7125,1995-02-18,0
5004709,29714.3532,1995-01-10,0
1178148,29711.9097,1994-11-19,0
5641989,29703.0878,1994-12-04,0
3765638,29696.0,1995-01-15,0
1327392,29672.001,1994-11-23,0
5832164,29671.6504,1994-12-14,0
4412934,29665.1952,1995-01-26,0
2145665,29660.4342,1994-12-06,0
3739879,29647.0548,1994-12-17,0
3176869,29641.7576,1994-12-13,0
1893410,29630.56,1995-03-04,0
205442,29606.4,1995-02-04,0
2114,29584.0636,1995-01-16,0
3984866,29575.2765,1995-02-09,0
266948,29562.5275,1994-12-22,0
1284449,29550.1656,1995-02-03,0
1961281,29542.2336,1994-11-15,0
4443269,29539.968,1995-01-02,0
3605600,29519.958,1994-11-29,0
1901152,29448.738,1994-12-17,0
3829888,29443.284,1995-01-10,0
148355,29438.6016,1995-01-18,0
4885830,29428.4592,1994-12-11,0
4158276,29403.0009,1994-12-04,0
5417060,29395.8352,1995-02-26,0
4346049,29389.257,1995-02-05,0
2588774,29382.444,1994-11-21,0
2759302,29375.4548,1994-12-18,0
5494470,29363.1156,1995-01-04,0
1227298,29358.192,1994-11-17,0
4331235,29346.9084,1994-12-07,0
2506947,29345.2614,1994-12-14,0
5795655,29342.88,1994-12-04,0
1414720,29339.128,1994-12-24,0
793541,29321.208,1995-01-16,0
2489956,29312.64,1995-02-21,0
4126598,29310.8544,1994-12-08,0
1778049,29305.7856,1995-01-28,0
1239782,29301.72,1994-12-28,0
2536577,29300.0916,1994-12-17,0
5973700,29271.0105,1995-02-11,0
3902343,29252.92,1995-02-19,0
2159168,29246.9232,1995-01-14,0
5162950,29243.6256,1994-12-16,0
1575973,29236.0728,1995-01-30,0
1199302,29228.6904,1995-01-23,0
794113,29168.7984,1994-12-03,0
755139,29165.532,1995-01-01,0
3309125,29153.0106,1994-12-18,0
2404741,29149.776,1995-03-07,0
788353,29139.528,1995-03-07,0
1736608,29128.8928,1995-01-17,0
1700481,29119.78,1995-01-15,0
3299587,29109.2736,1995-01-28,0
5445988,29088.4176,1995-01-18,0
5993989,29080.832,1995-03-03,0
169411,29063.2584,1994-11-22,0
977827,29034.6784,1995-01-15,0
5691619,29008.224,1995-02-26,0
309797,28989.9701,1994-11-12,0
439046,28980.576,1995-01-30,0
4507936,28977.223,1994-11-23,0
4596647,28963.263,1994-11-18,0
4605346,28961.306,1995-02-04,0
2857893,28961.244,1994-11-13,0
1822340,28949.5008,1995-02-14,0
4620966,28946.4658,1994-12-21,0
5745991,28938.368,1995-01-25,0
2389280,28907.0877,1995-01-30,0
70979,28904.306,1994-11-27,0
1855110,28900.98,1995-01-31,0
5879970,28893.5936,1995-01-29,0
5254274,28891.1784,1994-12-31,0
816197,28888.456,1995-01-04,0
2916931,28882.26,1995-02-12,0
3093378,28872.3912,1995-03-02,0
5709184,28835.807,1994-12-26,0
2641985,28830.42,1994-12-26,0
5842630,28820.1132,1995-01-19,0
2361792,28798.1115,1994-12-11,0
2703589,28793.986,1994-12-10,0
4030784,28793.016,1994-11-14,0
5516836,28769.6136,1995-01-06,0
3568736,28742.3136,1994-12-19,0
5949028,28716.3677,1995-02-08,0
3028064,28693.9827,1995-01-18,0
4460164,28682.5896,1995-01-24,0
297766,28665.36,1994-12-22,0
1283557,28644.5268,1994-11-26,0
3673732,28641.0096,1994-12-14,0
2923687,28637.2389,1995-01-13,0
4731750,28627.3764,1995-01-28,0
1977478,28585.9728,1995-02-09,0
471969,28577.12,1994-11-22,0
1953536,28563.7161,1994-12-12,0
1026599,28554.0255,1995-02-17,0
1445283,28553.166,1995-01-14,0
3777890,28552.914,1995-02-16,0
16837,28522.9728,1995-01-22,0
5672647,28500.5952,1994-12-15,0
3557281,28484.8956,1994-12-05,0
1144384,28483.0158,1995-01-26,0
4916580,28480.0112,1995-03-02,0
5572485,28443.45,1995-02-11,0
5646566,28438.956,1994-12-09,0
1675907,28433.5285,1994-11-17,0
2108997,28416.6738,1995-02-12,0
1767744,28407.4752,1995-02-07,0
5642053,28397.5648,1994-11-21,0
2040167,28370.258,1994-12-26,0
4894054,28362.0176,1994-11-15,0
233600,28346.9673,1994-12-20,0
962950,28332.1584,1994-11-13,0
2861412,28331.2575,1995-01-31,0
1619617,28323.648,1995-02-08,0
2846755,28301.07,1994-11-29,0
3321575,28285.205,1994-12-28,0
3273922,28283.79,1994-12-21,0
5511907,28268.6985,1994-11-24,0
2264260,28267.947,1995-01-10,0
5998051,28259.973,1994-11-30,0
5640770,28242.72,1994-12-05,0
5878465,28234.076,1995-01-01,0
671937,28205.728,1995-02-07,0
4768833,28197.507,1994-12-25,0
4377760,28188.6874,1995-02-18,0
2197126,28169.6616,1994-12-10,0
2029088,28167.2262,1994-11-22,0
3183202,28150.5792,1995-01-20,0
3098342,28134.5948,1995-01-31,0
3159267,28123.68,1994-12-07,0
1431235,28112.1984,1994-12-12,0
4114595,28097.1264,1994-11-29,0
904100,28093.8176,1994-12-15,0
21824,28093.3788,1995-02-08,0
255872,28087.5724,1995-01-06,0
2849893,28073.352,1995-03-04,0
1655495,28071.7746,1995-02-03,0
1485024,28030.5025,1994-11-12,0
5639683,28012.1296,1995-01-24,0
3891682,27985.9835,1994-12-03,0
4515334,27979.56,1994-11-24,0
4878629,27977.614,1995-02-12,0
566753,27977.5584,1994-12-20,0
3159360,27975.5808,1995-01-16,0
1694308,27968.525,1995-02-02,0
5670787,27959.352,1994-12-08,0
5547525,27953.7764,1995-01-07,0
5264064,27931.527,1995-01-03,0
4711746,27916.5784,1994-12-13,0
2726020,27843.3016,1995-02-05,0
5929829,27783.6288,1995-02-21,0
4652866,27773.6055,1994-11-27,0
3128548,27737.6544,1995-01-06,0
4629830,27720.29,1994-11-22,0
2312800,27714.96,1994-11-14,0
5326851,27705.3696,1994-12-06,0
5418243,27690.03,1994-11-14,0
856709,27686.28,1994-12-28,0
2475140,27683.352,1994-12-08,0
3645665,27659.583,1994-12-25,0
4949857,27637.7325,1995-01-25,0
4695136,27634.5622,1994-11-26,0
842342,27616.1928,1994-12-19,0
513126,27610.0579,1995-01-07,0
4564517,27594.4524,1995-02-18,0
1288417,27593.1656,1995-01-27,0
116450,27557.79,1994-12-26,0
2342721,27553.3192,1995-01-10,0
3572547,27524.8008,1994-12-29,0
1697985,27513.3747,1994-12-26,0
5000231,27498.24,1995-03-02,0
21890,27496.0542,1995-01-25,0
3448163,27483.8452,1995-01-25,0
1953697,27483.7472,1994-12-22,0
198694,27479.1032,1995-01-16,0
3494503,27473.3532,1994-12-27,0
3089377,27469.9635,1995-02-10,0
745540,27467.34,1995-01-07,0
5877511,27464.6995,1995-02-13,0
2582692,27450.444,1994-11-30,0
825543,27441.916,1995-01-03,0
5557699,27420.1657,1995-01-17,0
5537923,27408.567,1994-11-13,0
5628704,27385.7736,1994-12-29,0
471334,27383.1,1994-12-31,0
1852480,27375.52,1995-01-17,0
4488642,27346.7775,1995-03-03,0
3051846,27324.3821,1995-01-24,0
2772416,27314.844,1994-12-10,0
3819843,27299.8362,1995-01-15,0
2391076,27297.6192,1994-12-12,0
3161121,27274.709,1995-02-10,0
3009474,27273.1388,1994-12-15,0
5146246,27259.0224,1995-01-20,0
2570816,27257.4456,1995-03-04,0
2404097,27256.9968,1994-12-07,0
3817024,27255.9756,1994-12-19,0
2566500,27233.8768,1995-01-23,0
1935045,27223.8624,1994-11-13,0
5555588,27187.314,1995-02-06,0
30182,27171.3536,1995-01-09,0
439363,27166.059,1995-01-03,0
2071494,27150.1659,1994-12-11,0
5308164,27138.0253,1994-12-11,0
4310470,27116.7354,1995-01-23,0
1758689,27108.942,1995-01-02,0
4004678,27090.01,1994-12-30,0
5303970,27077.5638,1994-12-12,0
1937732,27069.3333,1994-11-12,0
634887,27068.877,1995-02-01,0
1151075,27052.2585,1995-02-01,0
1147777,27044.82,1995-01-03,0
2766471,27036.9726,1994-12-26,0
5551204,27034.9947,1995-01-31,0
377699,27007.2,1995-02-14,0
4701088,27000.144,1995-01-19,0
787779,26984.592,1994-12-24,0
3925122,26954.8618,1995-01-13,0
5051041,26954.82,1995-02-18,0
5987140,26916.058,1995-02-20,0
2042693,26915.328,1995-01-25,0
2922087,26886.01,1994-12-09,0
1416389,26881.0752,1994-12-05,0
885218,26873.613,1994-12-24,0
5470690,26866.9629,1995-01-16,0
2977987,26862.1808,1994-12-06,0
2802180,26859.1296,1995-01-03,0
271936,26832.988,1994-12-20,0
3989990,26819.84,1994-11-28,0
3982212,26809.7032,1995-02-01,0
5054306,26799.7962,1994-12-25,0
5324961,26799.0048,1994-11-28,0
3783686,26788.651,1994-12-22,0
5866404,26743.7961,1994-11-10,0
3066949,26735.071,1994-12-28,0
4892515,26712.5656,1995-01-04,0
4695489,26704.4736,1994-12-24,0
4896929,26687.1969,1995-01-04,0
111009,26681.7,1994-12-19,0
561251,26659.6596,1995-02-26,0
3290113,26658.72,1994-12-23,0
4146274,26657.046,1994-11-30,0
1299171,26650.863,1995-01-13,0
5270626,26628.876,1995-02-28,0
416034,26624.1276,1995-02-12,0
4761058,26616.6922,1994-12-21,0
4936356,26606.3356,1994-12-11,0
3018434,26605.2505,1994-12-05,0
5126340,26552.1706,1994-11-13,0
5470756,26545.519,1994-12-12,0
2256422,26509.896,1994-12-22,0
3990082,26495.8512,1994-12-08,0
1162560,26492.7855,1995-01-24,0
1861030,26456.1,1994-12-11,0
2065824,26419.1018,1994-11-30,0
2731808,26406.576,1995-01-20,0
1593600,26390.9448,1995-01-18,0
1875394,26382.51,1995-02-15,0
2585061,26377.92,1994-12-10,0
5496999,26316.7905,1994-12-11,0
1766566,26311.365,1994-11-18,0
5841573,26291.9664,1994-12-15,0
2437281,26263.872,1995-01-31,0
1524673,26239.6676,1995-02-26,0
1895456,26219.4576,1994-11-12,0
684448,26207.22,1995-01-11,0
2487520,26199.282,1995-02-13,0
341092,26194.4298,1995-01-16,0
3514086,26191.8566,1994-11-20,0
2167810,26172.3072,1994-11-14,0
2049669,26169.84,1994-12-06,0
3890016,26162.5878,1995-02-05,0
4695265,26152.1766,1994-12-10,0
2375010,26148.0856,1994-12-05,0
2558087,26144.6808,1995-01-19,0
2598944,26140.1164,1994-12-12,0
484002,26139.7944,1994-12-12,0
158785,26096.3242,1994-12-25,0
3524837,26089.68,1995-01-25,0
3137029,26066.88,1994-12-22,0
2232709,26052.928,1995-01-24,0
3215236,26042.3436,1995-02-12,0
1979073,26038.9776,1995-02-11,0
5338151,26035.2,1994-11-20,0
2095622,26031.6672,1995-02-15,0
287744,26006.2697,1995-02-04,0
4096903,26005.437,1995-01-31,0
1437765,25999.0205,1995-03-02,0
3105188,25995.267,1994-11-27,0
4489570,25987.689,1995-02-10,0
1791648,25982.5475,1995-01-01,0
3028386,25976.7921,1995-01-16,0
1450534,25971.9519,1995-01-25,0
148896,25960.7176,1994-12-17,0
394658,25956.6762,1995-01-18,0
4985697,25936.974,1994-12-02,0
3632452,25934.9376,1995-02-26,0
2929988,25911.288,1994-12-16,0
5008898,25910.8556,1994-11-24,0
1843845,25903.0296,1994-12-22,0
3259457,25851.3354,1995-02-10,0
2039362,25831.728,1994-12-10,0
5264834,25826.3775,1995-01-22,0
1909250,25802.7462,1994-12-05,0
4986372,25794.3076,1995-01-28,0
3750754,25780.1022,1994-11-24,0
3802436,25721.28,1995-01-26,0
5826021,25709.926,1995-02-08,0
5551943,25701.234,1995-03-06,0
1655651,25672.8475,1995-02-26,0
3278560,25667.2824,1994-12-20,0
5046309,25666.2051,1994-12-10,0
1634854,25657.524,1995-02-28,0
1480165,25649.988,1995-01-18,0
993734,25648.372,1994-12-26,0
903074,25639.416,1995-02-13,0
2595297,25637.6043,1995-02-09,0
1787173,25635.6252,1995-01-31,0
2744550,25633.86,1994-11-26,0
3570849,25627.2,1994-11-27,0
3963203,25623.416,1995-02-11,0
3161123,25561.8244,1994-12-31,0
3343013,25547.0292,1995-02-20,0
825379,25537.0752,1995-02-17,0
1598630,25530.2872,1994-12-07,0
1087328,25527.348,1995-02-20,0
4577733,25507.69,1995-02-09,0
970882,25503.822,1994-12-29,0
1765447,25502.4256,1994-12-08,0
1584934,25497.1728,1994-12-01,0
1756195,25485.65,1994-12-15,0
2346881,25483.328,1995-01-27,0
2935872,25462.8768,1994-12-31,0
2699015,25462.2555,1994-12-29,0
4050724,25352.4267,1994-12-09,0
5252902,25340.934,1995-01-21,0
914307,25339.272,1994-12-09,0
5565669,25319.8848,1994-12-31,0
4874404,25312.876,1995-02-23,0
738240,25311.4904,1995-01-23,0
151780,25301.766,1994-11-26,0
600802,25301.763,1995-01-27,0
229282,25270.398,1995-02-20,0
1375778,25246.876,1994-12-16,0
4268352,25219.08,1994-12-30,0
1751585,25196.278,1995-01-07,0
4921413,25190.124,1994-12-23,0
431746,25163.9325,1995-02-01,0
3536358,25159.766,1994-12-28,0
3052897,25140.7975,1994-11-23,0
5601056,25133.619,1995-01-03,0
5912899,25090.005,1995-01-04,0
4905604,25048.84,1994-12-18,0
2597381,25029.2592,1994-12-11,0
1045283,25026.6984,1994-11-24,0
3415169,25017.9684,1995-01-10,0
2131809,25012.944,1995-02-02,0
3477415,24997.9464,1994-12-07,0
3610657,24985.051,1994-12-03,0
4947973,24972.9296,1994-12-13,0
3115488,24916.3803,1995-01-03,0
2397153,24912.954,1994-12-07,0
929351,24906.7588,1995-02-12,0
5147237,24897.292,1995-02-21,0
3218177,24893.5208,1995-03-07,0
1233472,24875.235,1995-01-28,0
3525953,24863.0378,1995-01-23,0
1289313,24847.06,1994-11-23,0
5535362,24840.009,1995-02-06,0
3349318,24822.2845,1995-02-15,0
120231,24811.3008,1994-12-25,0
1969829,24775.2372,1994-11-28,0
5279335,24749.3862,1995-02-10,0
485312,24710.4756,1994-11-22,0
3592261,24657.9872,1994-12-24,0
1109794,24654.2892,1995-01-15,0
3773313,24637.2,1994-11-27,0
1873191,24637.004,1994-12-29,0
398976,24632.512,1995-01-19,0
5019617,24599.685,1995-01-27,0
4760710,24591.0714,1995-02-04,0
4841859,24587.184,1994-11-27,0
1722086,24580.413,1995-01-27,0
3010593,24575.2507,1995-02-17,0
5782240,24537.7115,1994-11-27,0
1716645,24536.4756,1994-12-10,0
56608,24528.096,1994-11-19,0
5221990,24519.2,1995-02-12,0
832804,24499.956,1995-02-17,0
5276704,24473.38,1994-12-20,0
3041351,24441.8646,1995-01-15,0
5787201,24438.83,1994-11-19,0
3650593,24432.67,1994-12-24,0
2754662,24426.652,1995-01-24,0
634628,24416.427,1994-12-04,0
5221281,24407.88,1994-12-29,0
5449735,24406.2336,1995-02-22,0
3923330,24386.3112,1995-01-07,0
1522113,24372.1248,1994-12-15,0
2504677,24340.8958,1994-11-21,0
3528391,24244.7232,1995-01-23,0
1562343,24244.5555,1995-01-24,0
719139,24243.84,1994-12-15,0
149218,24239.9385,1995-01-15,0
2919874,24216.84,1994-11-27,0
982624,24208.9302,1994-11-25,0
1776452,24190.881,1994-12-19,0
3742112,24167.9893,1995-03-04,0
5526151,24158.424,1994-12-27,0
24709,24129.648,1995-01-16,0
1965607,24122.6121,1995-02-02,0
1149793,24092.2489,1995-01-14,0
1226245,24068.25,1994-12-13,0
2611207,24066.9,1994-12-02,0
2443589,24065.766,1995-01-30,0
3315746,24052.5,1994-12-04,0
3701030,24049.398,1995-02-15,0
5518915,24047.8475,1994-12-20,0
3530146,24026.6208,1994-12-17,0
4336834,23980.05,1995-02-13,0
2086918,23970.1744,1994-11-29,0
4380065,23961.4686,1994-11-30,0
2667239,23952.9248,1995-01-09,0
1438369,23952.177,1994-11-15,0
2215525,23950.5336,1995-02-02,0
1985415,23937.1764,1994-12-10,0
4751814,23932.6542,1995-01-21,0
2846433,23923.968,1994-12-22,0
5353185,23895.7488,1994-12-23,0
966503,23887.629,1995-02-09,0
4876676,23864.5539,1994-11-26,0
753606,23823.345,1995-01-15,0
5302311,23818.438,1994-12-18,0
478470,23810.4552,1994-11-24,0
3532067,23810.23,1994-12-16,0
4695968,23783.914,1994-12-26,0
4231876,23766.1151,1994-12-08,0
2282979,23746.7685,1995-02-06,0
5609888,23700.4368,1995-02-16,0
2156609,23689.125,1995-01-20,0
1888483,23652.162,1994-12-08,0
949285,23646.1968,1995-01-25,0
4366567,23636.4975,1995-02-18,0
1101607,23619.222,1994-12-17,0
1688898,23606.748,1994-12-05,0
7426,23604.9,1995-01-17,0
2338245,23597.1822,1995-03-06,0
977412,23581.0872,1995-01-19,0
4567904,23546.0778,1995-02-15,0
5611078,23545.5885,1995-01-08,0
148647,23539.968,1995-01-30,0
1318821,23518.04,1995-01-13,0
851655,23474.0415,1994-12-28,0
1114403,23463.68,1994-11-14,0
2280549,23455.538,1995-02-06,0
2981158,23438.1224,1994-11-19,0
400901,23431.716,1995-02-10,0
84711,23420.8773,1994-12-29,0
3760325,23417.0001,1994-12-31,0
3306752,23407.1744,1994-12-14,0
3957924,23388.1375,1995-01-05,0
5721569,23373.5424,1995-02-18,0
3669120,23370.203,1995-02-14,0
3149958,23368.0804,1995-01-30,0
1948582,23366.728,1994-11-29,0
3537089,23353.8112,1995-02-25,0
1262372,23347.3028,1994-12-25,0
1016199,23316.572,1995-02-05,0
5823845,23298.2568,1995-02-16,0
155781,23293.998,1994-11-27,0
1950981,23293.944,1995-01-19,0
1357025,23278.8178,1995-02-12,0
5095588,23247.2076,1995-01-06,0
5623878,23235.3,1995-01-09,0
1002658,23182.7778,1995-03-02,0
5721155,23168.7064,1994-12-07,0
818630,23166.1024,1995-01-25,0
139041,23158.6992,1994-11-24,0
5104705,23149.88,1995-03-03,0
1005671,23139.0045,1994-11-20,0
2489127,23132.601,1994-12-19,0
204005,23127.1768,1995-02-23,0
3754659,23112.24,1994-12-25,0
4450145,23111.1738,1995-01-22,0
2427687,23081.2956,1994-12-06,0
2007780,23052.852,1994-12-28,0
2651748,23049.356,1995-02-13,0
3763043,23048.7087,1995-02-21,0
2854308,23038.8424,1994-12-18,0
4019969,23012.808,1995-02-16,0
4377380,23006.7648,1995-01-17,0
3750405,23001.125,1995-01-03,0
4429216,22985.046,1994-11-15,0
3650946,22921.4909,1995-01-16,0
3231554,22915.9106,1995-02-07,0
3860387,22884.4128,1995-02-15,0
3012263,22866.3936,1995-01-18,0
3248516,22859.5192,1994-12-17,0
1003365,22825.9152,1995-01-02,0
1129798,22812.596,1995-01-23,0
1592256,22789.998,1994-11-25,0
519717,22777.335,1995-02-21,0
3824674,22776.4628,1995-03-05,0
1060355,22763.286,1995-01-25,0
3173156,22742.8416,1994-12-06,0
3816612,22710.0769,1995-03-05,0
5517216,22704.2856,1995-01-23,0
3431011,22652.784,1994-11-20,0
678436,22629.8436,1995-02-05,0
1853793,22593.5892,1994-11-28,0
1830499,22582.764,1994-12-24,0
5771872,22498.1412,1995-02-15,0
741507,22497.6906,1994-12-17,0
2203074,22488.516,1994-12-07,0
2568359,22459.064,1994-12-06,0
4856576,22458.8448,1994-12-02,0
2525798,22455.2447,1994-12-07,0
4114561,22442.202,1994-12-07,0
574662,22433.28,1994-12-02,0
5585285,22430.88,1994-11-22,0
2154983,22428.084,1994-12-03,0
2072357,22413.9006,1995-02-21,0
2825414,22401.216,1995-01-15,0
4348930,22391.48,1995-01-08,0
2025350,22389.075,1995-01-26,0
3576260,22353.32,1994-12-22,0
5227879,22345.5408,1994-12-17,0
2460802,22340.1088,1995-03-07,0
5456515,22337.84,1994-12-29,0
2722183,22328.9292,1994-12-25,0
5013537,22316.2758,1994-11-15,0
1839585,22304.5374,1994-12-28,0
5074656,22285.233,1995-02-09,0
154883,22279.8912,1994-12-01,0
4297668,22264.47,1994-12-21,0
1079335,22214.2492,1995-01-08,0
1562081,22191.885,1995-03-04,0
96646,22187.5014,1994-11-29,0
4921446,22184.4432,1994-12-29,0
2033893,22173.0912,1995-03-04,0
5878273,22170.753,1994-12-07,0
92612,22147.9485,1995-02-17,0
3465953,22134.735,1994-11-18,0
4106881,22131.83,1995-01-28,0
3264096,22124.0656,1995-01-25,0
479844,22117.914,1995-03-04,0
2110465,22116.2448,1994-12-27,0
1478469,22107.3088,1994-11-22,0
303204,22099.527,1994-12-30,0
1103012,22085.3853,1994-11-28,0
878177,22041.72,1995-02-10,0
3639463,22040.7952,1995-01-21,0
4895554,22029.63,1994-12-02,0
5205796,22023.0418,1995-03-02,0
2504739,21938.73,1995-01-02,0
2242402,21882.4848,1995-01-15,0
5649636,21866.7222,1994-12-09,0
2319909,21861.6495,1995-02-15,0
3576609,21860.202,1994-12-11,0
4926787,21856.6272,1995-01-06,0
1293027,21845.278,1994-12-29,0
613826,21838.5111,1995-03-02,0
2793378,21834.61,1995-02-11,0
2857283,21834.4517,1994-12-06,0
5251425,21737.4916,1995-01-24,0
5942117,21722.544,1994-12-24,0
5243620,21710.8593,1994-12-15,0
5849793,21680.9874,1995-01-03,0
218018,21672.0,1994-12-14,0
4333664,21658.89,1994-12-14,0
490947,21654.5998,1995-03-01,0
2126976,21645.6512,1995-01-21,0
3164579,21644.2604,1995-01-13,0
1629798,21612.822,1994-11-25,0
2147396,21610.4036,1995-01-05,0
2877472,21599.3596,1994-12-03,0
2408902,21593.376,1994-11-30,0
985860,21592.8538,1995-03-01,0
5887879,21589.3184,1995-01-21,0
2004035,21583.107,1995-01-23,0
2359266,21579.5388,1995-01-27,0
1395107,21579.3225,1995-02-17,0
2233927,21538.856,1995-01-20,0
4536290,21537.6854,1995-02-23,0
757859,21516.5916,1995-01-18,0
2605190,21504.0924,1994-12-15,0
2940549,21500.9795,1994-11-30,0
1240417,21482.901,1994-12-01,0
3740449,21472.29,1994-11-28,0
699745,21457.9722,1994-12-17,0
4209734,21447.4686,1995-01-22,0
2655909,21442.2084,1994-11-29,0
4023874,21437.2158,1995-01-20,0
5373413,21433.68,1995-01-11,0
1107236,21413.07,1994-12-28,0
5569031,21413.0,1994-12-15,0
5119141,21409.722,1994-12-08,0
232832,21409.08,1994-12-03,0
2843360,21409.0624,1995-02-19,0
5173056,21397.9346,1994-11-15,0
4989955,21392.0525,1994-12-05,0
4947329,21390.5778,1995-01-16,0
1414599,21387.96,1995-02-18,0
1537254,21365.0514,1994-12-24,0
4830757,21345.0272,1995-01-06,0
2549605,21328.671,1995-01-05,0
2904099,21318.32,1995-02-04,0
752416,21292.1833,1994-11-26,0
4742374,21286.5276,1994-12-17,0
4733703,21280.1283,1994-12-18,0
4974080,21262.3203,1995-01-21,0
991717,21260.6668,1995-01-22,0
130657,21249.8958,1995-02-03,0
341286,21248.2116,1995-01-30,0
1730406,21238.8072,1995-01-26,0
2246119,21229.761,1994-12-31,0
5855495,21204.48,1994-11-20,0
2915012,21197.8725,1995-02-04,0
292385,21195.279,1994-12-02,0
2448131,21194.04,1994-12-03,0
329473,21182.7273,1995-01-14,0
5565283,21158.9056,1994-11-11,0
5421990,21126.765,1995-02-23,0
1118054,21099.4031,1995-01-02,0
1681798,21088.77,1994-12-05,0
652132,21063.788,1995-01-28,0
2006340,21061.1352,1994-12-12,0
1674048,21023.915,1995-02-12,0
3097412,21022.5092,1994-12-23,0
563557,21002.9652,1995-01-14,0
4192643,21001.596,1994-12-11,0
236162,20987.694,1995-01-01,0
3474277,20964.5568,1994-11-10,0
5386849,20961.2142,1995-01-08,0
2002403,20957.57,1994-12-30,0
2830885,20949.39,1994-12-14,0
111648,20948.352,1995-01-01,0
3395271,20937.1696,1995-01-19,0
2992101,20898.996,1995-02-02,0
3845253,20884.488,1994-11-23,0
135201,20877.948,1994-12-10,0
5788130,20876.2752,1994-12-03,0
2825573,20867.84,1995-01-30,0
4226178,20843.0244,1995-02-19,0
1091175,20835.7695,1994-12-08,0
2262242,20827.9314,1995-02-03,0
3459364,20824.72,1994-11-27,0
799105,20813.083,1995-01-03,0
4047012,20810.5942,1995-01-28,0
2833472,20793.1224,1995-02-13,0
685571,20784.672,1994-11-29,0
2204898,20782.0404,1994-11-11,0
2013702,20728.4805,1994-12-28,0
643014,20726.6304,1995-02-01,0
1793765,20697.859,1995-01-18,0
5736519,20664.114,1994-12-27,0
4100742,20651.141,1994-12-06,0
1225031,20610.9,1995-01-02,0
5101378,20607.4,1995-01-06,0
5320867,20601.7942,1995-02-07,0
4389574,20600.1792,1995-01-22,0
372612,20599.5936,1994-11-24,0
5726182,20539.08,1995-02-24,0
5815842,20505.91,1995-03-05,0
4597538,20488.4828,1994-11-21,0
3721539,20457.7636,1994-12-30,0
264679,20453.7016,1995-03-02,0
5158278,20394.78,1995-01-21,0
1168803,20388.753,1995-01-15,0
178373,20324.34,1994-12-26,0
1954466,20323.08,1994-11-16,0
138499,20308.302,1995-02-03,0
1704195,20285.2716,1995-01-20,0
3545031,20284.7456,1995-03-01,0
4196769,20272.122,1995-01-01,0
315618,20263.6764,1995-02-11,0
2739780,20207.3088,1995-02-12,0
613511,20193.7098,1995-01-18,0
3125122,20165.5904,1995-01-08,0
3275842,20124.9954,1994-11-17,0
5737696,20100.8,1994-12-19,0
4338048,20097.1458,1994-12-22,0
137152,20076.5362,1995-01-03,0
2333254,20072.1,1995-01-17,0
4690628,20042.043,1994-12-01,0
1152965,20028.204,1994-12-10,0
5932003,20025.516,1994-12-02,0
1362502,20024.0586,1995-02-01,0
1984740,20011.4096,1994-11-29,0
184071,20007.3578,1995-01-10,0
3759046,19990.5745,1995-01-06,0
5983815,19975.4828,1994-12-11,0
2822151,19967.0166,1995-01-15,0
833248,19957.448,1995-02-06,0
4473255,19953.8192,1994-11-30,0
5322144,19942.3,1994-12-29,0
283618,19939.4139,1995-02-14,0
5189889,19938.282,1994-12-06,0
1742848,19913.7645,1994-12-18,0
4097954,19909.3336,1995-01-10,0
5061383,19893.7284,1994-11-28,0
2591972,19869.304,1994-12-17,0
3042499,19868.4486,1995-01-18,0
1510278,19864.9269,1994-12-06,0
3656357,19832.3755,1995-01-29,0
462850,19824.9065,1995-02-19,0
284611,19823.0186,1995-01-17,0
2428483,19818.2754,1995-02-17,0
4529991,19815.744,1995-02-07,0
4824997,19788.5952,1994-11-15,0
550023,19784.4528,1995-03-06,0
473765,19771.479,1995-01-18,0
2740770,19761.408,1994-12-21,0
1618403,19756.3212,1994-12-11,0
736866,19746.0536,1995-01-14,0
4960323,19741.67,1995-03-01,0
5187841,19729.164,1995-03-02,0
988065,19715.8104,1995-01-01,0
1829378,19677.6944,1995-03-02,0
682276,19670.814,1994-12-21,0
1770053,19668.372,1994-12-21,0
1618561,19667.0268,1994-12-25,0
1841509,19654.434,1995-02-09,0
4653217,19620.8012,1995-01-21,0
3756320,19604.5488,1995-02-04,0
1329506,19590.9032,1994-12-24,0
2291872,19582.464,1994-12-04,0
52103,19516.9254,1994-12-24,0
2223937,19509.1678,1994-12-19,0
4455777,19501.812,1995-02-20,0
2771812,19464.256,1994-12-29,0
4795431,19412.0472,1994-11-26,0
1330791,19399.3072,1995-03-06,0
4399335,19380.5612,1994-12-08,0
752386,19376.032,1995-02-06,0
60672,19373.212,1994-12-08,0
1695490,19337.3856,1994-12-24,0
1828994,19337.136,1994-12-10,0
1146913,19335.5568,1994-12-19,0
1460865,19253.5785,1994-12-22,0
4443590,19251.2775,1995-01-03,0
390400,19233.3484,1994-12-22,0
3068070,19207.9532,1995-01-15,0
3157478,19184.0088,1994-11-08,0
4899937,19175.4387,1995-02-01,0
3730085,19170.5178,1995-02-19,0
5791428,19166.812,1994-11-13,0
3985798,19158.986,1994-11-19,0
964896,19147.236,1994-12-07,0
2070050,19128.5144,1995-03-05,0
1518406,19114.5694,1994-12-24,0
7744,19088.9748,1994-11-18,0
4255744,19067.3901,1994-11-11,0
3993634,19064.0928,1994-11-25,0
2627975,19062.9,1995-02-05,0
5044738,19062.8856,1995-01-21,0
2850464,19051.2639,1995-03-03,0
22279,19049.4948,1994-12-23,0
3804133,19037.5003,1995-02-14,0
3122055,19014.307,1995-01-21,0
3289249,19012.784,1995-02-11,0
541729,19008.74,1994-12-22,0
5655239,18995.7504,1994-12-21,0
3541601,18965.156,1995-02-03,0
1665635,18964.584,1995-01-01,0
924449,18957.7388,1994-11-16,0
298307,18947.24,1995-01-02,0
348551,18942.7986,1994-12-29,0
3469636,18941.472,1994-12-19,0
1847815,18941.472,1995-01-08,0
843936,18901.1712,1994-12-07,0
3802695,18882.0,1995-01-04,0
53634,18876.0448,1995-02-22,0
2965959,18874.448,1994-12-04,0
1135524,18873.0956,1995-02-07,0
2246658,18872.55,1995-02-13,0
3376898,18863.694,1995-01-11,0
3846594,18861.8388,1994-12-04,0
2603522,18856.494,1995-01-04,0
1912225,18799.4184,1995-01-14,0
2806369,18773.52,1995-01-09,0
4951046,18766.7743,1994-12-08,0
82851,18743.7432,1994-12-22,0
4680352,18697.4912,1995-01-04,0
5769251,18688.5,1994-12-20,0
537318,18673.2672,1994-12-06,0
3540416,18622.933,1995-03-04,0
3769442,18612.9936,1994-12-18,0
4165793,18603.436,1995-01-22,0
5169478,18576.18,1994-12-12,0
5534752,18574.6,1994-11-19,0
2016227,18567.9585,1995-01-01,0
4966306,18567.0485,1994-12-08,0
89313,18507.744,1995-01-24,0
521889,18501.6588,1995-02-21,0
3121830,18500.862,1994-11-22,0
457381,18460.035,1995-01-20,0
2709025,18421.452,1994-12-08,0
536194,18406.2156,1995-01-10,0
4482560,18380.6805,1994-11-30,0
4916002,18374.976,1995-01-07,0
2404326,18351.774,1995-02-12,0
2370724,18340.8667,1994-12-19,0
2235908,18322.7904,1995-01-02,0
4015203,18308.212,1995-02-06,0
3540546,18298.368,1994-11-13,0
2410311,18294.8577,1995-02-28,0
4562181,18291.744,1994-11-13,0
576194,18285.33,1994-11-23,0
2072359,18282.9312,1994-12-05,0
1158243,18276.992,1995-01-23,0
3648225,18234.96,1994-12-05,0
1796705,18227.8525,1995-01-03,0
3166848,18206.0516,1995-02-14,0
1296516,18189.8886,1995-01-25,0
828166,18128.6144,1995-02-24,0
4365090,18128.3652,1995-01-04,0
3730694,18126.927,1994-12-20,0
1783012,18117.2628,1994-12-20,0
4209031,18115.9056,1995-02-24,0
1252230,18102.288,1994-12-22,0
3272194,18091.476,1994-11-15,0
5355107,18076.904,1995-01-05,0
3709763,18057.3644,1994-12-09,0
1533026,18051.1058,1995-02-17,0
184736,18031.374,1995-01-06,0
1661507,18025.524,1994-12-15,0
207714,18018.15,1994-11-13,0
5400736,17994.636,1995-01-28,0
4825349,17985.456,1994-12-19,0
1936390,17977.6832,1994-12-13,0
5643618,17948.556,1995-01-29,0
5349699,17938.7455,1994-12-13,0
2956677,17895.6096,1994-11-29,0
782151,17893.1275,1995-01-06,0
2297925,17838.0086,1994-12-31,0
3898823,17835.7248,1994-11-30,0
4849827,17831.8272,1994-12-07,0
5418819,17817.219,1994-11-28,0
496964,17811.265,1995-01-03,0
4540835,17780.364,1994-12-04,0
3945540,17778.5388,1995-01-28,0
3475460,17748.5664,1994-12-15,0
2427393,17734.995,1994-12-29,0
5575111,17721.0656,1994-12-01,0
2393027,17686.0992,1995-02-14,0
3574529,17675.966,1994-12-10,0
3363107,17643.6,1995-02-21,0
4505952,17636.8995,1994-12-28,0
2534691,17589.204,1994-12-18,0
2810624,17586.8056,1995-01-13,0
951428,17585.7045,1994-11-19,0
1445926,17572.2756,1994-12-16,0
2587138,17559.3782,1994-12-29,0
5149317,17543.643,1994-12-17,0
1480896,17515.3334,1995-02-05,0
5145126,17509.9725,1995-01-25,0
4402498,17500.8166,1995-01-21,0
3284678,17493.9888,1995-02-05,0
4958499,17489.472,1994-12-28,0
4243137,17481.6576,1995-02-16,0
4629285,17469.696,1994-11-30,0
1943812,17464.291,1995-03-02,0
2222307,17448.3552,1995-03-06,0
5504256,17436.3462,1995-02-25,0
2436580,17428.092,1994-11-19,0
5966212,17416.179,1994-12-01,0
1896640,17414.754,1994-11-29,0
66567,17413.488,1994-12-11,0
2919265,17408.916,1995-01-10,0
5555012,17383.7202,1994-11-11,0
59297,17378.7124,1994-12-10,0
744039,17378.3,1995-02-15,0
3209536,17355.84,1995-02-08,0
4306817,17351.88,1994-12-23,0
1987907,17334.0189,1994-12-15,0
2538241,17328.9284,1994-12-23,0
4152386,17328.64,1994-12-29,0
3717442,17313.664,1994-12-22,0
3747813,17309.4796,1995-03-02,0
2342657,17293.257,1994-11-18,0
4089030,17291.9862,1994-12-11,0
959554,17282.3057,1995-01-18,0
1796514,17274.12,1995-02-17,0
4081319,17268.188,1995-03-02,0
2141189,17255.94,1994-12-24,0
1011266,17251.7768,1994-12-02,0
3580743,17230.1481,1995-01-06,0
3803175,17216.415,1994-12-15,0
4035332,17216.16,1994-11-28,0
3390726,17215.4346,1994-12-04,0
5498023,17205.525,1994-12-26,0
3426242,17195.893,1995-02-20,0
804165,17189.944,1995-01-01,0
3863333,17183.0016,1995-01-31,0
15361,17152.2,1994-11-24,0
1272134,17149.1364,1995-02-13,0
4532807,17144.424,1994-12-03,0
3413062,17140.248,1994-12-13,0
2924514,17075.7769,1994-11-30,0
2376801,17057.9484,1994-11-28,0
2429476,17049.3204,1995-01-22,0
2725185,17048.4678,1995-02-16,0
3125318,17045.2353,1994-12-13,0
4343556,17037.388,1994-12-01,0
3071237,17018.64,1994-11-19,0
162945,16972.8,1995-01-22,0
2167746,16969.8564,1995-02-08,0
3836676,16937.748,1995-01-30,0
5019045,16916.555,1994-11-22,0
2857123,16890.7716,1994-12-02,0
3596966,16885.8508,1994-12-05,0
5187780,16861.0432,1995-01-11,0
1169664,16857.5706,1995-03-06,0
3248195,16856.8452,1994-12-18,0
3280865,16854.6812,1994-12-16,0
470976,16847.028,1995-01-05,0
1879717,16787.616,1995-02-23,0
1685957,16785.75,1994-12-12,0
880293,16778.4708,1995-01-07,0
2917253,16773.7724,1995-01-11,0
673670,16753.0363,1994-11-25,0
5994208,16746.565,1994-11-29,0
3772736,16738.8894,1995-02-16,0
1451622,16682.6556,1995-02-11,0
4247076,16679.208,1994-11-23,0
360615,16673.184,1995-02-01,0
2630727,16646.584,1994-11-28,0
1649061,16636.872,1995-01-16,0
12706,16636.6368,1994-11-21,0
3390278,16633.728,1994-12-07,0
2687174,16624.32,1994-12-10,0
3825671,16612.0974,1995-01-22,0
3948929,16605.2115,1995-01-04,0
1149220,16591.047,1994-12-17,0
5169287,16589.214,1995-01-05,0
4585504,16566.3848,1995-01-02,0
4883364,16555.4586,1994-12-31,0
153988,16552.705,1994-12-16,0
4597440,16531.56,1995-01-10,0
2287010,16523.8272,1994-11-25,0
1872609,16521.6422,1994-11-25,0
1247110,16501.4145,1994-12-20,0
2347713,16492.08,1995-02-24,0
3088578,16486.74,1995-01-08,0
1426274,16464.3435,1995-01-18,0
4511813,16428.529,1994-12-30,0
43201,16427.2581,1995-03-04,0
3122112,16413.9276,1994-12-07,0
152325,16406.8416,1995-01-03,0
2160739,16396.3,1994-12-12,0
2196097,16387.9968,1995-01-28,0
4168096,16376.7084,1995-02-05,0
239267,16369.36,1995-03-04,0
2452066,16362.918,1994-12-21,0
3239590,16340.6592,1995-02-28,0
420422,16324.9254,1994-12-23,0
5113158,16323.93,1995-01-29,0
3575074,16302.3514,1994-12-10,0
1753890,16291.3836,1994-12-17,0
4180386,16278.48,1994-12-02,0
3837318,16263.92,1994-11-20,0
540421,16262.4915,1994-11-14,0
4888391,16259.932,1995-01-11,0
5071106,16250.421,1995-01-23,0
1071943,16206.8049,1994-12-09,0
4008867,16201.17,1995-02-13,0
5528420,16196.5944,1995-01-27,0
5965216,16189.2,1994-12-29,0
5248929,16177.1368,1994-12-09,0
5823714,16163.0616,1994-12-29,0
659654,16159.158,1995-01-15,0
5438630,16126.9,1994-12-18,0
1804032,16074.432,1995-01-17,0
5384004,16042.0925,1995-01-29,0
4464929,16026.7653,1994-11-30,0
1182499,15992.838,1995-02-16,0
1873090,15991.8546,1994-11-25,0
47076,15981.8208,1995-01-08,0
3764516,15957.162,1994-12-24,0
876036,15955.0524,1995-01-03,0
5438979,15954.29,1995-01-12,0
4928609,15949.4049,1994-11-21,0
2757831,15942.6432,1995-01-15,0
84870,15931.4355,1995-01-21,0
5711139,15915.978,1994-12-03,0
2178533,15901.431,1994-12-27,0
5642726,15898.9824,1995-02-26,0
1973408,15891.1207,1994-11-26,0
5662114,15870.267,1994-12-02,0
1494016,15869.952,1994-12-11,0
3928263,15856.396,1995-02-02,0
4272128,15836.94,1995-01-28,0
1616676,15821.7984,1994-12-01,0
3174177,15778.566,1995-02-10,0
3822724,15756.9192,1995-01-02,0
4360353,15739.2312,1995-01-30,0
4409828,15728.78,1994-12-16,0
5207616,15728.6976,1995-01-20,0
2295556,15719.4512,1995-03-01,0
2061735,15701.196,1995-02-16,0
1253952,15682.572,1994-12-09,0
4614599,15656.7229,1994-11-20,0
1316610,15630.3,1995-02-18,0
5746596,15617.4148,1994-11-27,0
4228000,15609.1572,1995-02-12,0
2927461,15598.473,1995-02-19,0
5479783,15591.95,1995-02-07,0
4351171,15581.368,1995-01-24,0
4046432,15581.0928,1995-01-17,0
1903047,15548.049,1994-11-27,0
5239079,15527.07,1994-12-15,0
2692739,15522.4872,1995-01-31,0
3212677,15499.872,1994-11-23,0
2875463,15497.4204,1994-12-21,0
755617,15480.4464,1994-12-17,0
5894820,15480.104,1995-01-03,0
2687809,15432.7634,1994-12-12,0
828773,15414.8904,1995-03-03,0
5668772,15393.534,1995-02-08,0
3392384,15357.2958,1995-01-21,0
3100839,15356.275,1995-01-10,0
205187,15327.3483,1995-02-06,0
3003236,15322.1976,1995-01-02,0
168546,15310.485,1995-01-04,0
4000517,15306.408,1994-12-24,0
3033219,15304.08,1994-12-04,0
2978145,15303.68,1995-01-23,0
4137382,15299.7416,1994-12-16,0
4467204,15290.7345,1994-12-09,0
3748455,15271.7026,1995-01-19,0
5984325,15257.1496,1995-01-13,0
2784642,15251.7888,1994-11-17,0
2922656,15251.1548,1995-01-29,0
5993251,15229.7488,1995-01-26,0
4076544,15219.9286,1994-12-19,0
5686402,15216.57,1994-11-16,0
237572,15215.6,1994-12-21,0
1152929,15198.084,1994-11-16,0
378273,15197.49,1994-12-20,0
233765,15192.9,1995-03-06,0
757255,15190.462,1994-12-29,0
5202183,15188.2248,1995-02-25,0
2853506,15167.3172,1994-12-28,0
438433,15141.5424,1994-12-26,0
650534,15125.1496,1995-02-04,0
479271,15120.027,1994-11-20,0
4414882,15110.97,1994-12-08,0
4950918,15094.8,1994-12-21,0
4119010,15080.4192,1994-12-09,0
2717606,15063.485,1994-12-04,0
1018017,15046.8516,1994-12-22,0
2809223,15045.123,1995-02-22,0
4885763,15042.258,1994-11-27,0
2185696,15005.232,1994-12-13,0
590726,14996.1266,1994-11-23,0
5860449,14953.554,1994-12-21,0
4670278,14943.4857,1995-02-02,0
3549478,14921.172,1995-01-11,0
1290823,14843.1049,1994-11-28,0
3997571,14839.2,1995-02-28,0
5796356,14836.242,1995-03-03,0
4865507,14835.2292,1994-11-27,0
1594981,14801.9157,1994-11-13,0
4513441,14780.076,1995-02-17,0
5709287,14768.4628,1994-11-18,0
3998438,14767.3344,1994-11-19,0
1321796,14760.0,1994-12-04,0
410144,14718.1232,1994-12-30,0
3001254,14708.6632,1995-02-12,0
1965926,14686.9349,1994-11-12,0
1024256,14686.255,1995-01-17,0
895140,14668.893,1995-01-14,0
4576066,14661.5337,1994-12-28,0
68963,14653.08,1994-12-03,0
3840001,14639.5144,1994-11-20,0
4083750,14626.6106,1995-02-03,0
1446208,14595.2672,1994-12-22,0
1647200,14566.71,1995-01-20,0
4982118,14541.0243,1994-11-19,0
352161,14484.6008,1994-11-28,0
3198147,14462.304,1994-11-10,0
1796033,14461.7596,1995-01-28,0
1529287,14458.26,1995-02-13,0
623140,14428.359,1995-01-17,0
4836739,14412.6378,1994-12-29,0
4476805,14404.95,1994-12-13,0
5177862,14393.691,1994-11-22,0
2324260,14378.58,1994-12-22,0
2378529,14377.728,1994-11-30,0
2548551,14377.68,1994-12-15,0
4056485,14369.035,1995-01-09,0
753125,14338.5984,1995-01-08,0
4016647,14337.54,1995-01-03,0
1717826,14334.084,1994-11-25,0
5628391,14323.9768,1994-11-19,0
4815617,14309.932,1994-11-27,0
4393829,14305.1298,1995-01-19,0
4890434,14295.24,1995-02-09,0
5945345,14275.053,1994-12-21,0
398726,14259.0708,1994-12-08,0
3858528,14240.5536,1995-02-26,0
5201859,14226.6592,1994-11-22,0
5696000,14222.4504,1994-11-23,0
2603111,14213.4,1994-12-27,0
2059009,14197.072,1995-02-09,0
1675617,14163.156,1994-12-05,0
1257507,14157.7629,1995-02-04,0
1563974,14154.42,1994-11-29,0
36992,14152.9984,1994-12-08,0
4969415,14104.101,1995-01-16,0
4644258,14098.756,1995-01-13,0
1399333,14078.0136,1994-11-25,0
424771,14064.4,1994-12-21,0
673824,14055.4722,1995-02-02,0
1522052,13957.6788,1994-12-17,0
5354212,13955.3532,1995-02-18,0
1358275,13949.5392,1995-03-04,0
1499460,13917.1617,1994-12-02,0
5712711,13912.8444,1994-12-25,0
5388102,13910.9472,1995-02-20,0
1095463,13906.8706,1995-03-01,0
5579079,13900.41,1995-02-02,0
3652256,13872.0218,1995-01-30,0
1847075,13868.6208,1995-01-02,0
4307843,13865.6925,1994-12-02,0
457221,13855.1712,1995-03-06,0
5129985,13848.894,1994-12-01,0
3357446,13841.5896,1994-11-18,0
410661,13832.4024,1995-02-27,0
1308003,13819.099,1994-12-30,0
4124674,13814.4,1994-11-26,0
1951334,13807.4112,1994-12-18,0
1990050,13780.305,1995-02-14,0
69764,13776.147,1994-11-13,0
1572738,13762.98,1994-12-04,0
4252743,13718.642,1994-12-01,0
2641540,13717.5,1994-11-27,0
5203460,13706.8272,1995-02-11,0
2852421,13656.364,1994-12-13,0
4246145,13649.1264,1995-01-04,0
3528870,13646.112,1995-02-17,0
3511653,13621.5936,1994-12-26,0
5323011,13567.4568,1995-01-27,0
3738948,13553.7549,1995-01-07,0
1301155,13529.984,1995-01-17,0
709189,13517.7174,1994-11-26,0
1878723,13512.73,1994-11-20,0
3318337,13487.76,1994-11-16,0
40835,13474.8624,1994-11-25,0
3474560,13474.591,1994-12-19,0
1115941,13473.124,1995-02-18,0
3551426,13469.0106,1994-11-30,0
4498372,13460.7132,1994-11-14,0
3551171,13459.77,1994-11-30,0
5240257,13456.5024,1994-11-20,0
2309762,13449.8088,1995-01-07,0
2767461,13385.7024,1994-11-20,0
3871974,13379.6704,1995-02-03,0
5432583,13373.3424,1994-12-27,0
689761,13371.722,1995-01-06,0
3746983,13367.9007,1995-01-05,0
2327814,13361.75,1994-12-05,0
957317,13353.1762,1995-01-26,0
902432,13353.1002,1994-12-03,0
4564355,13346.4576,1994-11-27,0
5692066,13335.231,1994-12-19,0
4888261,13293.774,1994-12-07,0
5218177,13288.5,1994-12-19,0
3948101,13273.3832,1995-02-04,0
2498659,13262.7232,1995-01-19,0
4792903,13242.69,1994-12-31,0
4579938,13204.3632,1994-12-21,0
2708834,13187.6736,1994-12-21,0
5595137,13182.4896,1994-12-28,0
1170240,13172.9626,1995-01-11,0
3394053,13140.5274,1994-12-07,0
5202304,13120.7538,1994-12-30,0
1315366,13093.2672,1995-02-05,0
5463751,13077.396,1995-01-01,0
2444516,13059.2644,1994-11-26,0
2545632,13029.4377,1995-01-11,0
1986817,13017.277,1995-01-16,0
3821158,13003.3248,1994-12-20,0
2518562,12980.877,1994-12-27,0
2137185,12972.2688,1994-12-19,0
800481,12966.0384,1994-11-29,0
5205185,12938.696,1994-12-09,0
5785158,12907.3,1995-02-19,0
548225,12889.9323,1994-11-12,0
4807296,12885.9892,1995-01-28,0
1750210,12843.9344,1994-12-06,0
1619332,12830.51,1995-01-13,0
4555781,12809.0858,1994-12-24,0
1295808,12805.8042,1994-12-31,0
3318277,12804.1536,1994-12-05,0
4055716,12795.3,1994-12-18,0
3453538,12777.5046,1995-01-27,0
1493952,12775.4858,1994-12-30,0
826368,12762.4014,1995-02-11,0
4868645,12749.878,1994-12-21,0
378758,12749.556,1994-12-05,0
1270662,12684.434,1994-12-21,0
3107328,12663.34,1995-03-06,0
5897574,12656.169,1995-01-19,0
527685,12642.588,1995-01-13,0
3730277,12625.8132,1994-11-21,0
5697604,12596.292,1994-11-14,0
3960999,12595.366,1994-12-26,0
3236739,12583.2441,1995-02-01,0
1637729,12571.9398,1994-12-24,0
3482402,12563.4555,1995-01-03,0
2989344,12521.3418,1995-02-27,0
872992,12473.7536,1994-12-18,0
1623206,12458.478,1995-01-28,0
3735109,12449.8728,1994-12-08,0
3272641,12444.2766,1995-02-18,0
3075491,12429.7104,1995-01-19,0
4480773,12429.0416,1994-12-14,0
2572999,12423.32,1994-12-20,0
1292454,12398.7974,1994-11-28,0
5116679,12376.0,1995-01-03,0
4380102,12363.1,1995-01-14,0
2387492,12356.08,1994-12-22,0
5295778,12315.4176,1994-11-15,0
2789765,12312.342,1995-02-05,0
3230817,12305.5317,1995-03-02,0
1364865,12301.378,1994-12-28,0
3488192,12298.9992,1995-02-12,0
1897056,12285.702,1995-01-22,0
1143142,12284.8224,1995-02-15,0
1062531,12241.6231,1994-11-12,0
5798849,12239.4675,1994-12-23,0
116998,12237.0248,1994-12-14,0
1533121,12224.619,1994-11-29,0
5042598,12210.5712,1995-02-24,0
88866,12116.6017,1995-02-04,0
4943040,12094.1106,1995-03-01,0
5692003,12058.6608,1995-01-06,0
2749088,12034.4832,1995-01-31,0
1935399,12028.9776,1995-02-09,0
4893316,11995.8894,1995-02-27,0
2209570,11985.3828,1994-12-03,0
1188771,11968.5891,1995-02-23,0
5866337,11966.7602,1995-02-28,0
4066531,11962.4862,1995-01-21,0
2285987,11923.0111,1994-12-18,0
1389377,11911.212,1995-03-06,0
3741863,11888.9991,1995-02-01,0
5250819,11884.828,1995-02-19,0
5070244,11849.8464,1995-01-02,0
4252996,11771.8362,1994-11-14,0
221734,11767.8072,1995-01-20,0
2993729,11766.1368,1994-11-19,0
5556193,11721.3696,1994-12-05,0
3454246,11684.8144,1994-12-09,0
5232354,11674.531,1994-12-29,0
3147009,11659.9615,1994-12-26,0
2415495,11651.64,1995-01-01,0
3390980,11651.52,1994-12-12,0
5278786,11643.9456,1995-03-03,0
2012132,11642.4,1994-12-25,0
3831392,11641.4045,1994-11-15,0
3709220,11634.2442,1994-12-18,0
1884613,11584.9548,1995-01-22,0
4537542,11568.6725,1994-12-12,0
1835680,11563.104,1994-11-24,0
4986467,11523.3936,1994-12-21,0
244641,11516.3328,1994-11-29,0
3849121,11495.016,1995-01-27,0
1148257,11488.0592,1995-03-07,0
1582983,11467.2096,1994-11-28,0
1385312,11462.6304,1994-12-08,0
2550439,11439.711,1995-01-21,0
5867684,11412.0279,1995-01-24,0
2808963,11405.9848,1995-01-31,0
838533,11397.0612,1995-02-06,0
964033,11378.0646,1995-02-20,0
1070944,11376.9422,1995-02-04,0
3360354,11332.5488,1994-11-18,0
2709319,11330.72,1995-01-18,0
1684835,11316.4416,1994-11-20,0
2823778,11301.312,1994-11-23,0
5013985,11267.44,1994-12-29,0
2181095,11222.2152,1994-11-27,0
5129126,11146.98,1994-12-07,0
3258406,11120.3,1995-02-14,0
3377764,11106.4338,1994-12-11,0
4698595,11081.6595,1995-01-31,0
3258882,11056.024,1994-12-08,0
1751171,11042.451,1995-02-22,0
5577060,11029.0336,1994-11-13,0
5635556,11016.5034,1994-12-18,0
1453377,11010.186,1994-12-18,0
5902816,10996.668,1994-11-15,0
3172230,10989.891,1994-12-03,0
3017830,10989.891,1994-12-31,0
3032839,10984.7043,1994-12-21,0
2443138,10975.8216,1994-12-31,0
1720964,10967.4117,1994-12-26,0
5944647,10951.182,1995-01-23,0
22564,10946.583,1995-02-25,0
3838944,10906.272,1994-12-05,0
5046948,10901.61,1994-11-29,0
2069510,10845.216,1994-12-08,0
129668,10839.4596,1995-01-08,0
1500003,10837.9915,1995-01-18,0
4946054,10829.826,1994-12-31,0
1000737,10778.8,1995-02-01,0
787810,10774.3662,1994-12-29,0
4903619,10758.3696,1994-12-02,0
3723782,10752.102,1995-02-14,0
3354310,10743.2318,1994-12-28,0
2161730,10736.4924,1994-12-31,0
4794211,10724.94,1994-12-01,0
5035137,10715.088,1994-12-24,0
5494054,10702.9703,1994-11-25,0
839488,10687.6928,1995-01-01,0
4438820,10651.5024,1994-12-04,0
2353952,10539.3216,1995-03-03,0
2976579,10535.8572,1995-02-05,0
1010279,10525.086,1994-12-05,0
4042594,10513.26,1994-12-01,0
4946372,10510.2816,1995-01-20,0
290560,10506.636,1994-12-02,0
3773863,10506.5905,1995-03-04,0
624740,10479.1988,1994-11-25,0
4288359,10475.8875,1994-11-15,0
5084930,10460.1792,1994-12-02,0
1158336,10405.1706,1994-12-14,0
71399,10390.5,1995-02-15,0
1011715,10388.4288,1994-12-29,0
940134,10376.3856,1994-11-21,0
3261475,10311.2,1994-11-15,0
5275879,10305.3744,1995-03-07,0
4574947,10305.0672,1994-12-14,0
1099751,10270.6224,1994-11-28,0
749895,10252.71,1995-01-15,0
2506085,10223.5284,1995-01-16,0
2106308,10179.668,1995-01-21,0
974215,10179.594,1995-01-06,0
3337607,10168.1304,1994-11-26,0
1981282,10160.8507,1995-01-13,0
2290151,10140.336,1995-01-24,0
2546823,10119.8,1995-02-13,0
1074919,10078.607,1994-11-24,0
540129,10059.8706,1994-12-19,0
5170723,10019.612,1995-03-01,0
2122178,10016.3328,1995-01-21,0
2249412,10012.94,1994-12-19,0
1086791,9988.4664,1994-12-08,0
3202689,9985.1934,1995-02-07,0
481923,9983.79,1994-12-14,0
110917,9964.188,1994-11-25,0
1571877,9956.352,1995-01-28,0
2962342,9929.2032,1994-11-21,0
2101827,9913.3956,1994-11-29,0
1819719,9905.707,1995-02-08,0
1944868,9894.6582,1994-12-28,0
5760998,9873.2601,1994-11-27,0
3577153,9869.5692,1995-01-09,0
1898182,9865.1619,1994-12-26,0
2187394,9852.4998,1994-11-12,0
4218337,9840.1303,1994-11-25,0
561382,9837.702,1995-03-01,0
1332230,9835.9218,1994-12-19,0
588615,9801.4112,1995-01-24,0
1452033,9719.1381,1995-01-09,0
4250594,9711.3555,1995-02-10,0
45189,9675.4105,1994-12-12,0
3444740,9663.1812,1994-11-22,0
2747872,9648.31,1994-12-09,0
2395488,9629.8812,1994-12-07,0
4809314,9599.3352,1994-12-20,0
2182786,9584.7732,1995-01-14,0
3851265,9558.5105,1995-02-16,0
4364903,9531.4527,1994-11-28,0
1887783,9520.357,1995-01-24,0
3699138,9493.2408,1994-12-30,0
167492,9489.7803,1994-11-30,0
3298087,9489.6896,1994-11-19,0
1671296,9487.2163,1995-02-10,0
1911938,9484.7424,1994-11-27,0
2226849,9465.894,1995-01-28,0
1361218,9459.9846,1994-12-02,0
3785441,9438.0125,1995-02-20,0
5191904,9428.391,1994-12-21,0
524484,9426.7607,1995-02-24,0
2212962,9426.7122,1995-01-15,0
279396,9400.905,1995-01-30,0
4942880,9399.7044,1995-01-01,0
5753508,9398.151,1995-01-06,0
3731107,9394.3872,1995-01-30,0
3480774,9376.88,1995-03-07,0
5852581,9361.9175,1994-12-15,0
5006660,9333.4986,1994-12-19,0
2936679,9329.3,1994-12-14,0
4457287,9319.12,1995-01-16,0
2489125,9297.81,1995-03-03,0
2856199,9284.24,1994-12-01,0
5864517,9219.693,1994-12-05,0
5942821,9196.011,1995-01-03,0
1255559,9179.38,1995-01-08,0
1563238,9178.9632,1994-12-26,0
4617220,9128.9604,1994-11-26,0
276448,9117.108,1994-12-02,0
500097,9100.259,1994-12-16,0
144132,9095.232,1995-03-03,0
438721,9023.664,1994-11-28,0
5634373,9009.52,1994-11-20,0
2249152,9005.514,1995-01-20,0
190244,9004.401,1994-11-23,0
3092581,8997.219,1994-12-20,0
4993605,8982.3204,1994-12-29,0
187618,8981.277,1995-01-18,0
1468993,8964.1652,1994-12-26,0
2021088,8960.9436,1995-01-02,0
1677222,8918.75,1995-01-09,0
5299234,8900.76,1995-01-05,0
4816417,8867.0028,1994-12-07,0
4354208,8828.4938,1994-12-15,0
1126503,8758.953,1994-12-04,0
3525155,8753.472,1994-12-23,0
2828706,8715.105,1994-12-15,0
834787,8702.2944,1994-12-30,0
3912547,8684.4,1994-11-26,0
981760,8681.2635,1994-12-11,0
3425857,8679.5891,1994-12-04,0
5235524,8654.7456,1994-11-23,0
5247332,8653.008,1995-01-10,0
3187328,8630.46,1994-12-17,0
2145794,8624.634,1995-01-29,0
1017285,8622.2556,1995-01-28,0
1536998,8614.5408,1994-12-15,0
4882950,8588.2,1994-12-29,0
5950914,8581.6248,1994-12-08,0
294983,8567.28,1994-11-28,0
3918215,8559.8232,1994-11-16,0
4331366,8546.0298,1995-01-29,0
4275334,8538.048,1994-12-26,0
4487494,8531.634,1995-01-31,0
4720736,8517.7584,1995-01-27,0
1659042,8502.2847,1995-01-23,0
5912704,8494.544,1994-11-18,0
2532101,8493.4,1995-01-20,0
356839,8462.363,1995-02-22,0
4433280,8454.386,1995-01-06,0
3031234,8448.72,1994-12-04,0
3664069,8443.98,1995-01-02,0
2510144,8443.8888,1995-02-20,0
5049442,8436.9978,1995-02-07,0
4965156,8431.283,1994-12-17,0
4837987,8430.3855,1994-11-19,0
3062401,8416.035,1994-11-15,0
4074599,8411.3204,1994-11-20,0
2415334,8395.4688,1995-02-04,0
236450,8391.9675,1995-02-17,0
5467239,8379.442,1994-11-27,0
2091654,8329.959,1994-12-02,0
3932357,8324.3655,1995-01-02,0
1576165,8293.467,1995-01-21,0
3006338,8288.05,1994-12-05,0
1941376,8280.7232,1995-01-01,0
3430,8263.765,1994-12-12,0
2930150,8255.138,1994-12-06,0
1127363,8252.9172,1994-11-27,0
3450723,8202.3305,1994-11-24,0
5304288,8184.4371,1994-12-09,0
5287271,8131.7525,1994-12-18,0
2464994,8090.88,1995-02-12,0
133127,8052.4416,1994-11-18,0
1798437,8051.7528,1995-01-06,0
4996550,8018.5806,1994-12-15,0
1859651,8016.7725,1994-12-07,0
3959810,8003.556,1994-12-12,0
3747105,8000.3728,1995-02-07,0
1144419,7975.62,1994-12-21,0
4689984,7940.195,1995-01-07,0
1861412,7919.28,1994-12-04,0
5813187,7903.7898,1994-12-02,0
3174050,7890.372,1995-01-08,0
4274020,7838.082,1995-02-25,0
2449380,7825.482,1995-02-18,0
3335236,7808.1206,1995-02-22,0
5302977,7778.897,1995-01-07,0
489606,7714.152,1994-12-26,0
3960513,7693.2702,1994-12-20,0
4785095,7673.9652,1994-12-27,0
2704774,7630.8787,1995-02-21,0
2621476,7607.091,1994-11-27,0
1245378,7586.04,1994-12-01,0
3032871,7574.6328,1995-01-04,0
1958752,7574.084,1994-11-24,0
3270434,7542.2156,1995-02-01,0
2464613,7541.6488,1994-12-13,0
1879874,7527.4836,1995-01-08,0
465696,7498.3272,1994-11-11,0
183750,7495.607,1995-01-26,0
3261988,7410.96,1995-02-25,0
5624322,7392.5852,1995-02-19,0
1656260,7384.8,1995-02-26,0
2481222,7377.9888,1994-12-25,0
998021,7375.632,1995-02-20,0
2871235,7372.8072,1995-03-05,0
774275,7370.3394,1995-01-29,0
2274022,7369.1864,1994-12-06,0
4833957,7339.7376,1994-12-23,0
123367,7326.84,1994-12-24,0
2611463,7326.286,1995-01-08,0
5726757,7319.3716,1995-01-14,0
506465,7278.2226,1994-12-06,0
5587584,7272.1152,1995-03-02,0
463812,7259.24,1995-01-25,0
5020551,7223.8308,1994-12-07,0
1113632,7216.1145,1994-12-07,0
2504161,7207.62,1994-12-01,0
2596484,7186.7713,1995-01-22,0
5385122,7177.224,1994-12-07,0
3886692,7149.5592,1994-11-13,0
2756646,7140.168,1995-02-21,0
5300519,7122.654,1995-01-04,0
305284,7082.9451,1994-12-29,0
5126981,7082.558,1994-12-05,0
217925,7062.3469,1994-12-26,0
370822,7028.286,1995-02-06,0
1303847,7027.24,1995-02-04,0
4995332,7013.232,1994-11-28,0
2863655,7005.3165,1994-12-31,0
714532,7000.5845,1995-02-06,0
3646592,6984.87,1995-02-18,0
4497254,6982.3284,1995-01-11,0
3023138,6969.7728,1994-11-27,0
5273220,6969.515,1995-02-03,0
4229985,6969.492,1995-02-03,0
1962658,6968.7486,1995-03-07,0
5187616,6936.48,1994-12-30,0
5783045,6931.827,1994-11-27,0
583047,6885.144,1994-11-26,0
3350145,6869.8812,1995-02-06,0
933795,6866.19,1994-12-04,0
2518496,6853.6586,1995-01-06,0
4658819,6847.11,1995-02-17,0
4408198,6836.3928,1994-12-24,0
1719140,6809.985,1994-11-18,0
4035522,6774.9936,1995-02-23,0
5875362,6771.276,1995-02-10,0
3013891,6767.145,1995-01-27,0
4772998,6764.4374,1995-01-24,0
4314944,6760.512,1994-12-15,0
4374790,6757.796,1994-12-03,0
2419652,6756.24,1995-01-18,0
1904423,6733.1264,1994-12-16,0
4072901,6722.8448,1994-12-27,0
1517569,6702.2592,1994-12-12,0
603910,6698.4372,1995-02-13,0
4221858,6685.374,1994-12-16,0
5831139,6680.562,1994-11-13,0
148965,6679.935,1995-01-12,0
3862337,6658.2792,1994-12-24,0
3591973,6654.193,1995-01-07,0
843905,6603.48,1994-12-08,0
5769409,6600.15,1995-02-15,0
2825159,6588.918,1994-11-21,0
201314,6576.804,1995-02-13,0
5777922,6544.3392,1994-12-08,0
4767681,6541.2344,1995-01-15,0
3110403,6538.888,1994-11-25,0
2289986,6538.0104,1995-01-02,0
197957,6514.9056,1994-12-25,0
4511527,6495.9744,1995-01-11,0
249600,6482.25,1994-12-18,0
1813698,6481.431,1994-12-16,0
2129734,6455.1396,1994-12-03,0
3318533,6445.296,1995-02-08,0
2455010,6351.426,1994-11-13,0
1040199,6331.5,1994-12-20,0
171328,6311.208,1995-02-17,0
3841954,6308.354,1994-11-28,0
926693,6287.94,1994-12-26,0
1364550,6255.4536,1994-11-08,0
4976133,6250.0608,1994-12-19,0
1496102,6218.352,1994-11-10,0
5305186,6198.5856,1995-01-09,0
1869220,6186.4506,1994-12-16,0
5508069,6185.032,1994-11-29,0
1898469,6152.4008,1994-12-02,0
2078311,6126.6,1995-01-10,0
1342019,6107.7835,1994-12-10,0
1346210,6085.0244,1995-02-28,0
260225,6056.82,1995-03-01,0
1570566,6017.22,1995-01-16,0
4490626,5983.524,1995-01-08,0
4897920,5977.3146,1995-01-24,0
4223107,5944.258,1994-11-24,0
5860992,5900.355,1994-12-25,0
5569348,5881.8424,1994-11-27,0
5118784,5856.725,1995-01-18,0
2462471,5849.9232,1995-01-29,0
4562756,5842.368,1994-12-12,0
3792450,5825.8588,1995-01-07,0
4412262,5806.845,1994-12-24,0
1478597,5767.692,1994-12-08,0
3247139,5761.3221,1994-12-02,0
3153511,5758.7784,1995-02-17,0
1465665,5747.7932,1994-11-22,0
3450532,5726.85,1994-12-03,0
4720833,5717.2112,1995-01-06,0
1110499,5697.8382,1994-12-17,0
3874404,5670.0056,1995-01-13,0
358434,5668.626,1995-02-11,0
5136866,5636.6128,1995-01-19,0
2728163,5633.0604,1994-12-01,0
5181251,5630.7504,1995-01-05,0
3633248,5601.52,1995-01-25,0
1330368,5597.3412,1994-11-22,0
1742629,5569.7982,1994-11-22,0
1928903,5505.12,1994-11-17,0
3873158,5495.5544,1994-11-18,0
390471,5482.4616,1994-11-11,0
2709282,5473.584,1994-11-23,0
808678,5468.7048,1994-11-28,0
375106,5438.8024,1995-02-23,0
2112162,5434.02,1995-01-05,0
4200614,5377.3017,1994-11-22,0
3803235,5370.45,1995-03-05,0
2334310,5360.679,1995-03-01,0
1515456,5359.874,1994-12-30,0
4927298,5358.6972,1995-02-04,0
1654592,5342.2005,1994-12-01,0
458662,5334.1672,1995-01-20,0
5918469,5310.0864,1995-01-14,0
1830406,5298.1292,1995-01-09,0
4249958,5293.496,1995-01-28,0
5109444,5286.6594,1994-11-27,0
5969799,5271.93,1994-12-06,0
5037927,5261.625,1995-02-22,0
3763139,5253.4584,1995-02-03,0
2196231,5237.088,1994-12-18,0
5521858,5235.2736,1994-12-30,0
952130,5233.3827,1995-01-04,0
1140352,5230.407,1995-01-05,0
4360006,5224.856,1994-12-09,0
5333762,5221.4708,1995-01-26,0
5436068,5175.076,1994-11-15,0
4395236,5153.4648,1994-12-10,0
1652323,5126.949,1995-01-19,0
1909637,5115.0645,1994-11-30,0
1857286,5111.4816,1995-02-02,0
4427076,5093.136,1994-11-25,0
528868,5091.345,1995-01-24,0
4112834,5060.31,1994-11-30,0
5881219,5059.422,1995-02-15,0
1081666,5058.5088,1995-01-18,0
5396519,5048.8,1995-01-23,0
3512930,5029.89,1994-12-26,0
4075360,5024.304,1995-01-06,0
3009347,5010.05,1994-12-12,0
5699175,4975.776,1995-02-25,0
457831,4967.1,1994-12-09,0
769091,4959.285,1994-12-14,0
91623,4922.6433,1995-03-07,0
2145025,4915.2546,1995-01-01,0
668320,4905.1332,1994-11-29,0
1543425,4828.9248,1995-01-24,0
3764672,4821.606,1994-12-12,0
5604519,4736.9696,1995-02-04,0
4918564,4714.2072,1994-12-29,0
771427,4704.7512,1994-12-04,0
586084,4649.0742,1995-01-08,0
1914497,4645.8048,1995-01-04,0
5364581,4630.2864,1994-11-16,0
2838497,4606.17,1994-12-13,0
2013573,4530.9726,1995-02-11,0
3431782,4522.5,1994-11-14,0
804295,4499.9052,1995-02-07,0
184839,4493.367,1995-02-11,0
1756900,4482.09,1994-12-03,0
1189474,4477.3056,1994-12-11,0
4674790,4439.5988,1994-12-25,0
2308834,4412.9568,1995-01-26,0
3171298,4401.7395,1994-12-24,0
1754788,4390.4556,1994-12-29,0
5570789,4387.3587,1994-12-21,0
4512384,4378.563,1994-12-20,0
1029696,4378.1346,1995-01-11,0
2248258,4375.65,1994-12-20,0
1578532,4358.2818,1994-11-27,0
2162816,4339.9104,1995-01-01,0
3557826,4324.14,1994-11-13,0
671587,4309.0176,1995-01-15,0
5335910,4269.276,1994-11-17,0
1407172,4246.683,1994-11-16,0
5592128,4240.17,1994-12-25,0
4801509,4237.542,1995-01-31,0
4223682,4224.2352,1994-11-14,0
1550183,4208.0584,1994-12-01,0
5143200,4207.0864,1995-01-21,0
3958435,4193.694,1994-12-12,0
2444802,4181.3916,1994-12-16,0
1635108,4176.732,1994-12-19,0
4568711,4168.12,1994-12-03,0
4379591,4161.276,1995-01-07,0
165607,4139.7696,1995-02-01,0
4089316,4138.9929,1994-12-16,0
5361089,4126.4289,1995-01-13,0
4827010,4110.0969,1994-12-02,0
1393344,4090.32,1994-12-17,0
3323463,3997.1808,1994-12-15,0
2817056,3979.9386,1995-02-10,0
2110979,3948.0297,1995-01-16,0
2765671,3933.2984,1994-12-08,0
2964678,3891.8631,1995-01-23,0
4050339,3853.2312,1994-12-28,0
4395329,3819.8768,1994-11-17,0
3987200,3794.0562,1995-01-01,0
264580,3792.04,1994-12-17,0
1536037,3731.505,1994-11-25,0
3953379,3702.8055,1995-02-19,0
4574209,3695.7696,1994-11-18,0
3366087,3693.562,1994-12-20,0
253735,3678.0848,1995-01-26,0
58341,3676.2908,1995-02-09,0
24096,3659.222,1995-03-01,0
4851523,3647.3856,1994-12-16,0
5358208,3629.352,1994-12-16,0
466115,3621.56,1995-01-13,0
2937120,3620.3265,1994-11-15,0
901987,3619.6104,1994-11-25,0
2211747,3571.7472,1994-12-16,0
412772,3565.977,1994-12-01,0
5224932,3565.526,1995-01-12,0
4900803,3557.7522,1994-12-07,0
2711396,3551.367,1994-11-19,0
2803073,3528.9912,1995-03-07,0
2067265,3511.3272,1995-01-21,0
933891,3496.7032,1995-01-26,0
2418048,3474.2754,1994-12-08,0
4525376,3464.7384,1994-11-30,0
4742311,3440.2116,1995-02-28,0
5115783,3399.4779,1995-01-08,0
2460837,3378.0376,1994-12-27,0
1241927,3367.791,1994-12-22,0
1270434,3357.5724,1994-12-12,0
3826886,3326.9184,1994-12-12,0
2955750,3313.8504,1994-12-28,0
1827585,3313.2672,1994-12-22,0
5421892,3310.2978,1994-12-30,0
1720736,3309.36,1995-02-17,0
3936581,3306.438,1994-12-21,0
3006017,3299.8756,1994-12-15,0
3817031,3292.8714,1995-02-15,0
2450529,3288.39,1994-11-26,0
57409,3276.8178,1994-11-21,0
763108,3257.16,1995-02-14,0
4819457,3204.8016,1995-01-04,0
3635686,3170.511,1995-02-23,0
5857126,3148.0704,1995-01-04,0
1102215,3148.0574,1994-11-14,0
4204866,3145.3,1994-12-31,0
223909,3141.0,1995-02-24,0
1992487,3117.4464,1994-12-04,0
5453187,3099.5748,1995-01-21,0
1920421,3064.6756,1994-12-23,0
3042727,3052.7064,1995-01-04,0
1377126,3050.1036,1995-02-23,0
2807399,3048.4278,1994-11-29,0
5338626,3032.7858,1994-12-13,0
1469025,3031.3752,1995-02-21,0
2008260,3000.7614,1995-01-15,0
5832645,2988.576,1994-12-12,0
1904736,2985.06,1994-12-20,0
5351524,2971.3212,1994-12-07,0
5192935,2954.488,1994-12-18,0
1632416,2931.8976,1994-12-15,0
70148,2926.7658,1995-01-28,0
2745219,2878.407,1995-01-15,0
4885927,2873.883,1995-03-06,0
1734371,2856.4354,1995-02-11,0
5572742,2842.8372,1995-02-13,0
223460,2776.4352,1994-12-07,0
4968835,2753.3352,1995-01-11,0
4176643,2751.5408,1994-11-19,0
2790598,2705.6211,1995-01-24,0
5125569,2699.6648,1994-12-14,0
4475111,2673.6384,1994-12-25,0
1973379,2638.0926,1994-12-18,0
1939171,2632.4208,1995-01-08,0
2372101,2626.1136,1995-01-04,0
492930,2602.7352,1995-01-26,0
5353157,2592.341,1994-11-18,0
5690817,2586.603,1994-11-24,0
1861472,2581.1136,1995-02-18,0
4480967,2572.479,1994-11-27,0
5583303,2512.4696,1995-01-22,0
3488353,2480.032,1995-01-02,0
5577860,2464.5512,1994-11-22,0
5465606,2449.5966,1994-12-16,0
1717152,2412.0214,1994-11-30,0
4368645,2408.0364,1995-01-17,0
3210725,2386.3158,1995-03-02,0
487747,2373.594,1995-01-11,0
963973,2369.7984,1994-12-15,0
1018339,2359.1932,1995-03-05,0
2903329,2344.032,1995-01-18,0
5870596,2335.2701,1995-03-05,0
4585124,2287.4152,1995-01-02,0
782119,2262.36,1995-02-04,0
4155714,2258.1356,1995-01-06,0
3934115,2252.25,1995-01-04,0
1086688,2246.199,1995-03-04,0
64038,2239.722,1994-12-28,0
1666626,2204.171,1995-02-25,0
3680737,2186.1658,1995-01-10,0
2452132,2156.6456,1995-03-07,0
2410245,2149.7722,1995-03-03,0
3206599,2113.293,1995-01-10,0
883650,2102.4768,1994-12-04,0
1870627,2097.2176,1995-02-01,0
2489159,2088.868,1994-12-22,0
2516870,2087.5564,1994-11-12,0
4996486,2085.44,1995-02-08,0
2609190,2083.578,1995-01-10,0
5048167,2062.414,1995-02-26,0
3852385,2050.95,1995-02-24,0
3209729,2025.18,1994-12-26,0
4461825,1996.2404,1994-11-28,0
2208614,1981.9602,1994-11-26,0
742087,1944.6207,1995-01-04,0
3484354,1942.0776,1994-12-01,0
94307,1941.282,1995-01-20,0
3046180,1881.9528,1995-01-28,0
228133,1861.7763,1995-02-21,0
1763072,1849.88,1995-01-26,0
5862147,1840.89,1994-12-08,0
164577,1824.567,1995-02-19,0
250598,1821.7318,1995-02-13,0
4991235,1820.7612,1994-12-04,0
2607684,1787.71,1994-11-14,0
391749,1782.672,1994-12-31,0
3342400,1775.5934,1994-12-15,0
4690596,1767.0,1995-02-07,0
1002593,1761.81,1994-11-28,0
130853,1734.3144,1995-01-10,0
1208002,1732.5763,1995-01-17,0
2521219,1720.2344,1994-11-22,0
1366342,1717.505,1995-01-04,0
2627173,1710.6271,1994-12-29,0
3184103,1692.7238,1995-01-07,0
192353,1676.8608,1995-02-08,0
4951266,1658.3675,1995-02-14,0
1575842,1658.019,1994-11-21,0
3973255,1651.0746,1995-01-09,0
5675777,1642.266,1994-11-28,0
2922404,1641.1276,1995-01-06,0
3439905,1620.738,1994-11-27,0
3680195,1620.528,1994-12-16,0
5746402,1619.541,1995-01-13,0
4306080,1606.9117,1995-02-05,0
5162944,1581.61,1994-12-13,0
3566307,1554.6,1995-01-06,0
744323,1550.54,1995-01-21,0
127971,1540.8741,1995-01-07,0
3390950,1532.3238,1994-11-25,0
2741312,1531.7856,1995-02-01,0
5458561,1531.4596,1994-11-10,0
1431008,1528.2708,1994-11-11,0
5509664,1497.49,1995-01-20,0
3721091,1479.52,1995-02-15,0
3057698,1477.4088,1995-01-07,0
2801542,1402.2162,1995-02-03,0
2429063,1383.813,1994-12-03,0
3427237,1374.9492,1994-11-27,0
3601958,1360.656,1994-12-28,0
4716517,1352.9152,1995-01-09,0
671713,1334.32,1994-12-29,0
159171,1332.26,1994-12-03,0
4940516,1322.9865,1995-01-03,0
1092768,1317.087,1995-02-12,0
5602145,1308.821,1994-11-19,0
5928357,1308.195,1995-01-08,0
3655714,1300.3678,1994-12-30,0
2760000,1286.469,1994-12-30,0
5752646,1264.6948,1995-03-01,0
4740096,1255.8441,1995-01-26,0
4902402,1244.3522,1995-01-26,0
2907297,1238.14,1994-12-18,0
3321796,1204.648,1995-01-21,0
3656999,1204.452,1994-12-15,0
2535046,1195.4112,1995-01-27,0
5200161,1173.9297,1994-12-08,0
681414,1168.4148,1995-02-25,0
949024,1168.0837,1995-01-15,0
3897731,1160.1685,1994-12-19,0
3622145,1125.3304,1994-11-12,0
1012066,1111.698,1995-01-25,0
4407012,1104.13,1995-01-12,0
1023046,1073.1266,1994-12-25,0
5996519,1068.9962,1994-12-06,0
2674948,1009.3872,1995-02-05,0
614597,999.036,1995-01-12,0
2013888,994.263,1994-11-15,0
4810887,947.04,1994-12-31,0
617767,901.588,1995-02-17,0
3283971,850.518,1994-12-27,0
