{
  "ablations": {
    "BIC": {
      "deepseek_r1": {
        "bug_success_trials": 76,
        "bugs_any_of_ten": 10,
        "issues": 36,
        "mean_ordinal_score": 1.6194444444444445,
        "rows": 360,
        "versus_default": {
          "bug_any_gained": 4,
          "bug_any_lost": 1,
          "mcnemar_exact_p_unadjusted": 0.375,
          "mean_score_difference_ci95": [
            0.125,
            0.2527777777777777,
            0.3944444444444445
          ],
          "n_issues": 36,
          "wilcoxon_p_unadjusted": 0.0011878015195743465
        }
      },
      "default": {
        "bug_success_trials": 60,
        "bugs_any_of_ten": 7,
        "issues": 36,
        "mean_ordinal_score": 1.3666666666666667,
        "rows": 360
      },
      "diff_only": {
        "bug_success_trials": 66,
        "bugs_any_of_ten": 9,
        "issues": 36,
        "mean_ordinal_score": 1.3611111111111112,
        "rows": 360,
        "versus_default": {
          "bug_any_gained": 2,
          "bug_any_lost": 0,
          "mcnemar_exact_p_unadjusted": 0.5,
          "mean_score_difference_ci95": [
            -0.07777777777777779,
            -0.005555555555555568,
            0.0611111111111111
          ],
          "n_issues": 36,
          "wilcoxon_p_unadjusted": 0.9749414018647237
        }
      },
      "generated_command": {
        "bug_success_trials": 1,
        "bugs_any_of_ten": 1,
        "issues": 14,
        "mean_ordinal_score": 0.8428571428571429,
        "rows": 140,
        "versus_default": {
          "bug_any_gained": 1,
          "bug_any_lost": 4,
          "mcnemar_exact_p_unadjusted": 0.375,
          "mean_score_difference_ci95": [
            -0.9000000000000001,
            -0.45000000000000007,
            -0.05714285714285713
          ],
          "n_issues": 14,
          "wilcoxon_p_unadjusted": 0.12890625
        }
      },
      "gpt4o_mini": {
        "bug_success_trials": 37,
        "bugs_any_of_ten": 6,
        "issues": 36,
        "mean_ordinal_score": 0.9694444444444444,
        "rows": 360,
        "versus_default": {
          "bug_any_gained": 1,
          "bug_any_lost": 2,
          "mcnemar_exact_p_unadjusted": 1.0,
          "mean_score_difference_ci95": [
            -0.6611111111111111,
            -0.39722222222222225,
            -0.17222222222222222
          ],
          "n_issues": 36,
          "wilcoxon_p_unadjusted": 0.0011766591534564182
        }
      },
      "iterations_10": {
        "bug_success_trials": 71,
        "bugs_any_of_ten": 10,
        "issues": 36,
        "mean_ordinal_score": 1.4305555555555556,
        "rows": 360,
        "versus_default": {
          "bug_any_gained": 3,
          "bug_any_lost": 0,
          "mcnemar_exact_p_unadjusted": 0.25,
          "mean_score_difference_ci95": [
            0.027777777777777776,
            0.06388888888888886,
            0.10277777777777776
          ],
          "n_issues": 36,
          "wilcoxon_p_unadjusted": 0.0033474330039512763
        }
      },
      "message_only": {
        "bug_success_trials": 63,
        "bugs_any_of_ten": 7,
        "issues": 36,
        "mean_ordinal_score": 1.4055555555555554,
        "rows": 360,
        "versus_default": {
          "bug_any_gained": 1,
          "bug_any_lost": 1,
          "mcnemar_exact_p_unadjusted": 1.0,
          "mean_score_difference_ci95": [
            -0.052777777777777785,
            0.038888888888888855,
            0.1305555555555555
          ],
          "n_issues": 36,
          "wilcoxon_p_unadjusted": 0.4915477928557076
        }
      },
      "no_feedback": {
        "bug_success_trials": 54,
        "bugs_any_of_ten": 10,
        "issues": 36,
        "mean_ordinal_score": 1.1888888888888889,
        "rows": 360,
        "versus_default": {
          "bug_any_gained": 3,
          "bug_any_lost": 0,
          "mcnemar_exact_p_unadjusted": 0.25,
          "mean_score_difference_ci95": [
            -0.375,
            -0.17777777777777776,
            -0.030555555555555596
          ],
          "n_issues": 36,
          "wilcoxon_p_unadjusted": 0.038088867282607235
        }
      },
      "temperature_1": {
        "bug_success_trials": 68,
        "bugs_any_of_ten": 11,
        "issues": 36,
        "mean_ordinal_score": 1.4333333333333333,
        "rows": 360,
        "versus_default": {
          "bug_any_gained": 4,
          "bug_any_lost": 0,
          "mcnemar_exact_p_unadjusted": 0.125,
          "mean_score_difference_ci95": [
            0.0027777777777777896,
            0.06666666666666667,
            0.14444444444444446
          ],
          "n_issues": 36,
          "wilcoxon_p_unadjusted": 0.05633276618073827
        }
      }
    },
    "FIX": {
      "deepseek_r1": {
        "bug_success_trials": 146,
        "bugs_any_of_ten": 20,
        "issues": 36,
        "mean_ordinal_score": 1.625,
        "rows": 360,
        "versus_default": {
          "bug_any_gained": 8,
          "bug_any_lost": 1,
          "mcnemar_exact_p_unadjusted": 0.0390625,
          "mean_score_difference_ci95": [
            0.13611111111111107,
            0.35555555555555557,
            0.6111111111111112
          ],
          "n_issues": 36,
          "wilcoxon_p_unadjusted": 0.004270692560668066
        }
      },
      "default": {
        "bug_success_trials": 107,
        "bugs_any_of_ten": 13,
        "issues": 36,
        "mean_ordinal_score": 1.2694444444444444,
        "rows": 360
      },
      "diff_only": {
        "bug_success_trials": 70,
        "bugs_any_of_ten": 10,
        "issues": 36,
        "mean_ordinal_score": 1.05,
        "rows": 360,
        "versus_default": {
          "bug_any_gained": 2,
          "bug_any_lost": 5,
          "mcnemar_exact_p_unadjusted": 0.453125,
          "mean_score_difference_ci95": [
            -0.4361111111111111,
            -0.21944444444444444,
            -0.041666666666666664
          ],
          "n_issues": 36,
          "wilcoxon_p_unadjusted": 0.05807683951542602
        }
      },
      "enhanced_message": {
        "bug_success_trials": 144,
        "bugs_any_of_ten": 18,
        "issues": 36,
        "mean_ordinal_score": 1.6472222222222221,
        "rows": 360,
        "versus_message_only": {
          "bug_any_gained": 7,
          "bug_any_lost": 2,
          "mcnemar_exact_p_unadjusted": 0.1796875,
          "mean_score_difference_ci95": [
            0.38965517241379305,
            0.7000000000000001,
            1.0379310344827586
          ],
          "n_issues": 29,
          "wilcoxon_p_unadjusted": 0.00026906773044639706
        }
      },
      "generated_command": {
        "bug_success_trials": 31,
        "bugs_any_of_ten": 4,
        "issues": 14,
        "mean_ordinal_score": 0.9214285714285714,
        "rows": 140,
        "versus_default": {
          "bug_any_gained": 0,
          "bug_any_lost": 2,
          "mcnemar_exact_p_unadjusted": 0.5,
          "mean_score_difference_ci95": [
            -1.0071428571428571,
            -0.5000000000000001,
            -0.0714285714285715
          ],
          "n_issues": 14,
          "wilcoxon_p_unadjusted": 0.078125
        }
      },
      "gpt4o_mini": {
        "bug_success_trials": 78,
        "bugs_any_of_ten": 10,
        "issues": 36,
        "mean_ordinal_score": 1.011111111111111,
        "rows": 360,
        "versus_default": {
          "bug_any_gained": 0,
          "bug_any_lost": 3,
          "mcnemar_exact_p_unadjusted": 0.25,
          "mean_score_difference_ci95": [
            -0.44722222222222224,
            -0.2583333333333333,
            -0.1
          ],
          "n_issues": 36,
          "wilcoxon_p_unadjusted": 0.0038193386977221164
        }
      },
      "iterations_10": {
        "bug_success_trials": 114,
        "bugs_any_of_ten": 16,
        "issues": 36,
        "mean_ordinal_score": 1.3277777777777777,
        "rows": 360,