l_orderkey,revenue,o_orderdate,o_shippriority
4163074,437267.7799,1995-02-13,0
606274,419377.5765,1995-03-14,0
1795109,400019.2316,1995-03-19,0
3778628,399682.3516,1995-02-25,0
2692902,394554.8742,1995-03-06,0
181414,393083.4426,1995-03-08,0
1021283,392471.1909,1995-03-26,0
4178471,390099.4832,1995-02-28,0
4739141,385442.5444,1995-03-07,0
5061152,374988.5369,1995-03-15,0
5235941,373361.7169,1995-03-07,0
3615812,370461.6725,1995-03-15,0
4644967,363105.7356,1995-03-18,0
5795075,361382.7386,1995-03-23,0
1824643,361137.481,1995-03-06,0
5256452,360515.2281,1995-03-26,0
5596261,360378.9964,1995-03-10,0
4126753,359946.7068,1995-03-14,0
1984385,359554.1272,1995-03-26,0
4676933,358893.5971,1995-02-07,0
4910983,358768.2273,1995-03-26,0
988454,356076.9614,1995-03-15,0
2131589,355878.2533,1995-03-23,0
5144003,354690.2268,1995-03-14,0
2621574,354458.0172,1995-03-19,0
923942,353970.5095,1995-03-12,0
683681,350834.267,1995-03-03,0
4496835,349338.4789,1995-03-18,0
1381249,346582.9463,1995-03-16,0
624357,345536.9746,1995-03-23,0
4249856,345432.222,1995-03-10,0
2082630,345283.7596,1995-03-19,0
5907623,344555.1566,1995-03-19,0
4874116,343266.4125,1995-02-26,0
347623,343255.9286,1995-02-28,0
3564901,342375.8599,1995-02-20,0
3926631,341302.5651,1995-03-26,0
4986820,340734.6706,1995-02-12,0
1756000,339193.657,1995-03-13,0
2649445,339092.472,1995-02-15,0
4359937,338341.943,1995-03-14,0
1538913,336590.5854,1995-03-18,0
4406050,336572.0949,1995-03-14,0
1843075,335808.0821,1995-03-17,0
1525796,335190.0047,1995-03-19,0
4732004,334046.6732,1995-02-07,0
5073638,333472.0312,1995-03-13,0
3855237,331220.9558,1995-03-19,0
5072611,331023.8519,1995-02-21,0
5246817,329925.3309,1995-03-15,0
3790660,329912.6484,1995-03-26,0
4828800,329908.9924,1995-03-11,0
940608,327637.0782,1995-02-22,0
2247140,326143.7918,1995-03-21,0
2105600,325458.8299,1995-02-19,0
4769126,325019.1186,1995-01-23,0
3380739,322893.4186,1995-03-15,0
900581,322532.4272,1995-02-25,0
5381478,321989.6408,1995-03-14,0
1683522,319545.0663,1995-03-26,0
2208550,319156.2504,1995-03-22,0
1337668,318973.4533,1995-02-08,0
4873664,318078.4196,1995-03-01,0
5671777,316783.814,1995-03-16,0
2151651,316459.2696,1995-03-15,0
4444899,316079.0634,1995-03-15,0
2617473,314785.8566,1995-03-26,0
2595651,314431.9212,1995-03-25,0
135463,314246.0457,1995-03-11,0
3987651,314018.8759,1995-03-26,0
3760130,313818.5056,1995-03-18,0
2230854,312952.0804,1995-03-01,0
4332833,312768.7714,1995-03-13,0
1757283,312732.9546,1995-02-16,0
3033414,312359.8317,1995-02-24,0
2605156,312236.9696,1995-02-18,0
2452422,311304.6967,1995-02-22,0
5522375,310814.4947,1995-01-13,0
2041607,310372.1961,1995-03-18,0
1334374,310093.2052,1995-03-20,0
4588419,309467.936,1995-03-13,0
2489667,309454.2273,1995-03-26,0
4167617,309273.8557,1995-03-08,0
670401,308515.0772,1995-03-23,0
4402085,308460.3456,1995-03-23,0
1310209,308354.8912,1995-02-23,0
2040007,308131.5297,1995-03-07,0
544579,308110.1997,1995-03-04,0
5501606,308012.3941,1995-01-29,0
3294016,307666.0161,1995-02-16,0
1083905,307589.5636,1995-02-13,0
4162176,307395.5804,1995-03-05,0
5216294,306989.7859,1995-02-25,0
1657254,306932.0782,1995-03-24,0
2807968,305795.6667,1995-03-22,0
161252,305336.2087,1995-02-24,0
5981126,305268.2045,1995-02-13,0
4088256,304475.2698,1995-03-02,0
4553157,304325.7375,1995-03-17,0
1670370,304305.7238,1995-02-26,0
5920897,303312.8947,1995-03-07,0
4534403,303050.3037,1995-03-10,0
3167589,302962.6437,1995-03-11,0
3820324,302557.7631,1995-03-21,0
253728,302465.367,1995-03-26,0
4791171,301143.0909,1995-02-23,0
2677030,301034.9145,1995-03-26,0
2644070,300917.1864,1995-03-07,0
4011108,300542.8392,1995-03-10,0
5415264,299977.012,1995-02-07,0
2334497,299551.5362,1995-03-12,0
1178370,299110.4194,1995-02-22,0
108514,298632.8743,1995-02-20,0
4017440,297902.2731,1995-03-25,0
2795266,297007.1691,1995-03-10,0
4131974,296440.8262,1995-03-15,0
5065349,296182.7441,1995-03-10,0
5306339,296044.7089,1995-03-22,0
244864,295990.0959,1995-03-26,0
410567,295786.7639,1995-03-03,0
453987,295501.0545,1995-03-22,0
325159,295401.2796,1995-03-03,0
2729412,295237.1,1995-03-10,0
4558625,294632.77,1995-02-07,0
2297095,294556.3359,1995-03-20,0
5783558,294273.321,1995-03-21,0
1702657,294222.1349,1995-03-13,0
4501506,293217.2561,1995-02-12,0
5124161,293093.3811,1995-03-08,0
4961696,292828.1844,1995-03-14,0
2319878,292341.3401,1995-03-08,0
679169,291947.8976,1995-02-25,0
3006912,291886.6402,1995-03-12,0
4858084,291719.1155,1995-02-28,0
453858,290960.1078,1995-03-10,0
2894213,290717.3914,1995-03-21,0
3763846,290542.7863,1995-03-16,0
1521731,290253.1085,1995-03-21,0
1653250,289943.0044,1995-03-03,0
3318656,289585.3793,1995-03-24,0
415495,289362.974,1995-03-22,0
1627267,289257.4212,1995-03-19,0
3667654,289230.5102,1995-03-23,0
4083937,288354.5006,1995-03-13,0
5862976,286914.6889,1995-03-17,0
133572,286569.4651,1995-03-25,0
515552,286302.2868,1995-02-17,0
3093504,285994.227,1995-01-02,0
5053767,285993.8996,1995-02-03,0
2151205,285663.2014,1995-03-05,0
1474720,285459.4776,1995-02-20,0
4372992,285165.2166,1995-03-06,0
2773540,285140.545,1995-02-27,0
3354021,284955.6542,1995-02-18,0
1788609,284953.5122,1995-02-12,0
3086242,284372.8996,1995-02-10,0
2330209,283487.8582,1995-03-06,0
5561092,282716.6084,1995-03-14,0
5751971,282600.914,1995-03-22,0
5718758,282107.6625,1995-02-22,0
1122724,281637.6092,1995-03-09,0
3443492,281578.1148,1995-03-23,0
1649860,281255.1178,1995-02-15,0
976483,281019.5894,1995-02-10,0
212102,280538.9253,1995-02-12,0
4134724,280235.8334,1995-03-26,0
1655014,279854.2226,1995-03-24,0
5891555,279375.4029,1995-03-25,0
3296897,279222.6723,1995-03-02,0
882849,279080.3148,1995-02-26,0
1946951,278910.6432,1995-03-19,0
3133091,278615.1674,1995-03-24,0
4965062,278580.7314,1995-01-29,0
2829089,278194.9027,1995-03-18,0
5087394,278071.0042,1995-03-25,0
2542789,277874.5791,1995-03-10,0
1184388,277869.8679,1995-02-01,0
843490,277813.4946,1995-03-08,0
466533,277794.5673,1995-03-24,0
3199746,277668.909,1995-02-21,0
2271684,277546.9584,1994-12-31,0
853541,277331.0886,1995-03-07,0
3400066,276850.0939,1995-03-06,0
223140,276794.7308,1995-03-14,0
1494145,276728.5152,1995-03-13,0
3634176,276619.8519,1995-02-26,0
5266848,276495.1148,1995-02-18,0
1192391,276234.3655,1995-03-25,0
3520130,276037.5036,1995-03-19,0
1142149,276032.1766,1995-03-09,0
4348196,276031.9532,1995-03-17,0
4007331,275899.83,1995-02-03,0
1032357,275833.8459,1995-03-01,0
2781220,275610.1639,1995-03-14,0
5367682,275370.6777,1995-02-25,0
1700997,274941.3965,1995-03-11,0
3870049,274689.7672,1995-02-05,0
926308,274536.0144,1995-03-24,0
5033895,274495.3935,1995-03-23,0
254085,274298.2226,1995-03-07,0
932196,274157.5005,1995-03-19,0
5071142,273883.5543,1995-03-24,0
517253,273658.2393,1995-01-22,0
3741121,273429.8132,1995-02-28,0
2099237,273298.197,1995-02-14,0
4226690,272997.6771,1995-03-25,0
5308775,271890.2932,1995-03-24,0
2141892,271748.8146,1995-02-05,0
332772,271489.5663,1995-01-16,0
3870215,271219.5158,1995-02-15,0
389378,271182.5201,1995-03-25,0
5327425,271068.1472,1995-02-01,0
2782530,271057.5558,1995-03-07,0
4102884,270954.8763,1995-02-16,0
5665283,270831.6516,1995-03-07,0
4460675,270355.0381,1995-03-18,0
1202435,270207.4815,1995-03-14,0
907264,270167.3573,1995-03-16,0
2192003,270100.335,1995-02-01,0
379682,270059.683,1995-03-11,0
4435813,270046.0808,1995-03-25,0
1844678,269964.6166,1995-03-04,0
1530240,269889.078,1995-03-23,0
2880226,269751.3448,1995-02-19,0
2088071,269583.3941,1995-02-09,0
5017889,269485.2228,1995-03-22,0
3528865,269210.1494,1995-03-17,0
1992708,269204.9673,1995-03-25,0
297697,268938.6074,1995-03-19,0
2993026,268704.915,1995-03-20,0
4152774,268686.1314,1995-03-17,0
4885633,268497.003,1995-03-01,0
5279172,268361.5918,1995-03-06,0
1303268,268239.0075,1995-03-23,0
825089,268168.7712,1995-02-01,0
4020579,268137.4203,1995-03-14,0
220960,268035.6622,1995-02-27,0
5492486,267644.9018,1995-03-04,0
2472386,267522.9307,1995-03-03,0
321126,267515.4369,1995-02-28,0
2596033,267342.2652,1995-03-06,0
2666595,267294.2704,1995-02-17,0
4919745,266944.5712,1995-03-19,0
2613286,266445.2048,1995-02-26,0
660068,266401.0623,1995-03-11,0
2192992,266237.312,1995-02-28,0
2194467,266144.3073,1995-03-13,0
550406,266138.9965,1995-03-19,0
4585959,266085.4222,1995-03-13,0
2223808,265861.7409,1995-02-22,0
5220228,265795.2972,1995-03-18,0
645120,265709.2042,1995-03-24,0
2734085,265703.8441,1995-02-13,0
3789638,265586.6826,1995-03-24,0
4244101,265454.1077,1995-02-01,0
5491202,265434.2109,1995-02-26,0
593765,265118.6992,1995-03-01,0
4293415,265032.9325,1995-03-24,0
3762247,264770.2371,1995-03-25,0
1807620,264728.6916,1995-03-11,0
2364864,264600.3612,1995-03-11,0
5298694,264288.3476,1995-03-17,0
2766183,264099.9862,1995-01-15,0
2387490,264019.6371,1995-03-07,0
2222631,263922.0075,1995-03-26,0
842822,263546.0262,1995-03-01,0
3216869,263516.5058,1995-01-26,0
4162982,263502.6363,1995-03-09,0
1441894,263387.5587,1995-03-25,0
2083522,263205.4688,1995-03-10,0
967620,263060.8934,1995-03-18,0
5708000,263048.4886,1995-03-17,0
335205,262887.9666,1995-03-20,0
246146,262828.1397,1995-02-03,0
5028708,262701.7782,1995-03-21,0
5250566,262625.1032,1995-02-17,0
748897,262488.0324,1995-03-14,0
3704930,261838.8493,1995-03-18,0
854272,261603.9176,1995-02-06,0
4714726,261473.3622,1995-03-20,0
3456960,261411.595,1995-03-14,0
1816866,261299.2922,1995-03-06,0
2336708,260818.956,1995-03-22,0
1180774,260712.1674,1995-03-12,0
982465,260576.6831,1995-02-18,0
85606,260341.0,1995-03-25,0
3093025,260318.0722,1995-03-19,0
4329634,260300.0064,1995-03-21,0
654528,260289.9937,1995-03-10,0
2216354,260216.9168,1995-02-28,0
2964320,260213.4136,1995-01-27,0
2868935,260123.362,1995-01-30,0
2712391,260091.2747,1995-03-24,0
3840800,260056.2347,1995-03-25,0
5410401,260042.4906,1995-03-16,0
4792418,260019.8277,1995-03-14,0
301315,259898.9792,1995-02-09,0
925760,259794.765,1995-03-04,0
1170657,259771.4018,1995-03-23,0
1869442,259645.43,1995-03-16,0
5676449,259572.1936,1995-02-17,0
2025443,259417.05,1995-03-22,0
1658949,259222.5432,1995-02-12,0
4736901,259103.2076,1995-03-22,0
5710500,258955.1742,1995-03-15,0
587456,258823.1354,1995-03-19,0
260453,258629.5885,1995-02-06,0
4696385,258588.8448,1995-03-16,0
3374944,258057.9931,1995-02-03,0
1212099,258046.7868,1995-03-06,0
5569188,258026.8877,1995-03-18,0
5680197,258008.9582,1995-02-28,0
2578820,257898.1599,1995-02-26,0
3837063,257778.0787,1995-03-19,0
2711748,257737.7565,1995-02-20,0
4424513,257654.2898,1995-02-16,0
680322,257221.1006,1995-02-09,0
5120067,256954.2241,1995-03-26,0
1245345,256670.8881,1995-03-10,0
5593190,256509.8213,1995-02-23,0
143905,256254.4778,1995-02-21,0
2142596,256238.4259,1995-03-23,0
21956,256158.026,1995-02-02,0
2082336,256045.7387,1995-03-18,0
962118,256028.3385,1995-03-22,0
333446,255918.3698,1995-03-26,0
5558723,255827.5516,1995-03-07,0
4743906,255618.5008,1995-02-03,0
3819398,255554.931,1995-02-22,0
3536551,255551.9766,1995-03-06,0
1361859,255475.5556,1995-02-05,0
5496451,255286.0409,1995-03-24,0
5973443,255098.6678,1995-03-21,0
4135138,255022.1849,1995-03-04,0
750118,254864.1153,1995-03-16,0
3210756,254838.2829,1995-03-18,0
2006400,254749.914,1995-03-25,0
3268546,254607.8964,1995-02-04,0
4229479,254298.4924,1995-02-23,0
4912737,254277.2427,1995-03-16,0
843173,254240.3214,1995-03-15,0
1178180,254119.8628,1995-02-13,0
477284,253998.4705,1995-02-08,0
4670500,253804.8044,1995-03-24,0
251329,253799.0113,1995-03-17,0
5898595,253705.8858,1995-03-16,0
4971169,253563.8051,1995-03-23,0
756643,253479.312,1995-03-26,0
3718049,253297.0706,1995-03-23,0
3978309,252833.1976,1995-03-13,0
605187,252634.859,1995-03-18,0
5548167,252457.6296,1995-03-16,0
4232515,252445.1734,1995-01-21,0
886371,252424.1652,1995-03-22,0
3659713,252397.7838,1995-02-09,0
4959392,252281.0692,1995-03-15,0
4373924,252088.2965,1995-03-23,0
4571942,252022.0626,1995-03-15,0
1150049,251962.2122,1995-02-19,0
1171872,251614.3073,1995-02-15,0
4790048,251442.7964,1995-03-06,0
2538501,251341.0323,1995-02-20,0
5710850,251330.1165,1995-02-17,0
5131430,250759.9354,1995-03-23,0
5898085,250524.0428,1995-03-02,0
4351777,250360.2561,1995-03-02,0
2506694,250231.4044,1995-03-18,0
290342,250188.6715,1995-03-19,0
258787,250143.6044,1995-02-26,0
663590,250118.0667,1995-03-23,0
5810978,250116.4696,1995-02-17,0
2971110,250070.6723,1995-03-01,0
2830307,249897.3092,1995-03-20,0
5433249,249782.2566,1995-03-20,0
4184065,249739.2882,1995-03-09,0
1385158,249290.5194,1995-03-12,0
2780386,249259.83,1995-03-26,0
3917027,249247.7079,1995-01-21,0
4412161,249171.5903,1995-03-14,0
2598721,249115.0996,1995-03-08,0
4137376,249009.7419,1995-02-15,0
3344422,248990.9425,1995-03-12,0
4355943,248944.5341,1995-03-25,0
4591745,248927.746,1995-03-20,0
3552486,248791.5262,1995-03-19,0
1858759,248715.8807,1995-03-03,0
118913,248550.4776,1995-03-24,0
2321537,248474.7873,1995-03-23,0
2100000,248333.0388,1995-03-26,0
4225474,248310.7954,1995-02-26,0
1859138,247934.7707,1995-03-09,0
1560102,247847.3124,1995-03-23,0
1884545,247776.7681,1995-02-22,0
2354244,247725.2286,1995-03-14,0
4328768,247676.3106,1995-03-12,0
4702850,247603.6507,1995-03-16,0
864805,247424.5862,1995-03-23,0
4236000,247420.6238,1995-03-23,0
312035,247209.8679,1995-01-24,0
1141762,247133.4486,1995-03-04,0
2300419,247022.805,1995-03-26,0
1027462,246878.2267,1995-02-25,0
5073891,246672.8326,1995-03-16,0
3542947,246609.5656,1995-02-15,0
582786,246374.9242,1995-01-28,0
5220772,246356.3907,1995-03-15,0
5063846,246335.5266,1995-03-15,0
2928257,246238.7497,1995-03-18,0
3022853,245874.6691,1995-03-25,0
3756775,245367.8576,1995-02-15,0
3807554,245140.8887,1995-03-09,0
3160196,245114.772,1995-02-13,0
5643168,245045.7251,1995-02-18,0
2323651,244925.6449,1995-03-21,0
3525952,244832.5434,1995-03-15,0
5653926,244612.568,1995-02-08,0
1848998,244554.1902,1995-03-22,0
3650149,244549.6554,1995-03-14,0
1408903,244522.4679,1995-03-20,0
1691648,244504.8015,1995-03-23,0
4462176,244244.9112,1995-03-01,0
883555,244043.2518,1995-03-02,0
909124,243970.9332,1995-03-23,0
4516898,243906.7244,1995-03-26,0
5161317,243691.1842,1995-03-23,0
1816391,243310.8168,1995-02-21,0
3018694,243169.2034,1995-01-26,0
1285796,242923.341,1995-03-23,0
2697668,242833.6242,1995-02-23,0
238048,242747.5068,1995-03-05,0
2847045,242727.5955,1995-03-22,0
4089093,242680.0526,1995-03-15,0
2506018,242667.023,1995-03-13,0
5815328,242614.8074,1995-02-01,0
939111,242479.3771,1995-03-15,0
3122113,242456.4499,1995-03-11,0
2810660,242418.8119,1995-03-18,0
4071971,242400.4698,1995-03-03,0
5335303,242375.6501,1995-02-28,0
5283361,242352.4451,1995-03-15,0
3794532,242243.3634,1995-03-09,0
5282562,242187.7738,1995-03-15,0
1275271,242185.2989,1995-03-11,0
422628,242166.3525,1995-03-21,0
2896642,242094.7858,1995-03-19,0
754087,241964.1991,1995-03-18,0
1927269,241809.5923,1995-03-12,0
4321632,241743.58,1995-02-22,0
4356772,241660.4377,1995-03-25,0
5958786,241648.8778,1995-02-23,0
1003680,241364.0526,1995-03-14,0
2755171,241212.9874,1995-03-09,0
3307334,241058.877,1995-03-05,0
3081861,241012.261,1995-03-21,0
4491712,241011.6898,1995-02-01,0
4899269,240957.8908,1995-03-16,0
4667075,240947.0495,1995-03-25,0
1946341,240827.024,1995-02-16,0
5394275,240811.5166,1995-02-21,0
5228034,240594.0898,1995-03-06,0
218663,240581.628,1995-01-22,0
3200162,240563.6713,1995-03-21,0
2685443,240407.1889,1995-03-14,0
3194914,240396.6004,1995-01-30,0
1973767,240335.3476,1995-03-15,0
492448,240302.9542,1995-02-21,0
2257570,240172.8978,1995-02-06,0
4461185,240071.8607,1995-03-24,0
1315299,239940.4738,1995-03-09,0
5325223,239843.4217,1995-02-25,0
2856450,239701.58,1995-01-06,0
4616388,239700.7216,1995-03-11,0
2359718,239558.9847,1995-03-25,0
2951139,239478.4493,1995-02-10,0
3546855,239409.8595,1995-02-22,0
1714976,239399.9439,1995-02-14,0
3586371,239277.6348,1995-02-27,0
2373409,239236.2072,1995-02-28,0
3928103,239113.2232,1995-03-09,0
1561699,239042.1648,1995-03-23,0
5840869,239022.8979,1995-03-18,0
2326464,239013.8926,1995-01-28,0
1135718,238761.7194,1995-03-01,0
2891200,238705.7704,1995-03-05,0
701799,238606.1664,1995-02-28,0
3786914,238371.0562,1995-01-14,0
3131521,238213.202,1995-01-12,0
2574822,238020.4398,1995-03-01,0
5278754,237978.737,1995-03-22,0
2976838,237872.2009,1995-02-20,0
1550727,237871.5372,1995-03-16,0
2536642,237867.8644,1995-03-02,0
766052,237616.686,1995-02-08,0
1115462,237564.4162,1995-02-11,0
2610083,237441.0615,1995-03-22,0
1861185,237418.4451,1995-03-09,0
4025348,237376.5145,1995-02-15,0
2334213,237369.3556,1995-02-22,0
3112832,237112.9489,1995-03-07,0
3148068,236893.0422,1995-03-03,0
5004068,236736.5112,1995-02-24,0
594439,236596.3363,1995-03-12,0
268288,236593.7051,1995-02-28,0
887335,236479.3022,1995-03-26,0
2673954,236346.0668,1995-03-05,0
2430695,236266.1992,1995-03-26,0
3348679,235909.5298,1995-03-20,0
4951843,235884.2261,1995-02-06,0
333858,235867.1764,1995-02-15,0
451523,235745.511,1995-03-18,0
2513991,235739.427,1995-03-09,0
488388,235632.6064,1995-03-25,0
2430694,235559.1391,1995-02-26,0
3822690,235545.8226,1995-03-23,0
3509920,235319.0831,1995-02-28,0
3284386,235255.3404,1995-01-13,0
1071559,235155.7186,1995-03-22,0
5937058,235106.0578,1995-03-04,0
2754470,234961.5596,1995-02-18,0
3466786,234911.551,1995-02-17,0
2052897,234872.0178,1995-02-10,0
2085952,234728.8699,1995-02-11,0
96096,234566.3917,1995-03-06,0
1406690,234518.7665,1995-03-21,0
4429733,234495.9428,1995-03-24,0
2029285,234376.6081,1995-03-24,0
1669440,234364.5902,1995-03-22,0
5818887,234119.5191,1995-03-07,0
1461862,234098.6729,1995-03-24,0
2218178,234064.7185,1995-02-27,0
2215620,234035.0702,1995-01-30,0
3842368,233779.4843,1995-03-24,0
1939493,233732.2536,1995-03-25,0
379366,233699.0851,1995-02-28,0
2731875,233678.0423,1995-03-14,0
3359265,233660.4331,1995-03-12,0
461863,233650.5,1995-03-12,0
4645729,233592.1257,1995-03-17,0
476709,233202.1444,1995-02-04,0
3024738,233190.6131,1995-03-14,0
3572864,233188.9655,1995-02-17,0
4912357,233188.0498,1995-02-25,0
5824423,233160.0059,1995-02-25,0
3154372,233139.789,1995-03-18,0
2672130,233021.3895,1995-02-16,0
3516229,232930.2818,1995-03-17,0
1505511,232717.9364,1995-03-10,0
3491040,232606.3644,1995-02-13,0
2567329,232458.997,1995-03-14,0
1858754,232289.07,1995-03-17,0
5523367,232226.1638,1995-03-20,0
3944547,232170.8422,1995-03-22,0
3852515,232037.1222,1995-02-02,0
3432545,231953.8911,1995-03-02,0
2152610,231933.8586,1995-02-26,0
144134,231773.8483,1995-03-20,0
5127904,231659.3871,1995-03-01,0
5412866,231637.9124,1995-03-10,0
2240769,231550.8608,1995-02-20,0
567495,231506.6369,1995-03-09,0
2614789,231484.4206,1995-01-31,0
2719621,231373.5377,1995-03-18,0
2626630,231217.9835,1995-03-07,0
1801665,231174.1967,1995-02-03,0
3280866,231092.2321,1995-01-25,0
1756192,230926.9989,1995-03-25,0
1377312,230750.769,1995-02-16,0
984999,230655.7183,1995-03-11,0
4241476,230601.5846,1995-03-22,0
329190,230534.4234,1995-03-19,0
5726630,230447.6968,1995-03-17,0
2157030,230414.307,1995-01-23,0
2745764,230326.4668,1994-12-21,0
5212483,230318.6222,1995-02-21,0
3770081,230245.1332,1995-02-21,0
3004800,230109.4326,1995-02-10,0
2690435,230058.4368,1995-02-10,0
2135648,229996.7106,1995-03-02,0
5512070,229866.3937,1995-02-21,0
5020322,229672.7502,1994-12-24,0
2894183,229616.5854,1994-12-24,0
2678819,229566.4922,1995-03-19,0
2835207,229505.8104,1995-03-16,0
333093,229486.2606,1995-03-12,0
161538,229362.5478,1995-03-13,0
384450,229341.6506,1995-01-04,0
3062437,229324.8618,1995-03-17,0
4841280,229287.2272,1995-03-07,0
142950,229088.68,1995-03-09,0
4869286,229078.7021,1995-03-06,0
3917862,229017.4736,1995-03-25,0
3029509,228989.2824,1995-01-17,0
4080257,228905.4372,1995-03-06,0
365188,228889.466,1995-03-02,0
4067427,228885.9972,1995-02-10,0
5504550,228783.443,1995-01-15,0
2133058,228738.5374,1995-03-12,0
781506,228654.6302,1995-01-17,0
5041318,228494.484,1995-03-01,0
1439975,228400.8209,1995-03-09,0
1271364,228358.477,1995-03-24,0
3411301,228260.9324,1995-03-24,0
947237,228245.157,1995-03-18,0
1404769,228197.693,1995-03-25,0
2815203,228083.7387,1995-02-06,0
4029507,228063.7098,1995-01-01,0
3408163,228032.6689,1995-03-21,0
1936131,227897.6507,1995-03-25,0
3514596,227890.303,1995-03-23,0
3808133,227877.919,1995-02-22,0
1656930,227634.0548,1995-03-12,0
1956448,227508.4754,1995-03-19,0
1728864,227428.4204,1995-01-28,0
2554563,227380.6787,1995-03-17,0
3726979,227246.6872,1995-03-08,0
3953222,227210.9606,1995-02-19,0
1337637,227090.7299,1995-03-02,0
604128,227006.341,1995-02-10,0
4170021,226843.9636,1995-03-24,0
5518240,226778.374,1995-02-26,0
1183712,226649.0754,1995-02-16,0
3820577,226604.612,1995-02-06,0
4838048,226575.942,1994-12-21,0
4537024,226543.7932,1995-02-27,0
5961795,226526.4142,1995-03-05,0
3270215,226445.7424,1995-02-25,0
1375584,226435.0038,1995-02-01,0
3911684,226383.9092,1995-03-25,0
759108,226352.2108,1995-02-21,0
3006881,226258.3693,1995-03-02,0
3434662,226145.0457,1995-02-27,0
5848487,226088.7931,1995-03-16,0
1117797,225949.404,1995-03-11,0
3296032,225938.8483,1995-03-22,0
1578279,225595.5013,1995-03-10,0
4302278,225559.2415,1995-03-24,0
5544132,225547.7792,1995-02-13,0
2941893,225436.4739,1995-01-31,0
5349669,225431.1987,1995-03-13,0
4793636,225411.7724,1995-01-29,0
3810050,225350.1696,1995-01-08,0
3268800,225344.672,1995-03-15,0
5727009,225328.1143,1995-01-27,0
1874887,225231.394,1995-02-01,0
2180482,225230.2822,1995-02-06,0
3678950,225194.16,1995-03-25,0
5402563,225127.4176,1995-03-17,0
2784772,225040.4508,1995-03-08,0
2548068,224943.4516,1995-03-08,0
4101030,224807.4032,1995-01-24,0
3476870,224666.8366,1995-01-24,0
4208130,224429.3312,1995-02-11,0
618757,224391.6762,1995-02-26,0
5520674,224303.6741,1995-02-25,0
4496545,224302.8349,1995-03-24,0
1633797,224121.102,1995-02-01,0
2011872,224003.0487,1995-03-17,0
1740804,223989.9414,1995-01-16,0
3677666,223916.087,1995-03-06,0
1802560,223833.5546,1995-02-10,0
5956769,223796.5158,1995-02-22,0
5052451,223699.3334,1995-03-12,0
3955814,223285.7258,1995-03-21,0
1970725,223260.1452,1995-02-11,0
2294016,223197.2077,1995-03-20,0
161957,223096.3542,1995-03-06,0
5950720,223036.3773,1995-02-18,0
3653447,223012.7263,1995-03-04,0
789701,222978.7817,1995-03-25,0
1040163,222969.6538,1995-03-09,0
1911717,222891.6724,1995-02-26,0
5872004,222854.0174,1995-03-18,0
3660994,222834.703,1995-02-07,0
2386918,222608.3796,1995-02-04,0
2785442,222554.1253,1995-03-25,0
683558,222476.9849,1995-02-06,0
4717829,222423.62,1995-02-24,0
3935170,222173.6589,1995-03-03,0
1480134,222164.5792,1995-03-22,0
2488096,222104.1245,1995-02-09,0
534631,222012.7024,1995-03-14,0
1482177,221983.1624,1995-03-05,0
1086116,221982.7242,1995-02-26,0
2364674,221974.9809,1995-01-02,0
4586531,221962.4999,1995-02-02,0
3949796,221941.7944,1995-03-17,0
95590,221859.29,1995-03-01,0
343811,221795.5956,1995-03-18,0
387717,221772.9738,1995-02-14,0
5599075,221716.2066,1995-03-24,0
252965,221632.5591,1995-02-20,0
4234053,221290.847,1995-03-19,0
4718561,221230.4861,1995-03-20,0
3110628,221196.1694,1995-02-14,0
1613699,220923.1009,1995-03-15,0
2004932,220859.0683,1995-03-20,0
682403,220656.0365,1995-02-12,0
4265408,220410.7412,1995-03-20,0
5214723,220376.8512,1995-03-05,0
1919264,220252.8981,1995-02-11,0
2181959,220182.4884,1995-02-04,0
4923623,220113.197,1995-02-20,0
5855043,220068.1208,1995-02-23,0
421349,220057.1579,1995-03-13,0
1940292,220034.2582,1995-03-04,0
2717986,219928.2138,1995-03-23,0
306725,219887.4569,1995-02-17,0
3103362,219845.0153,1995-03-12,0
4180486,219842.3486,1995-01-23,0
2293249,219614.4142,1995-03-20,0
5329639,219435.0825,1995-03-11,0
1974403,219360.309,1995-03-24,0
342534,219349.5868,1995-02-23,0
1270432,219338.7604,1995-03-01,0
1378210,219338.4986,1995-03-21,0
4750018,219235.2604,1995-02-28,0
5011015,219132.1896,1995-01-09,0
2345158,218937.5106,1995-03-06,0
2903974,218719.1665,1995-03-25,0
3576354,218591.6413,1995-02-17,0
3750209,218572.0465,1995-02-12,0
3062020,218554.761,1995-03-13,0
206785,218484.0277,1995-03-15,0
2365953,218325.5498,1995-02-15,0
5313412,218149.1288,1995-01-16,0
5177792,218134.4572,1995-02-14,0
3339365,217990.1645,1995-03-05,0
4281313,217977.4497,1995-02-12,0
5420578,217925.5828,1995-02-13,0
998180,217847.7863,1995-02-10,0
2704801,217744.7697,1995-03-04,0
506944,217570.0613,1995-02-24,0
735875,217565.697,1995-02-10,0
2077504,217487.054,1995-03-05,0
1781344,217457.4286,1995-02-26,0
2976898,217439.4317,1995-03-03,0
4737346,217435.8685,1995-03-05,0
2495491,217346.7655,1995-01-06,0
933669,217226.3966,1995-03-02,0
4299045,217224.977,1995-02-07,0
686180,217185.4764,1995-03-04,0
642692,217092.2256,1995-01-06,0
4475520,217044.0035,1995-03-10,0
2762656,216945.2259,1995-03-17,0
746662,216927.053,1995-02-27,0
2326375,216886.636,1995-03-26,0
451074,216802.3018,1995-02-28,0
5154114,216757.525,1995-03-16,0
1737985,216630.0646,1995-03-06,0
2670784,216604.5207,1995-03-04,0
5048935,216489.942,1995-02-01,0
3962182,216311.3584,1995-01-24,0
5255207,216307.4831,1995-02-20,0
1253639,216268.9318,1995-02-05,0
3916289,216232.6036,1995-02-24,0
1068420,216052.0501,1995-02-15,0
862243,216023.7959,1995-02-25,0
433445,215982.7294,1995-02-22,0
1724033,215769.1715,1995-02-21,0
4655488,215728.3445,1995-02-06,0
3929059,215603.217,1995-02-05,0
5768960,215597.3739,1995-02-11,0
2927776,215594.7998,1995-03-06,0
4636896,215581.369,1995-03-05,0
103943,215424.6156,1995-02-10,0
1299424,215362.9544,1995-02-07,0
1847972,215333.8741,1995-03-01,0
634723,215274.7345,1995-02-09,0
5408801,215133.6322,1995-03-12,0
5283872,215099.5959,1995-01-31,0
1810592,215071.6218,1995-03-26,0
5838593,214961.5321,1995-03-24,0
1761063,214950.9592,1995-02-27,0
4294401,214700.8094,1995-03-18,0
496356,214641.5768,1995-03-13,0
4963654,214561.9911,1995-03-03,0
1411207,214549.9988,1995-03-01,0
3592869,214261.2675,1995-03-07,0
2425668,214206.6925,1995-02-25,0
4498626,214176.1754,1995-03-23,0
2307589,214045.1868,1995-03-02,0
5016740,213936.5432,1995-01-20,0
2387456,213892.181,1995-02-25,0
5140481,213873.0138,1995-03-20,0
3291137,213859.9996,1995-02-19,0
3420130,213634.8672,1995-03-13,0
1551777,213580.9064,1995-03-04,0
783206,213557.8808,1995-03-16,0
2989799,213526.886,1995-03-19,0
4909765,213449.0669,1995-01-15,0
3110981,213342.3912,1995-02-22,0
4203491,213268.438,1995-02-25,0
4633894,213266.4966,1995-02-22,0
2199810,213186.4116,1995-02-27,0
2251136,213169.6776,1995-03-13,0
4130662,213156.7162,1995-03-25,0
2962562,213108.3921,1995-02-21,0
3821316,213065.4658,1995-03-17,0
174112,213048.6696,1995-03-07,0
5609697,213005.745,1995-03-09,0
5158884,212934.9917,1995-03-12,0
4322370,212931.3673,1995-01-31,0
4725702,212885.177,1995-02-18,0
3225862,212871.8703,1995-03-25,0
2140961,212840.9766,1995-02-22,0
1890531,212784.7478,1995-02-24,0
5041889,212769.1654,1995-03-23,0
3505504,212762.573,1995-03-19,0
2806723,212743.0839,1995-03-12,0
3864644,212689.873,1995-03-16,0
2254176,212639.3511,1995-03-13,0
4132391,212492.2156,1995-01-05,0
2155456,212486.2767,1995-03-13,0
2741856,212454.7038,1995-03-23,0
3297027,212364.3256,1995-02-22,0
2419878,212348.5952,1995-01-30,0
2287843,212345.7913,1995-03-23,0
1332036,212315.5075,1995-01-16,0
2181639,212280.0435,1995-03-22,0
2478819,212093.0678,1995-03-08,0
2781347,212006.0994,1995-03-07,0
5427846,211969.2837,1995-01-19,0
2575363,211939.6274,1995-03-05,0
3809408,211868.9486,1995-03-01,0
5995717,211826.2457,1995-03-06,0
1641606,211814.1404,1995-02-25,0
5077057,211783.499,1995-03-26,0
4478307,211483.944,1995-03-10,0
5277282,211467.9053,1995-01-05,0
1965250,211452.9135,1995-03-06,0
5423172,211302.5798,1995-03-09,0
1671907,211236.557,1995-03-25,0
5734210,211137.4836,1995-03-04,0
47204,211091.7723,1995-03-13,0
1071617,211091.46,1995-03-10,0
391141,210987.2238,1995-03-13,0
2136705,210948.81,1995-01-23,0
4931204,210925.8125,1995-01-22,0
4757762,210842.341,1995-01-01,0
1746791,210777.9464,1995-01-21,0
5117347,210693.3856,1995-02-10,0
3062887,210653.5039,1995-02-21,0
5269472,210624.8316,1995-02-01,0
2822246,210595.9074,1995-02-26,0
5075009,210542.6869,1995-02-18,0
4697249,210520.5436,1995-02-12,0
2354528,210500.389,1995-01-29,0
3692389,210384.32,1995-03-22,0
5221637,210329.0081,1995-02-22,0
4299648,210308.6629,1995-03-19,0
4167847,210224.205,1995-03-13,0
1039014,210018.0174,1995-03-06,0
1168865,209997.988,1995-03-25,0
1929606,209955.9658,1995-03-21,0
2462404,209897.6284,1995-03-02,0
5724549,209621.045,1995-01-18,0
3511393,209575.0313,1995-03-21,0
4278437,209568.3915,1995-02-26,0
4715653,209558.9948,1995-03-11,0
1710819,209486.1258,1995-03-04,0
2325120,209436.2475,1995-03-02,0
147302,209386.694,1995-02-12,0
5257216,209376.4816,1995-03-05,0
5668899,209243.982,1995-03-09,0
4283906,208989.7032,1995-03-25,0
2429120,208899.8862,1995-02-17,0
4717728,208864.4309,1995-03-18,0
4881056,208850.8068,1995-03-03,0
5993314,208800.6526,1995-02-04,0
1756228,208686.865,1995-03-09,0
2010563,208542.3526,1995-03-06,0
1028512,208537.6184,1995-02-26,0
4822720,208457.348,1995-01-12,0
4853699,208199.0536,1995-03-13,0
1021793,208157.2811,1995-01-29,0
2581825,208149.0012,1995-03-20,0
3870816,208143.2081,1995-03-05,0
4909026,208115.8223,1995-02-23,0
3767174,208054.7871,1995-03-22,0
1783974,208046.5893,1995-02-16,0
2959936,207985.6482,1995-02-14,0
1583908,207971.9204,1995-02-17,0
5143650,207917.0179,1995-01-19,0
5923588,207891.7038,1995-02-19,0
4941249,207845.5483,1995-03-21,0
1092295,207786.479,1995-01-11,0
4973670,207772.6263,1995-02-15,0
2792423,207705.0966,1995-02-24,0
2960070,207686.8323,1995-02-09,0
5405827,207588.2712,1995-03-22,0
4199266,207551.3528,1995-03-05,0
4120644,207455.6804,1995-03-24,0
1821351,207432.0362,1995-03-17,0
1690405,207406.3766,1995-02-26,0
1658694,207365.7972,1995-03-14,0
3059334,207351.1318,1995-02-01,0
2298918,207331.6443,1995-03-15,0
2716068,207316.8465,1994-12-28,0
239523,207155.2434,1995-03-15,0
4166373,207142.1368,1995-02-05,0
5829313,207053.449,1995-03-20,0
4593568,207028.6976,1995-03-02,0
1974402,206920.5963,1995-03-14,0
1870722,206888.8867,1995-03-06,0
956742,206868.4475,1995-03-24,0
2236515,206794.1873,1995-03-26,0
3841536,206751.416,1995-02-04,0
5367553,206670.7708,1995-02-25,0
2096288,206656.1962,1995-02-20,0
5865317,206507.4361,1995-02-07,0
1087909,206489.9385,1995-03-25,0
4204295,206461.2923,1995-03-20,0
1422245,206447.477,1995-03-13,0
4551493,206276.2076,1995-02-07,0
5826689,206273.8113,1995-02-05,0
2185511,206273.4259,1995-03-17,0
4328647,206217.1089,1995-01-20,0
5227558,206180.1875,1995-03-25,0
5478627,206022.6223,1995-01-09,0
4569284,205891.172,1994-12-31,0
104612,205870.9886,1995-01-10,0
5064162,205825.3812,1995-02-21,0
31046,205813.5192,1995-02-08,0
5298081,205748.5612,1995-02-17,0
71297,205688.2876,1995-02-08,0
5268583,205645.2067,1995-02-25,0
742436,205634.5808,1995-03-18,0
4097286,205574.7223,1995-02-20,0
2083334,205526.9663,1995-03-21,0
5249507,205496.405,1995-02-22,0
3573792,205463.9708,1995-02-18,0
1864674,205438.4912,1995-03-26,0
2910854,205413.975,1995-02-13,0
5885408,205384.9282,1995-03-24,0
1798181,205255.2688,1995-03-25,0
4499845,205152.7363,1995-02-20,0
2274467,205146.5781,1995-03-21,0
2937987,205104.2202,1995-02-23,0
4874112,205096.3043,1995-03-05,0
4534528,205071.8397,1995-02-01,0
3295559,205067.5505,1995-02-17,0
2014087,205002.4403,1995-03-04,0
5975584,204858.9948,1995-01-29,0
3949856,204747.6404,1995-02-18,0
873474,204717.2556,1995-02-22,0
3951746,204576.9074,1995-02-08,0
4675302,204569.5056,1995-03-11,0
1777668,204501.4073,1995-02-15,0
3108480,204398.9672,1995-03-21,0
1918113,204353.0872,1995-03-25,0
3039490,204334.2112,1995-02-10,0
1829734,204291.4894,1995-03-11,0
4645635,204288.8842,1995-03-22,0
5904034,204276.0472,1995-03-24,0
2362595,204218.5179,1995-03-05,0
3805729,204164.5089,1995-02-17,0
5842311,204125.988,1995-03-20,0
2542341,204076.9524,1995-02-27,0
940866,204037.095,1995-03-13,0
4780516,204019.7209,1995-03-25,0
27719,204005.8204,1995-02-14,0
2385029,203991.8995,1995-03-04,0
2693636,203934.91,1995-02-26,0
4207527,203913.4123,1995-03-21,0
1511527,203884.9731,1995-03-20,0
1584544,203771.3532,1995-03-03,0
939332,203755.3442,1995-02-11,0
543041,203695.4,1995-02-06,0
2359489,203672.22,1995-02-06,0
373027,203441.544,1995-03-04,0
1886407,203352.6341,1995-03-07,0
3518501,203330.2188,1995-01-06,0
4566788,203306.4898,1995-02-28,0
5918599,203277.3653,1995-03-06,0
166563,203269.9819,1995-02-27,0
3127457,203239.9152,1995-02-07,0
3755043,203235.8273,1995-01-19,0
4957059,203092.4535,1995-03-04,0
5309058,203092.371,1995-03-24,0
4886979,202993.8296,1995-03-12,0
4066726,202919.4616,1995-02-10,0
3484097,202861.0321,1995-02-18,0
4763815,202859.0975,1995-03-18,0
1762052,202736.9835,1995-02-28,0
5094914,202723.7392,1995-03-05,0
848261,202681.6374,1995-02-12,0
1607461,202634.5076,1995-03-24,0
3947073,202551.7399,1995-03-12,0
1762115,202453.4302,1995-03-15,0
2288101,202416.1956,1995-03-03,0
711046,202378.6958,1995-02-17,0
2423523,202305.1688,1995-03-05,0
3321573,202121.3775,1995-02-18,0
5406048,202084.201,1995-01-19,0
1419685,201980.481,1995-02-09,0
2483104,201939.6725,1995-02-11,0
4573382,201935.839,1995-03-26,0
1895875,201919.7654,1995-02-05,0
4615937,201894.8216,1995-03-17,0
5394467,201890.5369,1995-03-16,0
5987200,201857.4896,1995-01-17,0
653479,201815.0192,1995-03-15,0
4827136,201754.6668,1995-03-05,0
924096,201696.5437,1995-03-21,0
2247751,201681.056,1995-03-24,0
835461,201659.6193,1995-03-21,0
4584578,201558.5246,1995-02-13,0
4171426,201533.6761,1995-03-01,0
4356388,201440.5923,1995-01-28,0
131364,201346.6809,1995-03-19,0
4074176,201341.919,1995-01-30,0
3579492,201257.7509,1995-02-19,0
4822373,201145.1995,1995-02-07,0
1871424,201074.6442,1995-03-24,0
3704384,201052.5449,1995-02-17,0
12868,200931.6395,1995-03-02,0
1830887,200899.0015,1995-02-20,0
1344548,200878.6763,1995-03-05,0
1586213,200814.3206,1995-03-13,0
1504807,200806.2112,1995-01-28,0
3458436,200728.7208,1995-02-21,0
4930118,200721.0696,1995-03-25,0
818624,200714.377,1995-01-30,0
552064,200685.8862,1995-02-28,0
2758112,200673.421,1995-03-19,0
719937,200673.1202,1995-03-09,0
4446339,200585.0327,1995-03-26,0
2242310,200540.6086,1995-03-20,0
2650663,200533.0625,1995-02-20,0
1172643,200524.0353,1995-02-02,0
2757828,200467.5465,1995-03-10,0
5118599,200355.8814,1995-03-15,0
5768516,200175.0706,1995-03-06,0
4442148,200101.5325,1995-02-16,0
2917638,200093.2509,1995-02-20,0
2826466,199990.4755,1995-01-29,0
89381,199904.8846,1995-03-15,0
4848486,199806.1117,1995-01-18,0
5723461,199510.9891,1995-03-03,0
3883105,199405.2452,1995-03-25,0
238308,199375.4463,1995-02-11,0
4109700,199368.8702,1995-02-06,0
1811744,199320.6654,1995-03-23,0
2707041,199240.3913,1995-02-23,0
3669349,199200.0389,1995-02-03,0
1468386,199145.136,1995-03-20,0
3679047,199119.2724,1995-03-17,0
3308263,199115.694,1995-02-19,0
3982272,199010.7157,1995-01-22,0
39878,198962.9115,1995-03-06,0
5419906,198858.2503,1995-02-04,0
1712256,198843.8926,1995-03-10,0
5607425,198795.158,1995-03-03,0
5632610,198787.2012,1995-03-04,0
301986,198663.3714,1995-02-15,0
1495939,198524.9489,1995-02-09,0
5466656,198491.7887,1995-03-22,0
498050,198251.1848,1995-03-25,0
4150150,198176.824,1995-01-03,0
5314179,198148.704,1995-02-05,0
4966087,198136.2571,1995-02-26,0
2033184,197994.8732,1995-02-21,0
5977669,197992.8927,1995-02-14,0
3483045,197915.4543,1995-03-24,0
1998528,197850.2228,1995-02-25,0
4134947,197840.5966,1995-03-07,0
331873,197830.0301,1995-02-18,0
1859271,197747.0195,1995-02-18,0
1551012,197701.6045,1995-02-27,0
4617767,197665.308,1995-03-25,0
4213316,197664.4464,1995-02-10,0
2796646,197636.6856,1995-02-14,0
1192354,197625.8544,1995-02-08,0
1775685,197617.5043,1995-02-24,0
1579494,197585.2696,1995-01-14,0
1186340,197558.9923,1995-03-06,0
4949254,197422.4087,1995-03-07,0
3802375,197304.4198,1995-03-03,0
4212704,197189.325,1995-03-06,0
1845892,197170.7998,1995-03-23,0
446502,197148.813,1995-01-02,0
3107238,197134.2558,1995-02-17,0
4793985,197101.9418,1995-03-16,0
3552352,197044.8812,1995-03-22,0
3501189,197040.2425,1995-01-25,0
3422055,197038.6605,1995-02-05,0
1360294,197025.1527,1995-03-24,0
3814689,196989.6404,1995-02-24,0
3229504,196903.4233,1995-02-20,0
4186439,196896.9948,1995-03-03,0
962529,196859.1599,1995-02-12,0
4284448,196827.6289,1995-03-15,0
1012263,196735.5584,1995-02-16,0
5170374,196627.181,1995-03-14,0
5293859,196614.3648,1995-02-23,0
4714083,196599.5634,1995-03-07,0
4739842,196519.8305,1995-03-03,0
3306982,196393.1198,1995-01-30,0
2054564,196344.525,1995-02-26,0
2398055,196154.0764,1994-12-26,0
2646181,196086.343,1995-03-07,0
1899239,196014.422,1995-03-07,0
1035623,195966.7055,1995-01-28,0
197286,195941.9036,1995-03-21,0
3327206,195936.7072,1995-03-04,0
3434373,195925.3768,1995-02-27,0
1489315,195880.7892,1995-03-21,0
4371942,195863.4442,1995-02-03,0
4155239,195851.1079,1995-01-22,0
3882279,195843.5894,1995-02-13,0
559942,195782.3047,1995-02-14,0
5072998,195779.5292,1995-02-21,0
2564548,195760.8698,1995-03-17,0
2812103,195752.053,1995-01-13,0
3785699,195742.176,1995-03-17,0
3847108,195730.9028,1994-12-28,0
2263206,195690.432,1995-02-19,0
5333539,195607.8928,1995-03-23,0
830528,195533.5989,1995-02-18,0
4917731,195515.3102,1995-01-29,0
5476166,195482.3976,1995-02-14,0
1122949,195474.5824,1995-02-13,0
5532166,195451.9905,1995-02-07,0
3102279,195400.8404,1995-03-05,0
3260640,195399.5315,1995-03-10,0
369699,195308.9976,1995-02-10,0
2253570,195299.7068,1995-01-29,0
1325187,195194.6114,1995-02-14,0
4595941,195124.8305,1995-03-23,0
507872,194966.338,1995-02-17,0
1824582,194899.8844,1995-01-22,0
552257,194864.876,1995-03-07,0
2112450,194864.475,1995-03-16,0
5306882,194785.0126,1995-03-26,0
1079907,194776.251,1995-03-25,0
5710754,194697.5904,1995-03-05,0
1685700,194685.8408,1995-03-08,0
1984388,194629.2168,1995-03-25,0
3909955,194513.9226,1995-03-19,0
4891328,194460.0173,1995-03-06,0
839105,194457.4229,1995-03-03,0
1917765,194291.7623,1995-02-26,0
2257988,194222.4824,1995-03-25,0
2354946,194211.7878,1995-03-26,0
2621888,194190.5436,1995-02-18,0
4854885,194153.536,1995-03-24,0
1146017,194038.4942,1995-02-26,0
3655105,193954.8504,1995-03-11,0
4610336,193942.5292,1995-02-03,0
3388515,193838.5119,1994-12-23,0
3579330,193702.8958,1995-02-11,0
1523713,193602.2534,1995-03-03,0
1353536,193579.1746,1995-02-17,0
3539139,193554.0414,1995-01-14,0
914851,193511.0526,1995-02-20,0
5532582,193464.2453,1995-03-02,0
665858,193455.9564,1995-03-24,0
2240934,193344.3189,1995-03-21,0
2434496,193326.3768,1995-03-02,0
666598,193267.3965,1995-03-09,0
2742242,193199.204,1995-03-10,0
4613954,193198.9078,1995-02-22,0
4464165,193070.1093,1995-02-22,0
4235937,192914.2257,1995-03-04,0
1708769,192908.0163,1995-03-26,0
5818023,192784.83,1995-03-06,0
799905,192780.9304,1995-03-16,0
5862470,192637.3086,1995-02-04,0
5100323,192627.3689,1995-03-05,0
424580,192597.231,1995-02-26,0
4641190,192586.717,1995-01-31,0
5656675,192547.4982,1995-02-25,0
899654,192397.0163,1995-03-02,0
5425216,192387.296,1995-03-25,0
1421539,192263.4171,1995-03-08,0
5084704,192219.7069,1995-03-02,0
1631526,192172.4657,1995-03-12,0
1084708,192165.1817,1995-01-15,0
315367,192124.3214,1995-03-26,0
5631905,192059.8435,1995-03-19,0
5511204,191943.084,1995-02-21,0
3907205,191931.3756,1995-01-25,0
5244131,191925.1574,1995-02-28,0
5813667,191895.0029,1995-03-23,0
5293601,191882.912,1995-02-07,0
4918372,191863.3485,1995-03-15,0
1500356,191798.1669,1995-02-21,0
3093280,191724.2525,1995-02-19,0
2120421,191718.5012,1995-03-23,0
2797348,191651.3944,1995-02-26,0
4916196,191605.2006,1995-02-02,0
5644966,191569.0325,1995-02-05,0
4505191,191531.5713,1995-03-17,0
2089541,191475.0153,1995-02-15,0
2471204,191450.8542,1995-03-12,0
5460359,191408.3448,1995-02-26,0
4624421,191399.3911,1995-01-28,0
2967398,191389.5568,1995-03-19,0
5110145,191316.8682,1995-01-19,0
3088135,191280.3526,1995-03-24,0
1321987,191245.355,1995-03-09,0
5826854,191205.5248,1995-03-04,0
4162048,191094.2541,1995-02-23,0
5513285,191082.2872,1995-03-24,0
3392772,191020.4956,1995-03-06,0
1245315,191014.415,1995-02-26,0
1287813,190930.446,1995-01-30,0
2524736,190877.3105,1995-03-04,0
4987233,190805.9405,1995-01-25,0
3716417,190727.1957,1995-03-02,0
2404545,190671.4659,1995-02-09,0
3043171,190591.1264,1995-03-16,0
2966502,190560.5366,1995-02-05,0
5230913,190483.9077,1995-02-06,0
2857476,190311.2031,1995-02-14,0
3950434,190295.3626,1995-02-11,0
842726,190263.5266,1995-03-16,0
4073766,190246.8872,1995-03-06,0
3147521,190243.057,1995-02-12,0
3771619,190132.8437,1995-03-25,0
3897191,190131.4732,1995-01-27,0
3593189,190102.8844,1995-03-09,0
195430,190023.3944,1995-03-26,0
5697344,189923.2748,1994-12-18,0
783168,189901.5452,1995-03-13,0
5236773,189863.1453,1995-02-22,0
5580519,189720.2126,1995-03-16,0
2089282,189710.6253,1995-03-12,0
3984096,189701.3816,1994-12-21,0
64993,189678.4005,1995-03-22,0
896229,189622.8768,1995-03-11,0
4840260,189568.3804,1995-02-10,0
3441123,189541.421,1995-03-17,0
2070368,189499.687,1995-03-08,0
2749125,189487.5332,1995-02-22,0
3450214,189476.3071,1995-03-10,0
3897092,189457.4459,1995-03-15,0
3532134,189414.9934,1995-02-06,0
5142819,189343.9757,1995-02-03,0
3595621,189294.0848,1995-03-18,0
3826784,189235.3316,1995-03-13,0
2009254,189128.5139,1995-01-14,0
2239239,189128.2155,1995-01-10,0
3130176,189113.3702,1995-03-26,0
1875431,189083.012,1995-03-09,0
2868644,188997.1958,1995-03-13,0
3400227,188840.6298,1995-02-13,0
2425797,188834.3386,1995-01-23,0
808897,188817.2895,1995-03-02,0
873472,188782.7503,1995-02-10,0
521762,188773.9869,1995-03-22,0
972294,188713.9131,1995-03-19,0
5067651,188705.4343,1995-03-25,0
4407041,188695.5551,1995-03-19,0
1291559,188521.0744,1995-03-13,0
2323683,188489.8434,1995-03-14,0
3377184,188464.2098,1995-03-21,0
3429382,188458.3813,1995-03-16,0
5797603,188457.8322,1995-03-26,0
2442659,188415.41,1995-03-25,0
4025376,188372.1445,1995-03-04,0
4634560,188305.5545,1995-01-29,0
5530629,188304.848,1995-02-11,0
2265410,188233.9442,1995-01-15,0
2449127,188206.2288,1995-02-16,0
5104736,188132.5055,1995-03-03,0
1193828,188083.6404,1995-03-09,0
5534466,188065.586,1995-02-04,0
1560992,188035.6868,1995-01-13,0
4184614,187982.1022,1995-03-05,0
1506567,187939.9586,1995-03-08,0
5116486,187931.2246,1995-03-26,0
810432,187837.814,1995-02-22,0
2082883,187797.8549,1995-02-16,0
152546,187796.6349,1995-03-19,0
4579395,187793.9191,1995-02-15,0
4423328,187792.2245,1995-01-19,0
3119973,187780.9112,1995-03-02,0
4692967,187779.2412,1995-03-01,0
1676099,187768.5311,1995-03-09,0
3490083,187636.916,1995-01-11,0
3721251,187567.2332,1995-02-14,0
2942114,187561.6383,1995-03-16,0
863654,187500.8383,1995-01-16,0
5739459,187450.6664,1995-01-25,0
989411,187433.9306,1995-03-11,0
828548,187394.2786,1995-03-06,0
749761,187370.8832,1995-03-11,0
5297030,187349.326,1995-02-15,0
4576804,187197.6632,1995-03-14,0
2210050,187027.4242,1995-03-26,0
4065216,186851.5895,1995-03-07,0
3272327,186831.9754,1995-02-27,0
3826023,186799.5765,1995-03-26,0
5438660,186723.3004,1995-03-16,0
1403104,186586.571,1995-03-23,0
1430341,186492.8049,1995-02-27,0
2590944,186320.127,1995-03-07,0
1582560,186261.9094,1995-03-05,0
1285987,186250.6698,1995-03-04,0
4034721,186154.7157,1995-02-12,0
2761408,186093.9276,1995-02-21,0
709827,186079.3536,1995-03-23,0
214051,186013.4456,1995-02-17,0
4103424,185901.611,1995-02-14,0
5332195,185846.594,1995-03-06,0
4363361,185834.4283,1995-03-16,0
733794,185821.8291,1995-02-16,0
2381926,185809.2885,1995-01-31,0
3809444,185807.549,1995-02-27,0
3611078,185770.6044,1995-02-10,0
3116611,185719.9159,1995-02-22,0
5952678,185683.1315,1995-03-23,0
287938,185625.0122,1995-02-26,0
121154,185555.2093,1995-02-08,0
4794886,185514.7822,1995-02-09,0
1669409,185506.9672,1995-02-25,0
3953985,185454.3882,1995-01-14,0
5781351,185435.1208,1995-02-27,0
207494,185391.2892,1995-03-10,0
1754593,185390.8524,1995-01-25,0
5018593,185188.0326,1995-03-05,0
936005,185145.5169,1995-03-22,0
2532705,184907.8515,1995-03-20,0
5539619,184892.9555,1995-02-15,0
3657702,184880.0729,1995-01-19,0
2408035,184873.7564,1995-03-06,0
1198980,184848.7175,1995-03-03,0
3508801,184835.3525,1995-03-21,0
5076199,184806.2752,1994-12-17,0
3901735,184756.6767,1995-03-17,0
713346,184729.137,1995-02-09,0
2402692,184676.2115,1995-01-13,0
1594690,184633.3383,1995-03-10,0
1621123,184525.7446,1995-03-19,0
2717282,184522.1831,1995-03-26,0
1907333,184495.0974,1995-03-09,0
4207589,184455.629,1995-03-08,0
648289,184455.2142,1995-03-18,0
3488800,184342.5698,1995-01-26,0
5627495,184340.0473,1995-03-25,0
1089412,184268.0946,1995-02-19,0
3867776,184194.8855,1995-02-16,0
4388385,184176.3731,1995-02-10,0
3131943,184169.71,1995-03-26,0
4204999,184052.396,1995-01-26,0
3106535,184029.4838,1995-02-18,0
89761,184021.1982,1995-03-22,0
3276995,183994.1656,1995-01-24,0
1938176,183949.591,1995-03-02,0
1373703,183906.5743,1995-02-19,0
275173,183880.5348,1995-02-18,0
1625888,183872.7343,1995-01-14,0
4891140,183871.8083,1995-03-12,0
5922465,183860.7539,1995-01-26,0
2937187,183810.4288,1995-02-19,0
1507585,183805.4528,1995-03-13,0
5289827,183789.7814,1995-03-17,0
3802181,183783.3532,1995-02-10,0
4463360,183782.8568,1995-03-20,0
289506,183731.8837,1995-02-18,0
1957184,183696.8189,1995-03-17,0
744356,183626.0514,1995-02-02,0
3238403,183579.001,1995-03-12,0
316386,183520.797,1995-01-23,0
5182087,183498.3441,1995-03-20,0
5094625,183322.108,1995-03-04,0
441925,183303.7432,1995-03-18,0
1818849,183302.0752,1995-03-16,0
1613732,183278.995,1995-01-26,0
2120000,183230.6967,1995-01-14,0
26304,183192.9088,1995-03-20,0
170240,183037.906,1995-03-10,0
3704833,182969.8258,1995-02-20,0
1759780,182963.8401,1995-03-04,0
3306979,182961.3193,1995-03-16,0
4099136,182938.658,1995-02-25,0
1194113,182920.6155,1995-03-13,0
1798436,182897.8264,1995-02-10,0
1129952,182886.3997,1995-02-14,0
4384071,182801.1315,1995-02-11,0
98594,182796.9322,1995-01-30,0
4550915,182790.9843,1995-02-14,0
1904390,182662.7658,1995-02-05,0
2371491,182641.8438,1995-01-22,0
3832103,182641.6371,1995-03-01,0
5881415,182630.3983,1995-01-08,0
1762885,182623.0914,1995-03-06,0
2104071,182614.8108,1995-01-21,0
4715553,182590.188,1995-01-11,0
305828,182546.1526,1995-03-18,0
1569764,182534.8663,1995-03-10,0
3794114,182437.1578,1995-03-23,0
2830915,182404.0623,1995-03-21,0
3771361,182322.4675,1995-03-17,0
49921,182244.3576,1995-02-18,0
462180,182184.4756,1995-01-08,0
1461063,182145.0679,1995-02-09,0
2828451,182032.3148,1995-03-06,0
1196256,182018.9155,1995-02-08,0
1361060,182017.541,1995-01-19,0
2876386,181944.0986,1995-03-10,0
2604290,181908.7662,1995-02-26,0
3345732,181865.2922,1995-01-09,0
3643843,181822.8042,1995-02-26,0
5204291,181755.5739,1995-03-15,0
4853923,181749.4467,1995-01-05,0
2701798,181740.0685,1995-02-26,0
5693926,181720.352,1995-03-04,0
1604966,181703.4319,1995-03-13,0
477415,181669.5006,1995-02-28,0
346470,181648.3834,1995-02-07,0
4749441,181583.8374,1995-03-19,0
527783,181534.6984,1995-03-20,0
771462,181496.2594,1995-02-18,0
408356,181490.3173,1995-02-13,0
4699623,181378.0533,1995-02-21,0
996416,181358.2909,1995-01-25,0
2900646,181333.106,1995-03-23,0
2967874,181269.6925,1995-02-14,0
1371271,181249.0077,1995-03-02,0
5259553,181211.9744,1995-03-25,0
2338311,181204.9962,1995-01-31,0
5748099,181117.8291,1995-03-26,0
3594017,181062.0338,1995-03-19,0
5245729,181040.4422,1995-02-11,0
2305410,181006.0717,1994-12-26,0
2965348,180897.0195,1995-03-09,0
5926145,180893.0519,1995-02-04,0
4678561,180840.9561,1995-03-01,0
242049,180820.6469,1995-03-04,0
2687813,180760.3301,1995-03-03,0
301829,180710.7451,1995-03-07,0
2981028,180701.9418,1995-02-28,0
3472485,180566.0806,1994-12-29,0
1798304,180533.9116,1995-01-27,0
5112675,180423.6545,1995-02-26,0
2435489,180340.8144,1995-01-19,0
471331,180320.6598,1995-01-20,0
1212100,180244.7583,1995-03-07,0
3628352,180232.8792,1995-02-25,0
5689382,180225.2436,1995-01-01,0
3718917,180184.5505,1995-01-29,0
3680293,180099.7732,1995-03-12,0
3721954,180097.5853,1995-03-08,0
3122757,180091.6076,1995-02-23,0
2268615,180081.6276,1995-02-20,0
4044357,180045.9999,1995-03-12,0
2882082,180028.3757,1995-03-11,0
4109510,180023.0032,1995-03-10,0
1122948,179993.8793,1995-02-01,0
4725792,179974.1931,1995-01-24,0
755140,179926.7087,1995-01-24,0
5566183,179870.317,1995-02-10,0
4973988,179793.927,1995-02-05,0
1135555,179685.0771,1995-01-24,0
5649062,179661.5685,1995-03-03,0
5076385,179654.4,1995-02-24,0
4347201,179612.0995,1995-03-21,0
847143,179563.8179,1995-03-26,0
1270375,179561.8522,1995-03-05,0
5240738,179538.2075,1995-03-24,0
4550629,179533.8164,1995-03-09,0
1059264,179425.4333,1995-03-16,0
5328133,179425.2074,1995-03-26,0
1680517,179424.391,1995-02-19,0
1287875,179419.9695,1995-01-20,0
1956710,179333.313,1995-02-28,0
2505793,179301.8916,1995-03-02,0
4403811,179278.0342,1995-01-26,0
3360032,179251.7853,1995-03-01,0
3302951,179189.7528,1995-03-09,0
3093159,179155.1136,1995-03-02,0
5550145,179062.7413,1995-02-04,0
3848935,178995.4551,1995-03-21,0
1942816,178911.5553,1995-02-05,0
2311682,178840.2686,1995-03-23,0
2893441,178838.626,1995-02-02,0
3367523,178836.0349,1995-03-02,0
2588995,178758.2688,1995-03-22,0
4055136,178752.3336,1995-02-20,0
297958,178713.0955,1995-03-25,0
4746403,178692.6199,1995-01-31,0
814594,178639.0304,1995-01-31,0
808963,178542.4654,1995-02-17,0
358055,178496.5158,1995-02-21,0
4715427,178485.5807,1995-03-22,0
5309702,178460.2563,1995-03-12,0
4679170,178404.9396,1995-02-20,0
3560517,178377.4774,1995-03-10,0
2526535,178275.4234,1995-02-22,0
173443,178261.9953,1995-03-17,0
1363428,178245.907,1995-03-23,0
1015265,178244.2487,1995-02-24,0
3774627,178240.718,1995-03-05,0
1107428,178194.7674,1995-03-21,0
3081732,178150.3048,1995-01-05,0
5976164,178041.1356,1995-01-29,0
2892741,178004.9138,1995-03-15,0
5983302,177991.1237,1995-03-24,0
208194,177960.6737,1995-03-22,0
3051077,177942.4479,1995-03-03,0
3812513,177922.234,1995-02-23,0
1171813,177913.9656,1995-01-22,0
1255589,177901.5759,1995-02-09,0
5988320,177901.5125,1995-02-21,0
1911622,177845.0894,1995-01-30,0
4755488,177808.0035,1994-12-27,0
375234,177806.2254,1995-01-25,0
2950407,177779.9681,1995-03-05,0
1795751,177727.7966,1995-03-06,0
1769632,177718.5112,1995-02-23,0
3849799,177493.7471,1995-02-22,0
3348290,177479.4306,1995-03-13,0
2629765,177449.7297,1995-02-09,0
913889,177448.636,1995-03-21,0
4929607,177416.255,1995-02-26,0
3873316,177234.4798,1995-03-12,0
3714343,177146.2865,1995-01-29,0
4411652,177115.9661,1995-02-18,0
2307619,177114.6974,1995-02-15,0
4857605,177084.0473,1995-03-23,0
3099171,177057.9138,1995-02-21,0
4324069,176930.4793,1995-02-27,0
3073317,176791.855,1995-02-10,0
723653,176759.4624,1995-02-03,0
3255172,176745.585,1995-01-29,0
3547266,176680.6582,1995-03-22,0
1194146,176642.3417,1995-02-13,0
935394,176590.5491,1995-01-13,0
1787362,176554.4587,1995-01-09,0
4200613,176529.9716,1995-03-11,0
2211105,176488.7818,1995-03-09,0
5488483,176446.0207,1995-02-14,0
1221348,176421.7694,1995-02-16,0
1423009,176383.7148,1995-01-10,0
495170,176349.3426,1995-02-03,0
2752836,176323.5569,1995-03-22,0
1208771,176307.6657,1995-02-02,0
2516961,176294.6577,1995-03-01,0
1198338,176246.828,1995-03-10,0
3391494,176229.5636,1994-12-30,0
3014820,176214.4805,1995-02-09,0
3338497,176205.2106,1995-02-24,0
4036517,176192.6894,1995-02-26,0
439043,176153.4223,1995-03-08,0
543171,175879.2228,1995-02-23,0
951171,175836.2796,1995-03-11,0
2118818,175785.8311,1995-03-11,0
1303616,175773.0942,1995-03-03,0
2207077,175772.1916,1995-02-28,0
969252,175767.4823,1995-03-08,0
4323648,175760.7822,1995-01-22,0
4743456,175756.14,1995-01-05,0
5746369,175750.6544,1995-02-09,0
5796455,175747.79,1995-01-22,0
1121024,175714.9464,1995-03-20,0
505093,175625.0897,1995-03-05,0
1913094,175586.2638,1995-03-04,0
2601509,175556.7576,1995-03-11,0
4630501,175537.116,1995-03-17,0
2312512,175523.2426,1995-02-14,0
464709,175512.7192,1995-02-22,0
5621088,175474.596,1995-02-01,0
648325,175463.5509,1995-03-24,0
32965,175421.0396,1995-02-25,0
5798118,175354.5639,1995-03-02,0
165286,175292.6111,1995-02-08,0
263361,175254.8222,1995-03-04,0
279072,175112.2998,1995-03-15,0
798727,174948.0288,1995-03-18,0
2058021,174872.3787,1995-03-14,0
4478311,174843.9362,1995-03-26,0
4120384,174841.832,1995-03-15,0
1113063,174832.5034,1995-02-10,0
480451,174829.5415,1995-01-16,0
4104709,174829.4166,1995-03-17,0
5060615,174786.9419,1995-01-28,0
5003490,174698.2548,1995-01-20,0
5128102,174682.76,1995-03-24,0
3021959,174676.3112,1995-01-31,0
30981,174644.241,1995-02-16,0
826341,174592.2941,1995-02-18,0
5600195,174563.663,1995-03-01,0
220004,174535.1591,1995-01-19,0
4073957,174493.8046,1995-03-26,0
3764903,174476.5991,1994-12-23,0
5478722,174426.5292,1995-01-28,0
1353476,174393.5554,1995-02-26,0
3790177,174344.2002,1995-02-22,0
102950,174295.517,1995-02-23,0
5611617,174283.4616,1995-03-23,0
1930594,174189.6811,1995-02-18,0
1212773,174146.1536,1995-03-02,0
3433795,174138.3979,1995-02-04,0
5077383,174057.2308,1995-03-08,0
4653158,174054.1397,1995-03-12,0
5622596,174042.7056,1995-03-14,0
457411,174025.381,1995-02-09,0
3990343,174012.7934,1995-03-09,0
5369411,173989.9753,1995-03-21,0
3504967,173956.4155,1995-01-06,0
3382112,173868.0148,1995-03-25,0
5763009,173847.9888,1995-01-26,0
212836,173817.4924,1995-03-10,0
3637156,173805.8393,1995-03-01,0
202405,173768.559,1995-02-10,0
2847655,173749.1553,1995-03-13,0
5043013,173432.9797,1995-01-28,0
3274336,173381.8504,1995-02-19,0
1254756,173295.5376,1995-03-18,0
830912,173263.1252,1995-03-18,0
1469954,173166.147,1995-01-08,0
4169287,173142.5818,1995-02-25,0
1765287,173099.1036,1995-03-08,0
2228419,173079.4088,1995-01-16,0
3851841,173012.1295,1995-02-17,0
4574503,172993.6716,1995-02-02,0
1116577,172981.5341,1995-02-06,0
1312484,172917.1479,1995-01-14,0
366757,172882.2796,1995-03-11,0
2623940,172857.4056,1995-02-22,0
5264039,172778.6577,1995-03-06,0
96291,172725.52,1995-03-24,0
5402470,172675.934,1995-03-15,0
3324834,172673.9093,1995-01-17,0
3918115,172662.3869,1995-03-23,0
2595492,172617.2907,1995-02-14,0
632994,172606.6614,1995-03-20,0
4196258,172576.7886,1995-03-11,0
3754880,172534.5137,1995-03-01,0
3625600,172526.3532,1995-01-05,0
2857186,172479.0234,1995-03-16,0
950023,172439.2972,1995-01-02,0
3384359,172432.1548,1994-12-22,0
2036261,172401.1182,1995-03-16,0
1918821,172328.8076,1995-02-16,0
3829414,172311.1133,1995-03-07,0
1057543,172276.7788,1995-02-15,0
5521700,172275.269,1995-03-14,0
4714855,172207.1335,1995-01-21,0
2826437,172192.5751,1995-03-17,0
4748196,172115.6394,1995-02-27,0
2723136,172026.4764,1995-03-26,0
4010881,172023.5974,1995-03-20,0
1782502,172016.7912,1995-03-13,0
5987043,172009.5071,1995-03-01,0
93382,171999.5653,1995-01-21,0
2276673,171745.5965,1995-03-01,0
2078048,171676.8815,1995-03-18,0
3349826,171631.1417,1994-12-25,0
2107649,171613.426,1994-12-23,0
452231,171500.8977,1995-01-12,0
343813,171316.6908,1995-02-17,0
2872769,171267.6813,1995-02-08,0
5067936,171173.0555,1995-02-28,0
3217569,171156.3296,1995-02-23,0
127713,171133.9819,1995-03-15,0
2781415,171133.0505,1995-03-18,0
3492261,171092.8072,1995-03-23,0
695780,171069.9071,1995-03-13,0
2829571,170966.3325,1995-03-24,0
2359621,170886.6852,1995-03-20,0
3495719,170885.6151,1995-03-10,0
4549248,170882.1212,1995-02-20,0
835330,170863.5876,1995-02-16,0
5479015,170847.4639,1995-03-10,0
5846279,170824.6488,1995-01-11,0
4457154,170752.0234,1995-03-21,0
1923749,170705.1803,1995-03-13,0
2957797,170670.8143,1995-02-20,0
2149763,170668.2787,1995-02-03,0
1923203,170654.8236,1995-02-20,0
2711269,170598.3436,1995-03-12,0
676834,170591.3688,1995-01-24,0
2594945,170581.1512,1995-02-21,0
2003811,170525.6748,1995-03-05,0
5593505,170513.2745,1995-03-25,0
2453633,170493.9604,1995-03-05,0
254147,170471.3194,1995-03-14,0
1449568,170418.2917,1995-03-12,0
5347360,170397.7336,1995-02-22,0
757958,170395.992,1995-01-29,0
959814,170358.5088,1995-01-26,0
3027554,170352.324,1995-02-12,0
756512,170334.2153,1995-03-02,0
4936229,170306.0966,1995-03-18,0
1105477,170151.5648,1995-02-18,0
5672483,170083.3692,1995-03-11,0
787522,170024.1432,1995-02-09,0
5232544,170008.668,1995-02-02,0
5453218,169975.3614,1995-03-17,0
2979907,169952.0525,1995-03-16,0
2287494,169952.0092,1995-02-23,0
4569601,169905.8852,1995-03-15,0
2404416,169878.8368,1995-03-04,0
1066439,169834.8374,1995-03-14,0
3547744,169758.6009,1995-03-03,0
2124995,169678.1177,1995-02-13,0
2838853,169637.9008,1995-02-21,0
1649440,169627.0425,1995-03-13,0
5514434,169532.3382,1995-03-20,0
5169090,169503.2942,1995-03-08,0
3377088,169450.0864,1995-03-20,0
2053056,169398.4313,1995-03-02,0
2247779,169392.114,1995-01-28,0
2510820,169359.7078,1995-02-07,0
987170,169335.2708,1995-01-30,0
1508421,169304.13,1995-01-16,0
5085382,169293.9274,1995-03-05,0
543616,169232.3729,1995-03-13,0
1687429,169196.2574,1994-12-31,0
4434567,169189.4568,1995-01-26,0
1826912,169169.4478,1995-03-01,0
4826311,169127.9798,1995-03-06,0
4941088,169083.3708,1995-02-27,0
5130144,169062.4208,1994-12-31,0
5557381,168937.8096,1995-01-18,0
4442436,168827.9615,1995-01-20,0
640448,168822.2859,1995-03-21,0
756357,168733.3745,1995-02-18,0
658912,168683.0444,1995-02-03,0
1505412,168681.0776,1995-02-13,0
433924,168643.8944,1995-03-20,0
4517479,168633.7322,1995-03-12,0
574434,168446.4378,1995-01-19,0
2429953,168399.0119,1995-03-18,0
2293509,168379.2775,1995-01-25,0
5433120,168326.272,1995-02-13,0
151072,168261.6497,1995-03-18,0
2699937,168240.0567,1995-02-17,0
1575719,168116.0634,1995-01-31,0
3538951,168084.9736,1995-01-17,0
1727013,168063.6658,1995-03-14,0
5775459,168045.5884,1995-01-22,0
2984263,168032.3886,1995-02-09,0
1293221,168031.1055,1995-03-24,0
5752897,167995.106,1995-03-22,0
3401825,167963.4324,1995-01-31,0
2330470,167937.014,1995-03-24,0
3297861,167933.613,1995-02-12,0
4174053,167910.1974,1995-03-17,0
975331,167861.697,1995-03-07,0
5080768,167816.9331,1995-02-20,0
2164262,167776.735,1995-02-09,0
294215,167738.3068,1995-02-08,0
5035815,167715.1804,1995-01-10,0
2916962,167707.0238,1995-03-20,0
1118433,167691.3642,1995-03-08,0
1914693,167666.2061,1995-01-09,0
754821,167605.3638,1995-02-17,0
5971808,167581.007,1995-02-06,0
4178247,167570.2731,1995-03-12,0
2942978,167563.8195,1995-03-04,0
625696,167556.8467,1995-03-14,0
5260740,167547.3744,1995-02-15,0
4556356,167488.9801,1995-02-11,0
4740933,167446.0007,1995-02-21,0
3678695,167388.2152,1995-03-16,0
18688,167384.4344,1995-03-06,0
2482979,167361.1102,1995-03-20,0
1281921,167331.784,1995-03-14,0
4420964,167328.5244,1995-01-31,0
3008134,167328.1543,1995-03-12,0
3046913,167188.8193,1995-01-11,0
4979232,167172.6006,1995-03-10,0
4063552,167137.7324,1995-01-24,0
1546850,167127.0282,1995-01-28,0
571393,167109.9438,1995-02-22,0
4198599,167099.4642,1995-02-01,0
269760,167060.7248,1995-03-09,0
984164,166953.6807,1995-03-18,0
2941701,166928.7455,1995-02-21,0
2610692,166920.3998,1995-02-10,0
452519,166890.7088,1995-02-02,0
4209252,166804.6724,1995-02-26,0
5686055,166787.3852,1995-02-04,0
5808899,166773.1351,1995-02-04,0
1245381,166723.5954,1995-03-02,0
1563460,166680.7149,1995-01-05,0
1194946,166514.8655,1995-02-09,0
1573253,166504.5392,1995-02-22,0
2105091,166440.6543,1995-01-31,0
2471589,166434.5383,1995-03-01,0
5138596,166407.7014,1995-03-06,0
2609158,166397.2142,1995-03-21,0
3024259,166385.8204,1994-12-30,0
2757829,166359.9812,1995-02-19,0
2560419,166302.4435,1995-02-17,0
5604096,166283.2554,1995-02-10,0
4991427,166252.557,1995-02-13,0
3349350,166238.8323,1995-03-26,0
1953059,166165.6318,1995-02-02,0
2414855,166162.5111,1995-02-24,0
4579620,166159.281,1995-01-16,0
83333,166136.6828,1995-02-05,0
3164898,166113.4897,1995-02-09,0
1712836,166020.4954,1995-01-29,0
3362338,166012.316,1995-03-01,0
4340131,165957.6005,1995-01-23,0
3116962,165952.7426,1995-02-26,0
4840259,165936.883,1995-03-26,0
5089539,165779.1556,1995-03-05,0
2440517,165763.263,1995-02-01,0
4800582,165735.0388,1995-02-17,0
2638022,165710.502,1995-01-13,0
2321382,165573.5544,1995-01-26,0
698849,165555.5408,1995-03-01,0
5480100,165516.3906,1995-03-08,0
3991428,165477.7172,1995-02-17,0
3952708,165426.8376,1995-02-16,0
1232358,165354.8553,1995-01-27,0
2239684,165336.3805,1995-02-09,0
4956487,165294.46,1995-02-20,0
236416,165273.3312,1995-02-20,0
4857957,165260.4613,1995-03-05,0
1678721,165248.2224,1995-02-20,0
3896163,165152.2865,1995-02-25,0
3232161,165127.6831,1995-02-23,0
435047,165094.518,1995-01-22,0
2584131,165074.2905,1995-03-14,0
5091877,165052.8865,1995-03-24,0
4745765,165046.8753,1995-01-30,0
1814501,165018.0224,1995-03-23,0
4717250,165015.306,1995-01-04,0
167744,164925.4787,1995-01-14,0
5715489,164857.3324,1995-02-03,0
5959969,164848.5117,1995-02-05,0
4703877,164821.0555,1995-02-21,0
4067906,164777.5462,1995-02-28,0
4225031,164749.2274,1995-03-13,0
4277989,164738.1336,1995-02-12,0
3389958,164691.2876,1995-02-26,0
3192423,164675.9058,1995-03-04,0
126050,164633.0884,1995-03-24,0
5537447,164620.6368,1995-03-25,0
4601671,164586.0976,1995-01-22,0
1183265,164577.1904,1995-03-05,0
1143078,164562.753,1995-03-16,0
497575,164510.0862,1995-01-03,0
3015495,164405.2987,1995-02-17,0
810147,164398.3996,1995-02-21,0
1001063,164336.5154,1995-03-10,0
2974209,164297.5962,1995-03-25,0
2279206,164276.5296,1995-03-26,0
1538849,164237.1771,1995-03-16,0
1225701,164211.6272,1995-02-04,0
5230852,164201.4497,1995-02-16,0
3186656,164191.1448,1995-03-21,0
5714053,164158.901,1995-03-26,0
5795040,164132.6268,1995-02-17,0
4646272,164131.1311,1995-03-25,0
2710151,164124.5293,1995-01-18,0
5769767,164093.2012,1995-03-06,0
5727810,164052.3214,1995-01-31,0
4383939,163937.4217,1995-03-09,0
740294,163921.3862,1995-03-09,0
3402758,163906.2836,1995-02-08,0
3914850,163865.275,1995-03-22,0
3043463,163786.6411,1995-03-02,0
1729379,163769.484,1995-02-28,0
4751462,163707.6404,1995-02-14,0
2006438,163695.3424,1995-03-14,0
3788867,163672.6622,1995-02-04,0
2242343,163657.8944,1995-02-01,0
1235137,163616.0775,1995-02-05,0
5076583,163542.0083,1995-03-16,0
3898721,163462.5773,1995-02-16,0
4328134,163303.3381,1995-02-21,0
2720229,163284.5808,1995-02-16,0
5460320,163258.6266,1995-02-27,0
703139,163219.7499,1995-02-20,0
291042,163202.6269,1995-02-26,0
3717956,163202.328,1995-03-25,0
1633859,163096.3944,1995-01-24,0
503745,162935.027,1995-02-10,0
4412069,162924.094,1995-02-10,0
3862947,162914.0223,1995-03-21,0
695557,162838.2456,1995-03-11,0
1011395,162730.7906,1995-03-14,0
3203232,162683.652,1995-01-31,0
4706023,162563.8812,1995-03-17,0
3335847,162528.5868,1995-03-22,0
2633988,162461.984,1995-03-17,0
5204869,162359.511,1995-02-16,0
3956032,162357.2069,1995-02-23,0
2318337,162224.8724,1995-02-17,0
5573985,162165.1915,1995-03-03,0
153735,162144.8839,1995-02-12,0
377190,162111.5887,1995-03-23,0
1319619,162022.0483,1995-03-11,0
4253953,162018.6304,1995-01-19,0
4661280,161938.0214,1995-02-18,0
4791206,161932.5118,1995-03-03,0
1723911,161871.4818,1995-02-22,0
1076259,161828.2136,1995-03-19,0
2622534,161819.0298,1995-01-04,0
2130819,161816.3508,1995-03-05,0
4108899,161804.9029,1995-01-30,0
3997894,161759.6916,1995-03-02,0
303264,161646.688,1995-02-13,0
273248,161601.7482,1995-03-21,0
2279108,161556.9193,1995-03-21,0
912100,161513.046,1995-01-29,0
223846,161470.328,1995-03-05,0
484678,161460.6964,1995-03-01,0
3630855,161450.5326,1995-02-06,0
3590400,161446.7487,1995-02-16,0
5730756,161391.2242,1995-02-24,0
5727874,161369.0598,1995-02-06,0
5250177,161363.8993,1995-02-22,0
770274,161348.4756,1995-02-13,0
4798818,161293.2494,1995-03-20,0
4545507,161284.3356,1995-02-19,0
3318308,161275.3733,1995-03-07,0
4189858,161222.831,1995-03-07,0
1619526,161174.9076,1995-03-05,0
4040358,161162.8212,1995-03-13,0
2180801,161114.187,1995-03-11,0
4901862,161058.3406,1995-03-04,0
3995684,161033.0618,1995-01-07,0
1190945,161022.9375,1995-01-27,0
3753984,161020.9475,1995-02-24,0
151809,161019.6712,1995-03-19,0
3064133,160995.519,1995-03-10,0
4623489,160977.4634,1995-02-27,0
4476992,160976.2296,1995-03-07,0
4743619,160943.676,1995-01-04,0
5945793,160886.3406,1995-03-04,0
5348997,160883.4892,1995-01-27,0
4636192,160877.4582,1995-02-17,0
1472391,160786.6879,1995-01-23,0
4825605,160739.7987,1995-02-08,0
4314304,160738.7572,1995-02-05,0
5052384,160707.244,1995-02-10,0
3497639,160617.3038,1995-03-21,0
4143783,160583.4986,1995-03-09,0
74915,160566.4125,1995-02-13,0
5546919,160527.0512,1995-03-07,0
925504,160512.5689,1995-03-13,0
3735172,160444.8958,1995-03-05,0
1070400,160428.0636,1995-03-08,0
5182690,160423.2935,1995-03-03,0
302977,160409.2794,1995-03-21,0
5133026,160388.5669,1995-03-26,0
632194,160321.505,1995-02-13,0
2285095,160290.7706,1995-02-08,0
726304,160286.4396,1995-02-03,0
5627140,160245.2049,1995-03-03,0
4664481,160203.9628,1995-02-20,0
3745859,160186.1992,1995-01-18,0
1184545,160156.9704,1995-02-01,0
4683207,160151.4492,1995-02-24,0
4020519,160149.7262,1995-02-11,0
3548902,160134.9866,1995-02-07,0
3881955,160033.301,1995-02-18,0
4614182,160024.9286,1995-02-28,0
3974563,160012.835,1995-03-14,0
4151906,159971.908,1995-03-08,0
3169829,159940.245,1995-03-02,0
553476,159879.7174,1995-03-03,0
73153,159818.4003,1995-03-01,0
3653287,159796.2262,1995-03-11,0
3407109,159775.8466,1995-03-24,0
5721824,159668.4804,1995-01-18,0
1673889,159570.3277,1995-02-14,0
1758501,159565.956,1995-03-18,0
18820,159565.3245,1995-02-12,0
3229122,159538.8696,1995-01-21,0
5029639,159474.6421,1995-03-11,0
2480002,159472.6829,1994-12-26,0
2614375,159431.766,1995-02-08,0
1927622,159400.3436,1995-03-13,0
1004135,159388.4306,1995-02-11,0
2808482,159385.2563,1995-03-11,0
3056260,159350.2047,1994-12-21,0
5292836,159334.727,1995-02-10,0
5993062,159334.6942,1995-03-04,0
1464581,159276.6684,1995-02-21,0
5295136,159227.7846,1995-02-11,0
784132,159211.0974,1995-02-10,0
3554791,159113.351,1995-03-07,0
2505191,158988.4093,1995-03-01,0
4655235,158971.3887,1995-02-23,0
3360737,158945.6971,1995-03-10,0
3779744,158927.5333,1995-03-02,0
2598949,158905.2055,1995-02-17,0
169124,158899.0626,1995-03-08,0
3419904,158893.3948,1995-03-19,0
5187172,158885.9981,1995-02-18,0
2072324,158864.328,1995-03-20,0
2990246,158803.7628,1995-03-23,0
798726,158785.5075,1995-01-31,0
159847,158751.7952,1995-02-21,0
4778947,158735.1837,1995-02-02,0
3052386,158734.9136,1995-02-11,0
4836546,158723.5804,1995-02-12,0
569991,158689.053,1995-03-20,0
3859265,158624.0997,1995-03-13,0
4000995,158614.394,1995-01-12,0
5169123,158608.9232,1995-03-23,0
31747,158579.532,1995-02-03,0
2221505,158552.4202,1995-01-16,0
4758211,158544.6185,1995-02-12,0
745959,158531.7398,1995-02-04,0
5464262,158519.8361,1995-02-15,0
656932,158500.9932,1995-03-15,0
2643110,158472.5868,1995-03-10,0
1275015,158465.4336,1995-01-31,0
1916899,158447.8472,1995-01-28,0
2049089,158330.4571,1995-03-12,0
5094496,158313.3884,1995-02-14,0
908227,158265.8599,1995-02-23,0
5023140,158263.2012,1995-01-27,0
4092229,158260.79,1995-02-10,0
5193316,158254.9588,1995-02-22,0
4241827,158242.4495,1995-02-23,0
2854657,158178.0542,1995-03-08,0
3198496,158158.3002,1995-03-06,0
3387686,158110.5064,1994-12-31,0
1235461,158106.6184,1995-02-15,0
5922756,158100.1178,1995-02-07,0
1093315,158083.255,1995-01-23,0
5357729,158054.8383,1995-02-15,0
5205089,158025.3391,1995-03-03,0
4427235,158011.0446,1995-03-04,0
4188422,157995.8765,1995-03-23,0
2377761,157989.9976,1995-02-21,0
3192550,157956.2511,1995-03-03,0
2859430,157909.499,1995-02-02,0
1374240,157822.794,1995-01-08,0
5538949,157586.206,1995-03-11,0
3669991,157577.1869,1995-03-20,0
3731684,157570.9833,1995-03-08,0
3654273,157558.3212,1995-01-22,0
4808069,157461.2677,1995-03-12,0
4359493,157414.6318,1995-01-11,0
2765830,157405.5899,1995-03-26,0
3111009,157404.2698,1995-02-15,0
1190502,157369.7376,1995-03-11,0
2694215,157368.695,1994-12-14,0
1663777,157293.5666,1995-01-09,0
5052935,157254.6692,1995-03-17,0
591141,157252.2317,1995-01-30,0
4254946,157241.9185,1995-03-09,0
4900833,157223.9914,1995-01-16,0
817698,157222.5288,1995-03-10,0
1146723,157204.0178,1995-03-15,0
1156194,157166.6716,1995-02-24,0
840228,157135.1272,1995-03-21,0
1363783,157101.6051,1995-03-16,0
143620,157037.0148,1995-03-02,0
2778468,156981.2202,1995-03-21,0
3450659,156964.0526,1995-03-08,0
4939041,156958.8503,1995-03-05,0
2443426,156900.5295,1995-02-13,0
4937634,156896.9325,1995-01-03,0
322658,156848.8028,1995-01-22,0
4750721,156782.6475,1995-01-17,0
4957026,156712.2608,1994-12-26,0
384039,156676.7437,1995-02-09,0
2075654,156668.9764,1995-01-16,0
1328962,156660.5744,1995-01-31,0
4262753,156655.2129,1995-02-24,0
5123365,156612.4242,1995-03-05,0
5030597,156563.6372,1995-03-24,0
622435,156558.6016,1995-03-12,0
1512577,156555.9372,1995-02-26,0
2331975,156537.0408,1995-02-01,0
2965414,156535.4948,1995-03-21,0
5601474,156470.3423,1995-03-14,0
1963685,156337.619,1995-02-27,0
2286720,156313.6377,1995-03-02,0
1591139,156290.257,1995-02-12,0
69413,156163.5152,1995-03-24,0
3745410,156138.2558,1995-02-16,0
2704902,156137.3584,1995-03-09,0
1285251,156103.687,1995-03-18,0
2321831,156089.206,1994-12-24,0
639334,156065.9526,1995-01-23,0
5667009,156029.6708,1995-02-06,0
4188003,155949.4237,1995-02-01,0
836999,155943.4698,1995-03-18,0
2445986,155866.8748,1995-03-03,0
4208770,155859.0674,1995-02-17,0
1018948,155836.7573,1995-03-21,0
2584674,155829.9978,1995-02-18,0
5776609,155768.2856,1995-03-06,0
1924706,155753.9373,1995-01-24,0
4507175,155734.848,1995-03-14,0
5790820,155696.2391,1995-02-03,0
4496932,155662.1278,1995-01-20,0
4620420,155659.2904,1995-02-14,0
384580,155652.1481,1995-02-21,0
2243297,155638.8256,1995-01-18,0
298951,155633.1448,1995-02-26,0
3308486,155572.8792,1995-01-10,0
4609797,155560.8516,1995-03-14,0
2607398,155541.6156,1995-02-15,0
1139525,155487.4778,1995-03-17,0
4404293,155458.4328,1995-02-09,0
180388,155374.1448,1995-01-06,0
3814944,155363.104,1995-02-22,0
3217474,155348.0766,1995-02-04,0
1104740,155325.0488,1995-02-04,0
4304643,155285.9194,1995-02-19,0
5215847,155263.02,1995-01-31,0
3111618,155239.0983,1995-02-02,0
701090,155193.4044,1995-03-24,0
2140608,155106.005,1995-03-05,0
3125028,155090.4261,1995-01-18,0
1473058,155074.1776,1995-01-21,0
4242529,155061.4706,1995-03-05,0
3312192,154998.0444,1995-03-26,0
1683456,154923.9722,1995-02-04,0
1837953,154918.7424,1995-03-25,0
813472,154906.2353,1995-01-23,0
592327,154797.441,1995-03-16,0
4836833,154779.857,1995-01-09,0
3171809,154773.9668,1995-03-11,0
1063648,154773.0973,1995-02-06,0
5775525,154744.0948,1995-03-01,0
4301028,154652.9596,1995-02-23,0
5309412,154626.0728,1995-03-02,0
1633985,154610.6796,1995-03-21,0
194631,154601.5044,1995-03-18,0
3666021,154562.4772,1995-03-11,0
42081,154561.7279,1995-01-11,0
3497415,154546.1832,1995-01-29,0
1422176,154542.7807,1994-12-26,0
2335780,154486.5858,1994-12-31,0
5375104,154465.7895,1995-03-19,0
5421957,154463.1168,1995-02-25,0
3853476,154408.366,1995-03-15,0
3353509,154378.084,1995-02-15,0
1112096,154332.2664,1995-01-26,0
1488327,154325.2707,1995-02-25,0
5547462,154310.8304,1995-01-10,0
4896994,154298.2358,1995-02-09,0
3882085,154133.1595,1995-02-16,0
137799,154125.564,1995-01-24,0
133287,154087.7895,1995-03-08,0
5188386,154077.668,1995-03-04,0
1274565,154074.3924,1995-03-24,0
4253956,154026.6244,1995-03-02,0
3919621,154016.514,1995-03-06,0
2273826,153989.5454,1995-02-09,0
3171970,153981.4594,1995-02-04,0
5385351,153944.7648,1995-01-20,0
5137632,153911.2776,1995-01-11,0
5661318,153821.3495,1995-02-24,0
2146497,153787.5117,1995-01-09,0
4623111,153787.5104,1995-01-30,0
2936870,153731.2058,1995-02-13,0
2999013,153720.6554,1995-02-25,0
156295,153690.6623,1995-02-18,0
4283010,153685.5488,1995-01-10,0
1250759,153669.5562,1995-02-20,0
652229,153657.0924,1995-03-14,0
2291171,153653.9112,1995-02-13,0
4899174,153626.3508,1995-01-30,0
4378976,153596.583,1994-12-16,0
331046,153547.3131,1995-02-12,0
1411587,153535.8447,1995-03-02,0
4413191,153534.6103,1995-03-06,0
1575203,153514.239,1994-12-31,0
4458438,153498.1326,1995-01-19,0
5440613,153486.2168,1995-03-16,0
3380549,153437.9822,1995-01-03,0
3268192,153425.61,1995-02-19,0
2749478,153419.7329,1995-02-11,0
4953382,153391.6872,1995-03-21,0
1411,153337.4076,1994-12-21,0
1215107,153296.3939,1995-02-03,0
731493,153198.4227,1995-01-04,0
1262018,153178.6279,1995-03-18,0
2619077,153153.4476,1995-02-22,0
5649186,153141.9098,1995-02-07,0
1368578,153117.9856,1995-03-16,0
5255937,153088.532,1995-03-22,0
2830661,153057.6492,1994-12-17,0
613637,153038.8468,1995-03-05,0
5187745,153011.1796,1995-03-25,0
4403424,153005.9893,1995-02-08,0
812034,152995.814,1995-03-06,0
2981760,152995.4062,1995-03-07,0
1555461,152950.2294,1995-03-01,0
5977799,152921.633,1995-03-25,0
3982914,152898.7777,1995-01-08,0
664103,152869.0207,1995-01-17,0
614177,152856.2832,1995-02-13,0
1899585,152845.3134,1995-01-23,0
5229990,152788.2992,1995-03-20,0
901664,152776.1786,1995-02-10,0
1013890,152773.3102,1995-03-18,0
3390054,152759.013,1995-02-28,0
4279620,152737.2242,1995-03-20,0
5017057,152692.189,1995-03-01,0
1496738,152674.786,1995-03-05,0
5606947,152666.664,1995-03-15,0
133730,152624.4102,1995-03-06,0
810016,152609.5308,1995-02-07,0
2387239,152531.8718,1995-03-21,0
5284835,152481.6653,1995-03-11,0
3146596,152475.9841,1995-03-26,0
2932740,152446.5068,1995-02-25,0
4269798,152363.411,1995-01-31,0
3535395,152363.2153,1995-02-28,0
2829024,152326.1392,1995-02-20,0
3828963,152276.7371,1995-03-08,0
4486912,152252.7605,1995-03-25,0
1298529,152215.4217,1995-03-17,0
3543558,152199.2704,1995-02-28,0
604258,152193.769,1995-03-24,0
1369984,152113.7607,1995-02-21,0
5862273,152112.3094,1995-01-13,0
3657893,152088.4135,1995-02-28,0
1881188,152083.9077,1995-02-05,0
2196065,152071.4026,1995-02-09,0
5737478,152049.7596,1995-03-20,0
3644135,152046.6905,1995-03-14,0
1970149,152038.952,1995-03-02,0
1744931,151933.5648,1995-01-02,0
395523,151892.0667,1995-01-30,0
3232416,151854.4589,1995-03-06,0
416709,151821.6072,1995-02-17,0
5593986,151767.169,1995-03-06,0
3069379,151719.1149,1995-03-13,0
4007781,151604.3752,1995-02-08,0
474151,151582.755,1994-12-23,0
2709028,151582.5458,1995-01-07,0
4094914,151496.3181,1995-02-15,0
5109664,151453.1241,1995-03-01,0
262786,151449.2425,1995-02-23,0
5887172,151431.8211,1995-01-26,0
4139590,151396.9336,1995-02-25,0
5410530,151393.5578,1995-01-01,0
3624902,151383.4113,1995-02-14,0
696737,151383.118,1995-01-29,0
2651655,151315.774,1995-01-10,0
29056,151281.341,1994-12-13,0
5342660,151252.4567,1995-03-19,0
3782019,151241.4039,1995-01-13,0
1158087,151227.7172,1995-03-07,0
4871584,151221.8939,1995-03-24,0
1756386,151189.2876,1995-02-09,0
3593637,151175.2604,1995-01-19,0
2927111,151161.78,1995-03-23,0
121792,151149.5071,1995-03-25,0
2092740,151147.4232,1995-02-22,0
2321794,151117.4956,1995-02-01,0
3316577,151109.2868,1995-01-12,0
762916,151099.9664,1995-02-11,0
1790468,151086.6924,1995-01-08,0
818086,151065.2937,1995-02-20,0
4203142,151047.069,1995-02-09,0
806819,151015.6036,1995-01-31,0
1641253,151000.732,1995-03-07,0
4545056,150997.3891,1995-02-21,0
4387782,150926.4832,1995-03-05,0
1325287,150893.9945,1995-03-07,0
2527014,150887.83,1995-03-15,0
3713123,150852.875,1995-01-14,0
980933,150845.662,1995-02-28,0
5563847,150840.1254,1995-01-29,0
5673509,150774.038,1995-02-25,0
3517253,150747.7832,1995-01-31,0
760388,150739.36,1995-01-26,0
4975744,150694.545,1995-02-09,0
1737894,150682.828,1995-02-27,0
3620576,150676.1766,1995-01-09,0
5114755,150646.485,1995-03-04,0
1475266,150622.4982,1995-01-17,0
4749668,150612.978,1995-02-16,0
2106049,150606.268,1995-02-11,0
2795973,150557.8017,1995-03-07,0
5720131,150547.9526,1995-03-18,0
4441156,150513.7651,1995-02-18,0
5516291,150466.1488,1995-02-07,0
5939076,150464.7662,1995-02-15,0
3886855,150452.7298,1995-03-25,0
1964161,150390.6438,1995-02-22,0
3317348,150370.3914,1995-01-05,0
5785383,150309.8822,1995-03-25,0
664931,150304.4012,1995-02-19,0
2175876,150278.2825,1995-02-21,0
2373793,150212.9604,1995-01-11,0
5463396,150169.8441,1995-01-25,0
890978,150130.0084,1995-03-26,0
3496230,150124.5834,1995-03-26,0
4766627,150121.1546,1995-01-31,0
2510051,150117.9257,1995-01-09,0
2984070,150048.888,1995-03-13,0
1764898,150008.5936,1995-03-17,0
3480544,150004.1361,1995-02-11,0
5334243,149919.352,1995-01-17,0
3626341,149897.1794,1995-02-09,0
2795909,149883.2321,1995-02-16,0
3723744,149882.7232,1995-02-26,0
3468038,149864.5995,1995-02-27,0
3868487,149823.772,1995-03-09,0
3596449,149775.6708,1995-01-10,0
3720005,149759.8522,1995-01-31,0
4082978,149753.0708,1995-02-04,0
726530,149741.3406,1995-03-11,0
5273189,149729.428,1995-02-21,0
4044515,149663.011,1995-02-04,0
5085159,149662.1119,1995-03-15,0
1629730,149634.203,1995-02-26,0
4008743,149587.5241,1995-03-12,0
3989985,149516.4268,1995-02-15,0
4292902,149495.843,1995-02-09,0
1808800,149461.7031,1995-01-04,0
2288932,149441.3481,1995-03-16,0
881476,149427.035,1995-03-01,0
5355970,149324.7628,1995-02-11,0
4307751,149304.9146,1995-01-30,0
2787012,149282.3924,1995-03-16,0
4873859,149266.869,1995-01-21,0
2650115,149263.8566,1995-02-01,0
4847298,149250.788,1995-02-12,0
2805285,149195.7117,1995-02-21,0
624614,149193.8083,1995-03-25,0
3212774,149151.4386,1995-02-11,0
2388355,149118.4396,1995-03-01,0
1788800,149075.4135,1995-02-19,0
4452069,149049.7206,1995-03-20,0
5399079,149008.5824,1995-02-24,0
5914786,148993.5474,1995-03-19,0
4589568,148985.989,1995-03-03,0
5904932,148961.55,1995-03-06,0
2384768,148938.3745,1995-02-28,0
3724838,148862.0554,1995-02-25,0
2499367,148858.9576,1995-02-23,0
1972484,148853.1951,1995-03-12,0
3231937,148849.515,1995-01-21,0
5046051,148806.126,1995-03-07,0
2927552,148799.754,1995-02-03,0
4992934,148779.8984,1995-03-10,0
115555,148777.772,1995-02-18,0
4699655,148742.4045,1995-03-07,0
1539971,148732.8684,1994-12-09,0
4044258,148710.5211,1995-03-16,0
1268772,148704.8517,1995-02-18,0
1509059,148689.428,1995-02-07,0
931077,148687.1541,1995-03-10,0
2570561,148602.5122,1995-02-26,0
1197506,148569.0748,1995-03-01,0
694080,148542.4633,1995-03-17,0
3823650,148524.0354,1995-01-27,0
2238657,148508.4257,1995-01-25,0
2809539,148488.6839,1995-02-03,0
1003043,148471.9828,1995-02-18,0
3749827,148467.3999,1995-03-21,0
5370083,148456.0441,1995-02-02,0
5748389,148421.8702,1995-03-12,0
2602470,148393.8684,1995-02-08,0
2000262,148388.3804,1995-01-28,0
1812705,148387.454,1995-02-16,0
3070980,148375.6044,1995-03-14,0
466374,148347.7978,1995-01-18,0
5623811,148343.9864,1995-03-16,0
942784,148342.2923,1995-02-17,0
2228933,148305.1699,1995-03-19,0
4431909,148268.4266,1995-01-23,0
2908928,148170.662,1995-03-01,0
1379555,148131.912,1995-03-11,0
1259778,148116.726,1995-02-07,0
5719559,148108.2124,1994-12-31,0
3989665,148071.9012,1995-01-20,0
3687878,148065.428,1995-03-26,0
1197670,148009.2551,1995-03-12,0
3746785,147973.4237,1995-03-22,0
4819076,147968.8966,1995-01-30,0
5554820,147899.9124,1995-01-31,0
3590374,147879.743,1995-03-18,0
957447,147867.8523,1995-03-02,0
5660711,147842.582,1995-02-21,0
4705283,147748.2057,1995-03-18,0
5311106,147722.6084,1995-02-27,0
3832483,147707.2153,1995-02-08,0
5683011,147670.7865,1995-02-18,0
4003840,147670.541,1995-03-12,0
5615622,147599.164,1995-03-24,0
5121316,147589.0647,1995-03-20,0
806055,147576.6516,1995-02-16,0
1970919,147572.3862,1995-02-14,0
1566727,147560.614,1995-01-07,0
4420674,147500.2722,1995-01-14,0
3103623,147492.5102,1995-02-24,0
3444736,147451.2159,1995-03-13,0
529574,147435.5935,1994-12-26,0
385856,147434.4135,1995-01-29,0
4445703,147319.9598,1995-01-18,0
5784834,147305.6891,1995-02-13,0
5796707,147303.7403,1995-03-21,0
2724452,147274.9447,1995-02-21,0
5692707,147259.0592,1995-01-31,0
4088550,147223.5159,1995-02-27,0
5766821,147211.456,1995-02-17,0
1281187,147200.9948,1995-02-26,0
5645735,147180.235,1995-02-07,0
1610370,147164.0438,1995-01-28,0
5290343,147158.0013,1995-02-01,0
2458851,147064.684,1994-12-28,0
4561537,147036.847,1995-03-08,0
815143,147018.9164,1995-03-16,0
5767300,147018.3968,1995-02-23,0
5960838,146992.221,1995-02-13,0
811584,146952.872,1995-03-13,0
3764710,146903.299,1994-12-18,0
4215046,146851.6074,1995-01-30,0
4708836,146833.8626,1995-02-04,0
476932,146828.4888,1995-02-18,0
5368962,146816.7103,1995-02-01,0
867527,146799.1861,1995-02-21,0
3527362,146798.6775,1995-02-17,0
3534406,146791.0932,1995-03-01,0
2937186,146738.1862,1995-03-06,0
1188385,146659.6514,1995-01-26,0
5080322,146644.1832,1995-03-06,0
1142593,146587.0166,1995-01-27,0
342628,146531.975,1995-03-09,0
2952866,146475.8188,1995-03-26,0
833766,146451.6328,1995-03-10,0
3452423,146442.275,1995-02-08,0
3370336,146397.401,1995-03-10,0
1903462,146300.0316,1995-03-21,0
1968931,146230.9694,1995-03-17,0
3896576,146116.3578,1995-02-21,0
975621,146109.2852,1995-03-14,0
3178118,146069.1256,1995-02-28,0
1108131,146061.5447,1995-01-31,0
2490210,146050.6265,1995-03-16,0
929568,145990.5663,1995-03-22,0
238405,145946.1153,1995-03-25,0
836198,145938.2948,1995-02-06,0
3573507,145898.6948,1995-02-01,0
4078052,145882.8886,1995-02-26,0
1295941,145848.6129,1995-02-21,0
4982563,145831.6945,1995-03-08,0
2961730,145796.1923,1995-02-22,0
5237602,145743.668,1995-03-13,0
4828866,145736.2692,1995-03-08,0
3524965,145703.1706,1995-02-11,0
4906595,145701.1049,1995-02-22,0
2021639,145630.1216,1995-01-29,0
1112260,145619.735,1995-02-27,0
732454,145608.3021,1995-01-08,0
3478595,145607.8116,1995-03-25,0
4300966,145579.59,1995-03-10,0
2342977,145570.634,1995-01-24,0
1662628,145535.1786,1995-02-16,0
1443910,145492.7712,1995-01-15,0
1643301,145489.0264,1995-02-05,0
3632582,145488.2747,1995-02-23,0
1191648,145403.1978,1995-01-30,0
1393472,145382.9482,1995-01-22,0
5672770,145305.832,1995-03-11,0
1943232,145294.1133,1995-03-05,0
3957376,145289.6475,1995-03-22,0
1304995,145285.6204,1995-01-28,0
5919938,145276.9124,1995-03-12,0
3669989,145256.4666,1995-01-01,0
4005158,145248.3764,1995-02-12,0
4493255,145234.7868,1995-01-18,0
145828,145134.2328,1994-12-26,0
5046722,145102.2507,1995-03-05,0
2939042,145072.2162,1995-01-10,0
5497408,145059.1442,1995-03-01,0
3548451,145051.2691,1995-03-18,0
3914018,145020.2511,1995-03-02,0
5209317,144998.9861,1995-02-21,0
5935013,144871.771,1995-02-14,0
924387,144838.8792,1995-01-29,0
2217254,144814.6456,1995-03-14,0
2205474,144787.6163,1995-03-18,0
983268,144719.1238,1995-03-09,0
1026471,144706.9461,1995-03-20,0
1336292,144680.4824,1995-01-24,0
1675462,144673.7848,1994-12-21,0
5466401,144654.648,1995-03-06,0
421509,144649.1219,1995-03-06,0
5541122,144619.9324,1995-03-02,0
4269828,144535.2405,1995-02-26,0
3288803,144510.0106,1995-02-28,0
3735842,144492.3242,1995-02-01,0
4344677,144469.8079,1995-03-12,0
2785762,144403.6062,1995-01-13,0
2166049,144387.5696,1995-03-13,0
3201473,144380.4986,1995-01-18,0
5951431,144363.7668,1995-02-20,0
5378466,144355.8104,1995-03-06,0
2169030,144311.6258,1995-03-07,0
3957571,144155.687,1995-02-18,0
303814,144095.9716,1994-12-29,0
4501281,144011.4188,1995-03-13,0
2085733,143958.351,1995-03-11,0
3483141,143933.7302,1995-03-18,0
5488513,143922.4047,1994-12-29,0
924263,143917.065,1995-01-24,0
1053348,143910.2674,1995-02-16,0
5945159,143874.72,1995-01-23,0
4490017,143823.9561,1994-12-27,0
1682274,143795.2472,1995-02-11,0
1066532,143783.2031,1995-02-19,0
2787171,143779.9057,1995-03-16,0
5649029,143747.2712,1995-03-16,0
2370530,143712.9692,1995-02-27,0
1294310,143672.3803,1995-03-16,0
2583843,143638.7487,1995-03-17,0
2578659,143598.3012,1995-02-08,0
5204768,143530.2527,1995-03-08,0
759943,143527.9464,1995-03-22,0
4118816,143513.8619,1995-03-17,0
168839,143505.2425,1995-02-20,0
2047463,143499.0234,1995-03-11,0
2420834,143491.9415,1995-03-13,0
1466592,143402.4522,1995-02-10,0
3985666,143348.1566,1995-03-15,0
1828134,143341.9206,1995-01-08,0
995877,143282.54,1995-03-26,0
5583270,143271.6654,1995-01-31,0
4587744,143243.2732,1995-03-14,0
4650117,143157.3979,1995-03-20,0
17317,143155.1886,1994-12-04,0
2458214,143138.9035,1995-02-02,0
4646976,143062.1685,1995-02-16,0
2851748,142983.6842,1995-03-11,0
5118054,142971.295,1995-01-18,0
34978,142904.2811,1995-02-05,0
4495911,142880.064,1995-02-20,0
132641,142874.083,1995-03-19,0
2166629,142818.65,1995-03-05,0
5276967,142774.1066,1995-02-10,0
3585767,142746.3629,1995-01-09,0
3024866,142745.3481,1995-03-19,0
5888548,142743.5847,1995-03-13,0
2065122,142734.174,1995-01-07,0
5923013,142716.7054,1995-02-04,0
224967,142703.6543,1995-03-03,0
97699,142687.0062,1995-03-22,0
4904291,142686.4798,1995-03-11,0
1465637,142643.875,1995-02-04,0
434917,142623.1141,1995-03-07,0
2799588,142613.5414,1995-03-11,0
4620517,142600.65,1995-03-09,0
4974052,142561.778,1995-03-04,0
2647425,142546.9245,1995-03-16,0
1953063,142532.6374,1995-03-23,0
2510753,142517.52,1995-02-18,0
921827,142512.8753,1995-01-31,0
5777927,142469.973,1995-01-07,0
3317094,142433.7078,1995-02-27,0
2911940,142423.2773,1995-02-05,0
4678822,142415.1405,1995-01-30,0
871586,142414.7994,1995-03-05,0
669473,142412.2964,1995-01-28,0
4802084,142398.3833,1995-02-21,0
4949606,142265.4845,1995-01-13,0
4021028,142229.0888,1995-02-19,0
1283525,142223.2703,1995-03-22,0
3414369,142198.0949,1995-03-01,0
1374179,142189.2162,1995-02-13,0
1572290,142157.6514,1995-01-21,0
1897633,142143.8456,1995-01-19,0
1857442,142113.227,1995-01-13,0
2401314,142112.0127,1995-03-06,0
2158337,142078.9515,1995-03-25,0
4025984,141956.057,1995-02-28,0
855941,141952.7074,1995-01-16,0
3720358,141943.009,1995-02-24,0
3578982,141939.3183,1995-03-21,0
1005126,141938.9151,1995-01-29,0
5506304,141923.2664,1995-01-28,0
25858,141916.2837,1995-01-31,0
913504,141912.0036,1995-02-02,0
3455104,141904.0208,1995-02-15,0
2451362,141866.8511,1995-03-10,0
473120,141833.0592,1995-03-15,0
493698,141756.8017,1995-01-31,0
5285543,141699.7038,1995-02-27,0
5156837,141628.5012,1995-03-14,0
4503142,141621.9855,1995-03-26,0
1474630,141587.481,1995-03-05,0
993539,141577.1748,1995-03-01,0
1193506,141572.0876,1995-01-05,0
5076742,141554.4949,1995-03-08,0
4881027,141552.5244,1995-01-29,0
3657216,141495.9426,1995-03-16,0
2146115,141473.1756,1995-02-27,0
5783680,141470.7388,1995-03-19,0
4201152,141466.5719,1995-01-31,0
3393349,141439.872,1995-01-09,0
3453216,141428.1874,1995-01-22,0
270914,141424.6338,1994-12-22,0
3416262,141401.7612,1995-03-25,0
230599,141362.9052,1995-02-18,0
3352321,141362.5523,1995-01-08,0
4068676,141357.8099,1995-02-25,0
5853732,141348.5069,1995-03-02,0
496359,141319.8451,1995-03-23,0
4768869,141309.5524,1995-02-20,0
4570146,141304.0862,1995-03-16,0
1809285,141301.6599,1995-02-04,0
4191872,141280.2279,1995-01-28,0
4045376,141264.8308,1995-03-07,0
5293444,141242.7452,1995-03-24,0
5841668,141240.5864,1995-01-15,0
3638369,141223.8565,1995-03-15,0
4654529,141167.6199,1995-03-13,0
3726694,141160.3697,1995-02-08,0
62503,141123.5555,1995-03-18,0
3117664,141100.6007,1995-03-04,0
1558976,141097.1411,1995-01-21,0
3402534,141086.4658,1995-02-11,0
1578656,141065.8206,1995-02-11,0
1140226,141059.546,1995-01-03,0
68739,141059.5,1995-01-23,0
99586,140935.608,1995-02-06,0
5362785,140932.7816,1995-02-16,0
1969573,140926.1022,1995-03-03,0
5151840,140865.3736,1995-01-07,0
1177280,140846.5086,1995-01-25,0
2146113,140838.9696,1995-03-03,0
2187299,140813.5188,1995-03-06,0
2821218,140809.4205,1995-03-04,0
5068163,140773.5894,1994-12-18,0
5188583,140764.274,1995-02-08,0
5523619,140760.4116,1995-01-25,0
5285699,140731.7006,1995-02-28,0
592194,140664.7542,1995-01-06,0
1436576,140609.186,1995-01-28,0
2293635,140570.2456,1995-01-14,0
5628832,140548.2634,1995-01-28,0
2935974,140519.3475,1995-03-17,0
2947907,140510.139,1995-01-01,0
805542,140507.2852,1995-02-20,0
1333763,140490.396,1995-03-17,0
5558310,140470.5664,1994-12-27,0
812161,140425.602,1995-02-04,0
202144,140418.7652,1995-02-05,0
2239170,140331.9689,1995-02-06,0
1013959,140317.8021,1995-03-18,0
1507170,140286.8826,1995-02-25,0
4313445,140277.9412,1995-01-17,0
4109664,140240.992,1995-03-09,0
5288455,140183.52,1995-03-20,0
3681892,140179.7526,1995-03-07,0
833479,140110.2,1995-03-02,0
1995780,140089.6244,1995-01-09,0
4962786,140058.7576,1995-02-05,0
1309250,140021.4753,1995-02-27,0
5517894,139960.944,1995-01-24,0
1032327,139942.878,1995-02-01,0
5012485,139921.7874,1995-02-17,0
4308069,139897.8504,1995-01-30,0
3450693,139870.1893,1995-02-11,0
5567459,139864.6301,1995-02-24,0
5484388,139844.5786,1995-03-09,0
3526496,139789.3461,1995-03-03,0
4671015,139779.5354,1995-02-05,0
3413472,139752.3424,1995-02-09,0
2271650,139736.0713,1995-03-14,0
2221125,139702.2714,1995-02-07,0
3604963,139675.0548,1995-03-03,0
5569093,139637.1,1995-03-14,0
1595330,139628.8377,1995-02-12,0
2000673,139591.7174,1995-01-03,0
3531366,139574.6808,1995-03-09,0
3519872,139543.3071,1995-02-28,0
2226465,139542.432,1995-01-24,0
643361,139515.2772,1995-02-24,0
2571011,139416.1784,1995-01-15,0
752801,139372.3089,1995-01-11,0
1617702,139368.4479,1995-01-03,0
1676423,139297.3287,1995-03-19,0
4533987,139216.9954,1995-03-10,0
3629603,139134.2418,1995-03-14,0
4144384,139094.4224,1995-01-20,0
3454017,139084.9606,1995-02-08,0
161569,139084.3087,1995-01-07,0
3121350,139074.3637,1995-03-11,0
2178661,139067.5181,1995-02-10,0
396263,139027.2456,1995-02-13,0
915555,139022.3484,1995-01-11,0
3164770,138997.8648,1995-02-05,0
2429893,138990.5608,1995-03-17,0
4004006,138944.08,1994-12-13,0
69603,138838.9134,1994-12-18,0
5884576,138758.944,1995-01-05,0
763173,138744.3276,1995-02-05,0
3712357,138570.38,1995-02-13,0
3416839,138545.0031,1995-02-10,0
444353,138534.6194,1995-03-06,0
3931557,138489.3603,1995-01-13,0
4979012,138467.6302,1995-03-09,0
5206114,138464.5004,1995-03-19,0
4877186,138381.2882,1995-02-14,0
1486308,138380.1192,1994-12-17,0
1646817,138354.7323,1994-12-26,0
5311456,138319.219,1995-01-10,0
4457509,138271.7346,1995-02-21,0
4563491,138266.4478,1995-01-27,0
4327842,138207.2144,1995-03-18,0
5254343,138151.5143,1995-03-10,0
623298,138109.35,1995-03-06,0
4410374,138071.936,1995-03-15,0
4364928,138058.2392,1994-12-14,0
2445473,138044.6973,1995-01-11,0
4509315,138042.4967,1995-02-23,0
5540608,137972.7135,1995-01-30,0
5988997,137885.21,1995-01-14,0
608164,137857.8613,1995-02-26,0
4925315,137821.9944,1995-03-24,0
4202695,137782.559,1995-02-08,0
1815137,137762.46,1995-01-06,0
822274,137693.3306,1995-01-22,0
5804102,137653.4744,1995-02-09,0
4310368,137650.1544,1995-03-26,0
3638758,137615.7999,1995-02-27,0
5971233,137591.6648,1995-02-28,0
2836549,137588.2072,1995-01-30,0
1960000,137525.2753,1995-02-17,0
5249249,137511.8565,1995-02-21,0
782914,137508.5767,1995-02-28,0
1579328,137472.8624,1995-03-21,0
4086852,137446.5096,1995-03-01,0
755649,137426.097,1995-01-24,0
2644901,137396.6745,1995-02-03,0
3664420,137360.1472,1995-03-07,0
2087557,137311.2948,1995-02-03,0
1139713,137296.9346,1995-02-14,0
3020899,137284.1363,1995-02-05,0
5014179,137212.0182,1995-01-10,0
5416167,137199.0699,1995-02-04,0
768709,137132.2058,1995-03-18,0
4473158,137126.577,1995-02-19,0
216486,137094.9192,1995-03-19,0
2497351,137050.2593,1995-03-02,0
1668096,137029.9756,1995-02-09,0
3363840,136993.1212,1995-02-13,0
5722790,136988.3898,1995-02-18,0
4409734,136978.2652,1995-02-02,0
4376228,136923.32,1995-01-16,0
5498852,136918.3272,1995-01-23,0
305734,136908.6184,1995-03-09,0
3764453,136908.384,1995-02-07,0
3804768,136901.1824,1995-02-08,0
2612423,136809.2094,1995-01-26,0
1294336,136726.088,1995-01-05,0
3355844,136713.3889,1995-02-25,0
4287334,136691.4633,1995-02-25,0
942980,136645.8512,1995-03-15,0
4434754,136629.4863,1995-01-15,0
2901760,136608.5596,1994-12-06,0
681793,136599.4303,1995-01-22,0
1675588,136581.7013,1995-01-24,0
3319906,136539.4908,1995-02-28,0
3339910,136519.7713,1995-01-30,0
4242949,136462.983,1995-02-04,0
5158948,136446.9081,1995-01-22,0
4175587,136445.1781,1995-02-17,0
4503360,136436.2429,1995-02-27,0
5522629,136400.3782,1995-02-16,0
3060193,136379.2752,1995-02-17,0
114690,136321.2979,1995-02-07,0
3531651,136285.5372,1995-03-09,0
520996,136249.6395,1995-01-12,0
2535366,136231.7419,1995-01-05,0
5612545,136218.9682,1995-01-01,0
1637024,136204.3212,1995-02-27,0
3390563,136203.5979,1995-02-07,0
1445030,136163.7442,1995-02-12,0
2843651,136153.9955,1995-03-06,0
2450914,136100.857,1995-01-01,0
1849574,136097.411,1995-02-11,0
5154048,136075.565,1995-03-05,0
5569824,136058.0213,1995-02-27,0
3826181,136050.0012,1995-01-28,0
5127844,136029.9142,1995-02-13,0
3979974,136024.7476,1995-03-18,0
1021088,136021.1482,1995-02-14,0
4581668,136013.8576,1995-01-25,0
3871136,136002.3201,1995-02-19,0
3214150,135980.7141,1995-01-18,0
5142562,135951.3,1995-01-04,0
754791,135932.1382,1995-03-09,0
276993,135881.1888,1995-01-04,0
1586658,135867.539,1995-01-31,0
1677603,135863.7294,1995-01-02,0
170054,135847.126,1994-12-18,0
3267235,135839.967,1995-02-24,0
3592416,135815.5562,1995-03-07,0
616899,135677.7475,1995-01-19,0
108038,135677.3814,1994-12-08,0
4443588,135668.672,1995-01-30,0
2027429,135648.9684,1994-12-12,0
4309764,135629.3834,1995-02-03,0
1186784,135601.527,1995-01-05,0
4837988,135561.8138,1995-03-16,0
3193541,135561.0681,1995-02-12,0
2447936,135548.063,1995-03-05,0
1672994,135507.2523,1995-03-17,0
5295683,135493.9711,1995-01-23,0
5787008,135461.3184,1995-02-18,0
5950241,135430.3864,1995-02-10,0
2982946,135427.7182,1995-02-21,0
4868224,135363.84,1995-01-14,0
3229479,135342.3228,1995-01-01,0
4572868,135298.9459,1995-03-08,0
1466149,135250.4318,1995-02-19,0
5963553,135224.1745,1995-03-16,0
4086727,135214.0748,1995-02-07,0
807237,135213.1199,1995-03-10,0
4415876,135205.726,1995-02-24,0
5282947,135197.8702,1995-02-24,0
5715299,135151.845,1995-01-26,0
2167905,135114.12,1995-02-20,0
4779110,135095.486,1995-03-07,0
3790113,135073.1942,1995-02-09,0
5737472,135044.8234,1995-03-03,0
2664385,135013.0181,1995-01-27,0
1536416,135011.1451,1995-03-16,0
2938789,134998.7386,1995-02-11,0
1188580,134995.2814,1995-01-12,0
2089217,134973.1104,1995-01-04,0
3258850,134932.6316,1995-03-10,0
5191494,134923.4801,1995-02-15,0
2983041,134859.9322,1995-02-10,0
3058114,134776.0119,1995-02-20,0
3595461,134764.3392,1995-03-21,0
4685702,134753.8119,1995-02-10,0
3310722,134734.9983,1995-01-14,0
5497537,134673.9669,1995-03-10,0
157508,134618.2644,1995-02-14,0
4495458,134588.9755,1995-02-28,0
5047463,134522.823,1995-03-19,0
3279173,134498.5198,1995-01-29,0
221029,134498.134,1995-01-23,0
4466791,134467.879,1995-03-12,0
3753797,134452.745,1995-03-01,0
1241057,134425.26,1995-02-07,0
5791204,134416.4332,1995-01-31,0
800198,134399.9192,1995-03-20,0
952614,134358.448,1995-01-01,0
2464546,134338.7368,1995-03-07,0
4943587,134324.5876,1995-01-07,0
773351,134323.1605,1995-01-13,0
1964038,134322.6946,1995-01-17,0
4017735,134303.6412,1995-02-03,0
2017379,134256.2874,1995-01-22,0
2951137,134236.8835,1995-03-16,0
4044801,134233.0008,1995-02-09,0
2300547,134231.5156,1995-02-21,0
4897412,134154.2322,1995-03-14,0
3068263,134126.503,1995-03-09,0
5164676,134082.0283,1994-12-29,0
3233089,134048.5788,1995-01-22,0
69891,134023.694,1995-03-17,0
5170918,133927.2762,1995-02-20,0
5632773,133836.2105,1995-02-17,0
4081989,133793.6234,1995-03-25,0
385348,133793.4884,1995-03-25,0
5384930,133767.3172,1995-01-27,0
5071361,133760.4114,1995-02-04,0
684225,133711.914,1995-03-16,0
5405987,133689.2192,1995-02-23,0
4119237,133669.3934,1995-03-20,0
2456293,133644.9721,1995-02-10,0
933190,133609.8446,1995-02-09,0
3377031,133607.201,1995-03-07,0
1358215,133591.1344,1995-03-03,0
2592710,133581.8124,1995-03-26,0
5964679,133567.3654,1995-01-22,0
5074500,133553.6453,1995-03-13,0
5845570,133509.683,1995-01-13,0
4721028,133502.672,1995-03-13,0
1498464,133446.8838,1995-03-06,0
3024324,133421.655,1994-12-15,0
1471525,133337.6874,1995-03-24,0
5140036,133302.5443,1995-01-09,0
1675938,133287.3568,1995-02-17,0
2073728,133267.0308,1995-03-09,0
3751744,133259.5176,1995-03-24,0
4029443,133232.8764,1995-02-01,0
5997378,133224.0904,1995-02-03,0
5923813,133216.855,1995-01-16,0
3560581,133159.3472,1995-03-15,0
3753094,133108.8284,1995-03-05,0
4096135,133082.2551,1995-01-19,0
5767302,133078.6132,1995-02-26,0
3913728,133069.069,1995-02-27,0
3535462,133059.2297,1995-01-29,0
5294598,132957.104,1995-01-28,0
1868933,132919.5211,1995-03-22,0
852832,132909.2789,1995-03-12,0
3227111,132853.6594,1995-02-25,0
2614918,132848.86,1995-01-21,0
164039,132822.3672,1995-01-30,0
2870630,132791.9049,1995-02-21,0
4995716,132791.8699,1995-03-05,0
454529,132766.842,1995-01-05,0
4561635,132752.1981,1995-03-22,0
433475,132715.8296,1995-03-22,0
4881345,132694.3144,1995-03-04,0
1349794,132681.0668,1995-03-06,0
777762,132675.5484,1995-02-02,0
910752,132576.8911,1995-01-08,0
3980838,132517.2966,1995-02-20,0
4749510,132502.457,1995-02-06,0
732708,132473.8168,1995-03-14,0
4159139,132387.979,1995-02-25,0
5379523,132336.1736,1995-01-12,0
2778307,132291.5908,1994-12-27,0
5183268,132245.5118,1995-03-02,0
2911360,132242.1198,1995-02-17,0
3655109,132236.5212,1995-03-06,0
2256929,132232.7366,1995-03-14,0
3606496,132201.3851,1995-02-10,0
3064641,132175.0246,1995-03-10,0
2528327,132141.3411,1995-02-20,0
5371040,132101.8045,1995-03-26,0
1497509,132100.3207,1995-01-13,0
333125,132083.9746,1995-02-25,0
4759207,132046.1397,1995-01-12,0
5750246,132032.904,1995-03-11,0
2345031,131994.1615,1995-01-09,0
3573159,131973.1758,1995-03-13,0
366630,131971.7538,1994-12-17,0
4824517,131954.318,1995-03-04,0
691491,131954.2168,1995-03-04,0
1202688,131929.8795,1995-02-05,0
3113447,131917.1296,1995-02-17,0
2506535,131893.0426,1995-02-11,0
2736903,131891.1216,1995-03-16,0
5619971,131849.0548,1995-03-21,0
1514850,131848.0502,1995-03-10,0
578596,131829.4994,1995-03-03,0
2209537,131798.2568,1994-12-12,0
1785505,131777.1074,1995-02-19,0
4440674,131745.065,1995-01-06,0
489702,131697.7302,1995-01-18,0
3510567,131676.1963,1995-03-02,0
5773920,131643.403,1995-02-10,0
4609572,131621.2356,1995-01-09,0
1022273,131611.7608,1995-01-23,0
4598306,131608.3905,1995-03-02,0
3231522,131545.8918,1995-01-06,0
1808481,131532.3732,1995-02-11,0
5872002,131496.1738,1995-03-16,0
2520804,131483.1725,1995-03-10,0
3433124,131479.2067,1995-01-10,0
2451264,131462.6413,1995-03-23,0
4543174,131456.5033,1995-02-22,0
1088582,131456.3665,1995-01-12,0
1051811,131454.906,1995-03-07,0
5890752,131442.7054,1995-01-12,0
2824772,131431.163,1995-03-20,0
1088802,131423.443,1995-01-17,0
5381856,131405.9359,1995-02-03,0
4191907,131391.6976,1995-03-15,0
4779042,131369.2231,1995-02-26,0
96129,131359.1314,1995-03-14,0
78080,131358.6537,1995-02-28,0
740899,131354.1488,1995-02-05,0
291043,131343.7764,1995-03-04,0
627589,131307.198,1995-02-08,0
3592359,131286.616,1995-03-03,0
2278786,131283.1966,1995-02-04,0
2780993,131258.4966,1995-03-09,0
2345280,131224.235,1995-03-20,0
2154306,131201.1996,1994-12-13,0
5824807,131135.7035,1995-02-09,0
4585350,131109.5306,1995-03-16,0
4495584,131097.8109,1995-01-04,0
2411616,131087.1552,1995-02-15,0
4093314,131071.5291,1995-02-15,0
927873,131055.417,1995-01-28,0
332934,131034.2254,1995-03-15,0
5802848,130999.6311,1995-03-12,0
1602688,130922.8587,1995-01-24,0
1927111,130922.0539,1994-12-30,0
4697794,130918.6848,1995-02-24,0
5705153,130917.4796,1995-03-03,0
307622,130901.354,1995-02-07,0
5877057,130820.7504,1995-02-01,0
4714401,130803.5266,1995-01-23,0
3799813,130797.4324,1995-02-21,0
585376,130772.2416,1995-03-02,0
5980065,130769.2918,1995-01-19,0
4333283,130755.798,1994-12-28,0
339367,130726.327,1995-02-26,0
3590241,130664.6936,1995-01-31,0
1809351,130662.28,1995-01-28,0
1374951,130652.641,1995-01-06,0
5332326,130638.3051,1995-03-08,0
4313030,130601.3674,1995-02-25,0
4047619,130593.58,1995-02-06,0
4156229,130593.4492,1995-03-16,0
172231,130590.3812,1995-02-10,0
5128103,130546.7842,1995-03-17,0
4870145,130546.5159,1995-01-20,0
5537856,130540.9159,1995-03-05,0
5676768,130510.88,1995-02-28,0
3949829,130474.3505,1995-02-18,0
4354342,130403.1312,1995-01-31,0
177186,130367.9718,1995-03-08,0
4278211,130361.9388,1995-02-05,0
2752293,130342.3986,1995-03-02,0
3345477,130314.4588,1995-01-15,0
2506916,130314.1924,1994-12-28,0
1847270,130312.6716,1995-02-19,0
2212452,130265.7254,1995-03-13,0
3159555,130228.5502,1995-02-26,0
119463,130227.2902,1995-03-24,0
311425,130194.6588,1995-02-05,0
5671588,130190.3822,1995-03-26,0
633159,130184.6846,1995-02-01,0
2636677,130182.0901,1995-03-13,0
3432039,130137.6297,1995-02-09,0
446210,130128.864,1995-03-12,0
2129508,130125.8862,1995-03-15,0
5089216,130112.8466,1995-03-06,0
3893248,130079.4132,1995-02-28,0
4631074,130030.3904,1995-03-12,0
4052839,129993.1776,1995-03-18,0
3313191,129953.702,1995-01-29,0
4104710,129880.9827,1995-02-07,0
5131079,129863.3594,1994-12-23,0
4501057,129800.0984,1995-03-09,0
4019008,129797.4304,1995-02-17,0
5237603,129792.886,1995-01-16,0
5286244,129721.1824,1994-12-18,0
4158406,129695.8334,1995-03-11,0
2530439,129661.1604,1995-01-06,0
1781477,129650.4632,1995-02-28,0
2792802,129640.4092,1995-03-13,0
2536259,129591.1488,1995-03-09,0
1784996,129590.7084,1995-02-01,0
2939618,129587.0292,1995-02-19,0
1407173,129577.591,1995-01-13,0
2163909,129565.5264,1995-02-06,0
970465,129534.6733,1995-02-13,0
5755428,129523.5294,1994-12-31,0
3004261,129515.033,1995-01-13,0
3987332,129492.6232,1995-02-12,0
1060192,129480.186,1995-03-25,0
346401,129466.9866,1995-03-04,0
2751908,129416.8923,1995-03-03,0
2994176,129396.8689,1995-01-09,0
5126113,129350.1082,1995-02-06,0
3671430,129332.3078,1995-03-16,0
990977,129331.1312,1995-02-22,0
3575014,129330.8793,1995-02-16,0
532864,129316.6183,1995-02-19,0
3287046,129295.325,1995-03-09,0
3550663,129289.7881,1995-02-21,0
3218885,129274.0221,1995-03-06,0
5406369,129264.7536,1995-01-08,0
3624517,129253.3254,1995-03-04,0
3458564,129218.705,1995-01-15,0
4834787,129206.0524,1995-01-10,0
1178946,129157.2187,1995-02-14,0
226405,129138.8529,1995-02-19,0
1381665,129062.5581,1995-02-17,0
3237920,129054.5878,1995-03-20,0
3581574,129043.4388,1995-02-26,0
45156,129020.3696,1995-02-13,0
4256230,129011.1111,1995-03-21,0
1925031,129007.324,1995-03-05,0
2164225,128998.476,1995-01-21,0
2576864,128967.1173,1995-03-01,0
3167970,128940.0684,1995-02-25,0
4737121,128910.578,1995-03-15,0
3205030,128908.4734,1995-02-24,0
5420288,128872.4488,1995-02-07,0
894535,128866.6088,1995-01-27,0
1751110,128804.9556,1995-02-12,0
3730627,128796.19,1995-02-01,0
5889221,128746.7089,1995-03-15,0
2031873,128736.4384,1995-01-27,0
4553447,128723.2758,1995-01-16,0
3060960,128686.5267,1995-02-15,0
4026308,128682.804,1995-01-06,0
2646594,128666.5318,1995-02-09,0
4451682,128660.6385,1995-03-18,0
4596769,128613.6744,1995-01-13,0
4235268,128573.2362,1995-03-11,0
5587302,128535.0514,1995-03-24,0
2414944,128516.985,1995-01-09,0
3370498,128505.4205,1995-02-23,0
376001,128417.8821,1995-02-23,0
2926567,128416.1535,1995-02-02,0
4718212,128383.0996,1995-01-03,0
790273,128334.7947,1995-02-13,0
2371810,128334.6389,1995-02-10,0
4929158,128331.6522,1995-02-25,0
5224356,128279.4804,1994-12-28,0
4728193,128265.1146,1994-12-31,0
4264066,128235.0915,1995-01-28,0
3044097,128206.4586,1995-02-24,0
5408739,128166.3918,1995-03-15,0
5701891,128149.3356,1995-02-17,0
5239363,128035.512,1995-03-22,0
2984545,128027.6175,1995-03-04,0
2189667,128001.7857,1995-02-02,0
5608450,127998.9894,1995-03-11,0
5572577,127990.0466,1995-03-04,0
1568710,127984.7903,1995-03-06,0
3042567,127978.1052,1995-03-25,0
5864423,127971.1593,1995-01-06,0
2737861,127969.7766,1995-02-01,0
3730021,127943.679,1995-03-22,0
5267942,127910.7513,1995-03-18,0
86563,127907.7107,1995-02-27,0
1086246,127897.4476,1995-02-12,0
2551811,127885.7334,1995-01-23,0
234209,127835.4255,1995-02-18,0
2041094,127823.668,1995-02-03,0
3353029,127748.2341,1995-02-23,0
2739429,127710.2853,1995-01-20,0
2252230,127660.9664,1995-03-02,0
2917539,127660.2865,1995-03-08,0
5835299,127623.864,1995-01-29,0
5442564,127611.4585,1995-02-28,0
3569573,127572.0465,1995-03-08,0
1615142,127571.3728,1995-03-18,0
4481025,127499.126,1995-02-28,0
487682,127486.32,1995-03-16,0
530081,127458.6481,1995-03-07,0
5129829,127456.571,1994-12-17,0
715589,127420.0209,1995-03-15,0
5350116,127403.079,1995-02-11,0
736550,127374.372,1995-01-17,0
624768,127373.6674,1995-03-09,0
105191,127372.7757,1995-03-22,0
799622,127308.2434,1995-02-23,0
5132131,127302.4957,1995-01-14,0
2369571,127277.3592,1995-02-09,0
4077510,127254.7193,1995-03-04,0
5786535,127251.7824,1995-03-16,0
3916004,127247.8865,1995-03-26,0
2261799,127247.3013,1995-01-19,0
1995107,127177.4419,1995-03-06,0
2376514,127152.2966,1995-03-24,0
4098882,127139.5988,1995-01-24,0
1435972,127097.4506,1995-02-24,0
3931399,127041.1045,1995-02-10,0
3875808,127025.3994,1995-03-19,0
87616,127010.7197,1995-02-20,0
4073825,127009.5946,1995-03-17,0
3521475,126990.4977,1995-02-08,0
5562887,126986.5111,1995-01-20,0
3963012,126972.9553,1995-02-24,0
5125570,126939.6666,1995-03-16,0
355744,126891.6579,1995-02-23,0
3791971,126866.9166,1994-12-17,0
5073063,126866.5524,1995-02-08,0
3062882,126837.3684,1995-02-05,0
4121669,126812.1264,1995-02-23,0
5976577,126794.3495,1995-01-27,0
2807555,126781.7072,1995-02-17,0
4517477,126742.0225,1995-02-28,0
2393154,126722.9964,1995-02-13,0
5056069,126709.577,1995-01-23,0
3975170,126708.9652,1995-02-17,0
3602144,126688.0204,1995-02-14,0
5552512,126673.7405,1995-03-04,0
3106020,126666.3258,1995-03-24,0
3667749,126650.1276,1995-01-27,0
5963906,126649.663,1995-02-25,0
4879553,126646.45,1995-03-18,0
4107329,126637.4416,1995-03-18,0
4832000,126599.9501,1995-01-24,0
1852935,126559.8462,1995-02-19,0
451847,126528.426,1995-01-19,0
5153734,126515.7966,1995-01-10,0
4320480,126514.4904,1995-03-23,0
2364807,126502.1976,1995-03-12,0
1127876,126490.128,1995-01-25,0
4281283,126459.7586,1995-02-11,0
396001,126405.6697,1995-01-25,0
2737735,126395.1399,1995-02-17,0
3707875,126391.959,1995-01-12,0
5684801,126385.7833,1995-01-18,0
1093537,126345.374,1995-02-21,0
2351364,126240.6794,1995-02-27,0
1215683,126194.324,1995-02-24,0
833889,126146.1522,1995-02-04,0
3732261,126078.2973,1995-01-25,0
5323236,126068.49,1994-12-31,0
4823143,126048.5137,1995-03-20,0
571969,126021.2316,1995-01-29,0
1513414,126008.2748,1995-02-15,0
3168224,125987.1072,1995-01-27,0
2277573,125922.7368,1995-03-20,0
1715172,125916.5108,1995-02-28,0
3745890,125908.8048,1995-03-06,0
1819429,125894.4134,1995-03-02,0
49824,125865.3008,1995-03-23,0
3772805,125849.2058,1995-03-09,0
1308199,125827.2028,1995-02-08,0
1137984,125823.5748,1995-03-13,0
2207394,125820.7904,1995-03-20,0
4683296,125818.3638,1994-12-15,0
4021890,125742.1928,1995-02-10,0
4953378,125683.4219,1995-03-24,0
4402401,125670.854,1995-03-04,0
879392,125621.6658,1995-03-24,0
1819426,125620.1939,1995-03-22,0
3679269,125618.9426,1995-03-06,0
2875908,125570.0122,1995-02-21,0
1306147,125569.1584,1995-03-12,0
127237,125520.3042,1995-02-17,0
3073347,125493.656,1995-03-14,0
3576194,125469.4215,1995-02-13,0
4181601,125461.5531,1995-01-25,0
1399779,125439.3034,1995-03-04,0
184838,125426.715,1995-02-26,0
2496322,125408.9331,1995-03-01,0
5182050,125383.2294,1995-02-21,0
5478309,125374.4056,1995-01-10,0
1231425,125367.306,1995-03-25,0
739648,125361.634,1995-01-05,0
907397,125358.8489,1995-02-18,0
4763431,125353.2522,1994-12-27,0
2974851,125341.581,1995-02-09,0
1632487,125317.089,1995-02-03,0
2415394,125299.2075,1995-02-14,0
470531,125298.8168,1995-02-10,0
1536866,125267.0314,1995-01-26,0
5452966,125266.316,1995-02-02,0
4329121,125260.3116,1995-03-07,0
1062592,125248.9354,1995-03-18,0
319298,125229.5044,1995-03-12,0
5078086,125222.0372,1995-02-19,0
3931939,125218.7082,1995-02-08,0
2722272,125163.0786,1995-02-20,0
547333,125162.9616,1995-02-21,0
2898018,125126.94,1995-03-03,0
2015909,125112.471,1995-02-22,0
4363140,125089.8662,1995-02-18,0
2835904,125069.391,1995-02-19,0
3157920,124997.2172,1995-01-31,0
5006784,124925.3645,1995-01-15,0
5715744,124888.2876,1995-03-16,0
4502725,124852.854,1995-03-04,0
3105251,124843.8704,1995-01-27,0
2355302,124796.9184,1995-03-07,0
2936066,124789.4756,1995-02-03,0
4261698,124788.2462,1995-01-29,0
2599621,124754.8059,1995-01-31,0
1545030,124746.6878,1995-02-22,0
161828,124745.2973,1995-02-23,0
625766,124724.13,1995-02-11,0
996102,124702.8484,1995-02-17,0
2036864,124663.6249,1995-01-30,0
2467846,124655.2082,1995-01-04,0
5387620,124571.6228,1995-03-14,0
4529509,124570.593,1995-02-08,0
2032512,124533.3835,1995-01-09,0
2748002,124529.3099,1995-02-08,0
1295110,124520.2644,1995-02-10,0
5306080,124465.91,1995-03-18,0
43106,124428.7432,1995-01-22,0
1580228,124396.4704,1995-03-09,0
534437,124386.9201,1995-03-15,0
5858373,124378.1354,1995-01-15,0
4342017,124364.4576,1995-02-09,0
5285860,124325.0783,1995-01-28,0
5760677,124295.4136,1995-02-21,0
432871,124240.5864,1994-12-30,0
664577,124240.4558,1995-03-07,0
1132869,124235.5573,1995-03-19,0
1379398,124207.7989,1995-02-22,0
1946950,124165.1899,1995-03-19,0
4189223,124159.9977,1995-01-08,0
4313668,124141.0912,1995-01-02,0
4498561,124138.8931,1995-02-18,0
5267904,124133.1596,1995-03-10,0
3059330,124128.0687,1995-02-25,0
1753957,124102.1655,1995-01-31,0
1417572,124097.2107,1995-03-16,0
3573794,124079.9278,1995-03-04,0
5172613,124055.22,1995-02-17,0
3008769,124044.4,1995-03-11,0
3411717,124033.1766,1995-03-01,0
2428673,124026.1291,1995-02-11,0
458466,123989.188,1995-03-01,0
2168197,123986.0622,1995-03-24,0
5549284,123984.4592,1995-03-22,0
3318243,123983.6392,1995-02-04,0
911744,123978.324,1995-03-10,0
5027495,123978.3072,1995-03-15,0
4675110,123978.0762,1995-03-24,0
5802405,123917.6977,1995-01-31,0
3308902,123871.1616,1995-01-30,0
2824035,123853.5164,1995-03-25,0
114150,123852.1592,1995-02-14,0
3250213,123848.9054,1995-03-26,0
3306598,123828.093,1995-03-07,0
968322,123779.7284,1995-03-25,0
4455399,123752.1,1995-02-24,0
776420,123724.5384,1995-01-12,0
2149063,123701.405,1995-03-16,0
2002756,123670.3356,1995-03-19,0
5641089,123621.7185,1995-03-14,0
1187907,123598.062,1994-12-27,0
2679941,123560.3306,1995-03-05,0
2484199,123548.3182,1995-03-20,0
4393058,123489.8413,1995-02-26,0
2801922,123485.2664,1995-03-12,0
826087,123456.1896,1995-01-27,0
433028,123415.5954,1995-03-16,0
1002503,123385.753,1995-01-14,0
2903136,123357.454,1995-01-08,0
330560,123329.5272,1995-02-07,0
3884773,123315.1144,1995-02-21,0
4559139,123253.1128,1995-02-17,0
3439527,123192.6192,1995-01-28,0
4736899,123188.2003,1995-02-03,0
4363079,123186.522,1995-03-08,0
3638020,123158.5851,1994-12-23,0
946784,123135.1304,1994-12-03,0
4268482,123085.2079,1995-01-04,0
3977187,123058.3638,1995-03-11,0
4973761,123056.9399,1995-03-02,0
492197,123032.484,1995-02-01,0
900327,122918.453,1995-02-23,0
572038,122856.6854,1995-02-10,0
2404359,122851.3694,1994-12-18,0
749604,122819.474,1995-02-14,0
63360,122817.5009,1994-12-30,0
5938688,122805.4716,1995-03-22,0
3787425,122747.616,1995-01-13,0
3138502,122740.6442,1995-02-17,0
5367904,122719.2408,1995-02-15,0
4055267,122682.016,1995-01-20,0
1008578,122676.6838,1995-01-23,0
3079495,122657.284,1994-12-22,0
3521187,122652.6143,1994-12-31,0
685124,122647.5806,1995-02-05,0
739616,122627.8206,1995-02-24,0
1718692,122625.551,1995-02-23,0
4763239,122616.5412,1995-01-20,0
1911686,122608.1315,1995-03-13,0
2853282,122594.6134,1995-03-18,0
2227776,122593.482,1995-03-10,0
1429542,122590.6664,1995-03-07,0
1595524,122576.02,1995-03-21,0
4957767,122574.4661,1995-02-15,0
1720580,122571.3546,1995-01-09,0
2782567,122559.9854,1995-02-24,0
2089413,122530.3498,1995-01-10,0
3343235,122529.1018,1995-02-21,0
2613604,122464.412,1995-01-27,0
3393890,122315.405,1995-02-02,0
4836807,122241.0852,1995-02-18,0
5775105,122179.792,1995-01-24,0
2667686,122158.6208,1995-02-03,0
627748,122146.5207,1995-03-03,0
5930180,122141.2403,1995-03-04,0
3779712,122112.7608,1995-02-06,0
2176225,122108.3444,1995-01-21,0
4069665,122067.1161,1995-03-02,0
5894788,122061.7405,1995-01-30,0
5575744,122053.7446,1995-01-27,0
4076577,122031.6602,1995-03-21,0
2347809,122026.8862,1995-03-17,0
4104576,122020.6356,1995-01-20,0
262822,122018.7084,1994-12-28,0
4279846,121975.136,1995-02-05,0
4708674,121961.0747,1995-02-18,0
533185,121959.1724,1995-01-08,0
2487973,121928.4532,1995-01-30,0
5347078,121895.607,1995-01-30,0
589315,121826.9744,1995-02-23,0
3079815,121771.0476,1995-02-10,0
595459,121765.1892,1995-03-14,0
4901958,121763.2194,1995-02-07,0
4572962,121755.4074,1995-03-15,0
4696515,121753.4289,1995-02-23,0
3529414,121727.1034,1995-02-04,0
4327780,121724.8283,1995-01-29,0
4747623,121721.6658,1995-02-28,0
934149,121699.2132,1995-02-27,0
2528768,121691.1434,1995-03-23,0
295555,121662.6044,1995-03-03,0
2419586,121629.722,1995-02-13,0
845254,121602.4283,1995-02-19,0
5155682,121585.1511,1995-01-25,0
1957701,121540.3643,1995-03-07,0
4214305,121517.36,1995-03-23,0
2081606,121512.9258,1995-02-23,0
1233121,121494.8496,1995-03-13,0
3185028,121493.3248,1995-02-02,0
991300,121490.6545,1995-03-11,0
1196836,121463.1063,1995-03-17,0
2173156,121436.46,1995-03-23,0
3808197,121429.8124,1995-01-25,0
2191299,121412.8808,1995-02-27,0
1508868,121403.6028,1995-01-02,0
131559,121324.9234,1995-03-03,0
2005764,121286.2644,1995-02-01,0
4289895,121266.797,1995-02-09,0
1970566,121243.2284,1995-03-19,0
494822,121228.74,1995-03-04,0
2089510,121144.512,1995-03-22,0
5708352,121121.9051,1995-02-04,0
5210113,121109.103,1995-01-11,0
3652578,121070.468,1995-01-19,0
4524992,121069.9294,1995-01-24,0
2937733,121010.5182,1995-02-17,0
5113572,120999.3424,1995-02-24,0
900295,120994.8239,1995-02-17,0
682882,120989.8323,1995-01-22,0
51974,120985.2629,1995-01-27,0
2979431,120959.1234,1995-03-23,0
3242336,120947.5799,1995-03-14,0
4284065,120939.763,1995-01-16,0
5686145,120939.2456,1995-02-04,0
198982,120916.255,1995-03-12,0
2489766,120872.4966,1995-01-30,0
1182502,120834.7459,1995-03-19,0
4692482,120790.5864,1994-12-24,0
3816704,120764.4416,1995-03-24,0
3514913,120764.3276,1994-12-03,0
4246946,120738.2426,1995-01-30,0
4411299,120731.878,1995-01-20,0
3469986,120699.1154,1995-01-24,0
4682183,120695.2318,1994-12-30,0
5080899,120694.197,1995-01-31,0
2778850,120672.2801,1995-01-18,0
419782,120656.1759,1994-12-14,0
3872930,120637.692,1995-01-22,0
1208352,120618.8898,1995-03-21,0
3216003,120579.6525,1994-12-16,0
5441378,120571.3046,1995-02-12,0
2147009,120553.6703,1995-02-12,0
3065827,120549.7927,1995-03-14,0
5168388,120473.2376,1995-03-24,0
5887041,120456.1738,1995-01-23,0
3610595,120437.1336,1995-02-04,0
1753984,120405.1956,1995-01-11,0
4112032,120404.34,1995-02-03,0
5026435,120390.7376,1995-03-02,0
3844450,120389.2774,1995-03-04,0
4692992,120387.9294,1994-12-30,0
4590435,120383.9186,1995-01-08,0
1344068,120361.3126,1995-01-12,0
1210720,120327.5259,1995-02-21,0
3683969,120313.493,1995-03-23,0
2256899,120257.7274,1995-02-06,0
2428196,120211.9188,1995-02-18,0
121799,120192.116,1995-02-04,0
4171299,120183.0715,1995-03-16,0
4683009,120170.9994,1995-02-21,0
2267462,120159.244,1995-03-17,0
1724870,120146.367,1995-02-17,0
775296,120110.4086,1995-03-16,0
181251,120103.3034,1995-03-04,0
4149728,120077.6875,1994-12-18,0
4665767,120046.8244,1995-02-06,0
3854469,120004.3432,1995-02-02,0
447937,119999.1528,1995-01-30,0
268706,119993.6944,1995-02-12,0
1551782,119986.353,1995-03-15,0
2897858,119984.8794,1995-01-16,0
5460097,119978.2704,1995-03-05,0
4975395,119953.2897,1995-01-29,0
4810949,119943.024,1995-02-06,0
554342,119919.9914,1995-01-15,0
3108483,119915.9571,1995-03-13,0
1063329,119880.9427,1995-03-13,0
330086,119866.0997,1995-02-25,0
219682,119854.6002,1995-03-19,0
1191878,119838.3846,1995-03-13,0
3105733,119828.8435,1995-03-23,0
1659904,119809.9605,1994-12-26,0
4895392,119798.8991,1995-01-29,0
3431394,119790.464,1995-03-25,0
2492835,119789.8245,1994-12-24,0
3901859,119758.9608,1995-02-09,0
3741344,119744.7804,1995-01-19,0
392263,119712.0536,1994-12-19,0
3914470,119673.3535,1995-03-21,0
2954182,119670.0219,1995-02-24,0
954400,119600.3922,1995-01-17,0
2368322,119562.374,1995-01-02,0
1185700,119418.3971,1995-01-15,0
4151110,119405.6768,1995-01-20,0
5281025,119355.8248,1994-12-26,0
2030951,119330.7584,1995-03-24,0
2239301,119321.9536,1995-03-08,0
635713,119313.614,1995-01-31,0
3427553,119310.1958,1995-02-24,0
5363907,119306.3978,1995-03-24,0
2968194,119266.2459,1995-03-18,0
2869282,119239.8124,1995-02-23,0
4757412,119160.3718,1995-02-20,0
4960,119159.9332,1995-02-26,0
905828,119118.09,1995-01-18,0
5648071,119115.8791,1995-03-19,0
4608518,119109.4584,1995-02-26,0
701766,119087.01,1995-02-27,0
1191843,119056.0612,1995-01-27,0
1526017,119054.39,1995-03-03,0
3262756,119030.527,1995-03-24,0
5268736,118993.4838,1995-03-02,0
3373607,118985.1828,1995-03-02,0
357284,118961.8216,1995-01-26,0
3618212,118914.8845,1994-12-18,0
4361570,118890.204,1995-02-14,0
227271,118872.927,1995-03-10,0
5907520,118813.7729,1995-02-10,0
4798151,118805.8722,1995-02-23,0
3591975,118795.5477,1995-03-18,0
4972134,118774.8213,1995-02-20,0
2238243,118763.7775,1994-12-23,0
3134817,118748.7516,1995-03-05,0
3416867,118745.6996,1995-03-14,0
2843680,118737.5512,1995-02-05,0
3425831,118733.61,1995-03-13,0
1087489,118710.39,1995-01-21,0
3821026,118701.5456,1995-03-16,0
820103,118698.2527,1995-01-30,0
5905988,118679.7252,1995-03-09,0
3167204,118644.5289,1995-02-24,0
2459301,118636.0367,1995-03-18,0
3679557,118605.1608,1995-01-10,0
212165,118599.5394,1995-01-23,0
5751264,118563.8681,1995-01-28,0
5115620,118550.802,1995-01-21,0
735329,118505.9169,1995-03-14,0
406467,118483.3,1995-02-05,0
3919748,118477.1778,1995-01-28,0
4909797,118447.1703,1995-03-13,0
2978113,118439.9466,1995-03-13,0
3484740,118416.9428,1995-03-25,0
3396999,118407.9408,1995-03-25,0
4959079,118372.803,1994-12-09,0
5658884,118371.537,1995-02-13,0
1163906,118357.2426,1995-03-09,0
5440517,118303.0647,1995-02-21,0
2986278,118254.6684,1995-01-17,0
4622083,118243.4108,1995-03-21,0
3767111,118242.7808,1995-01-03,0
295459,118178.9532,1995-03-13,0
306144,118168.2192,1995-03-02,0
5515845,118115.227,1995-03-07,0
5146375,118072.8223,1995-01-05,0
4944003,118035.7352,1995-03-02,0
214369,118032.7956,1995-02-08,0
1462337,118009.3476,1995-03-03,0
695072,117991.254,1995-01-25,0
1261250,117971.2938,1995-03-07,0
1714471,117965.9709,1995-03-07,0
1367298,117960.8138,1995-01-17,0
1509444,117960.0696,1995-03-05,0
5331335,117914.7368,1995-01-22,0
2337090,117910.8753,1995-03-08,0
2943143,117885.7176,1995-01-18,0
2304068,117866.147,1995-02-12,0
1558502,117859.3704,1995-03-12,0
1207971,117853.7314,1995-03-06,0
1469062,117815.0772,1995-01-16,0
120903,117792.1182,1995-03-02,0
5950371,117771.9675,1995-03-04,0
3002722,117682.434,1995-01-05,0
1898081,117678.1594,1995-01-10,0
2262116,117637.6,1995-02-08,0
1820550,117611.8678,1995-03-22,0
2661766,117598.8012,1995-01-13,0
2011523,117581.8596,1995-03-16,0
4772610,117566.6305,1995-02-02,0
957920,117566.49,1995-02-02,0
831654,117555.2601,1995-03-10,0
5084933,117539.3338,1995-01-25,0
3833859,117504.6348,1994-12-21,0
4007297,117474.5573,1995-02-26,0
1537286,117458.0568,1995-01-26,0
515782,117455.2288,1995-01-05,0
178624,117447.6436,1995-02-28,0
5194886,117422.505,1995-03-15,0
4339683,117403.358,1995-02-12,0
3220544,117396.9114,1995-02-21,0
1090946,117391.2926,1995-02-13,0
4292101,117353.7499,1995-03-01,0
2801600,117343.021,1995-03-11,0
5016704,117335.5126,1995-01-19,0
3248421,117322.4784,1995-03-04,0
4171265,117298.077,1994-12-29,0
3477729,117263.6002,1995-01-27,0
4937862,117262.6404,1995-03-15,0
4184165,117232.765,1995-01-26,0
2292065,117209.68,1994-12-31,0
4394147,117191.5425,1995-02-09,0
1272609,117175.5288,1995-01-06,0
1163877,117164.8916,1995-01-13,0
3448706,117158.3769,1995-01-17,0
106502,117146.1856,1995-02-16,0
1399399,117132.9691,1995-02-05,0
3809350,117122.3093,1994-12-26,0
4845927,117045.3434,1995-01-24,0
310688,117039.1635,1995-03-23,0
1683141,117034.965,1995-01-29,0
97506,117032.8896,1995-01-14,0
1628772,117026.6298,1995-03-13,0
839042,117008.217,1995-03-07,0
1747585,116999.78,1995-03-15,0
5273958,116976.106,1995-02-03,0
5008833,116971.9608,1994-12-12,0
4702401,116961.5818,1995-01-18,0
4726177,116898.257,1995-03-04,0
4081765,116879.3472,1995-01-06,0
3344455,116876.7705,1995-02-13,0
1780963,116860.68,1995-03-03,0
4903111,116840.6851,1995-01-18,0
5597408,116834.0955,1995-02-28,0
3222595,116833.363,1995-02-02,0
582051,116808.9704,1995-02-01,0
5572451,116806.9405,1995-03-01,0
49763,116736.001,1995-02-14,0
1674695,116699.3988,1995-02-21,0
5542818,116686.4336,1994-12-26,0
843265,116683.9684,1995-01-04,0
5866721,116676.3468,1995-02-07,0
987074,116657.9097,1995-02-05,0
4642273,116599.6256,1995-03-16,0
897347,116586.4362,1995-03-10,0
3317571,116582.7358,1995-02-13,0
5802402,116548.8478,1995-01-10,0
4835046,116536.9468,1995-02-26,0
2589441,116480.3958,1995-02-14,0
5550758,116408.3257,1995-02-26,0
1440199,116354.9074,1994-12-12,0
2218913,116342.6782,1995-01-06,0
4089954,116316.978,1994-12-20,0
4816065,116304.2524,1995-02-21,0
4917412,116300.9598,1995-01-06,0
4327296,116300.1276,1995-01-13,0
5487399,116298.264,1995-01-12,0
1081860,116268.45,1995-01-20,0
2129952,116257.0232,1995-02-03,0
1561062,116251.7379,1995-02-21,0
1274882,116238.7926,1995-03-06,0
4486917,116194.398,1995-03-14,0
5657474,116182.8545,1995-02-08,0
285220,116179.017,1995-02-07,0
2289735,116129.3851,1995-02-01,0
3297155,116117.1465,1995-03-24,0
3188002,116089.4041,1995-01-27,0
2563971,116070.0362,1995-01-21,0
1738433,116050.5304,1995-01-22,0
3866914,116020.6606,1995-02-21,0
1636963,116015.7926,1995-01-23,0
4677063,115988.7338,1995-02-07,0
2162272,115964.73,1995-03-07,0
5777767,115954.4709,1995-02-27,0
3892803,115944.807,1995-03-05,0
2211076,115892.2836,1995-02-01,0
4439875,115874.5158,1995-03-23,0
5794019,115871.9724,1995-02-01,0
1864358,115850.5524,1995-02-08,0
1685606,115803.0,1994-12-24,0
1794145,115787.8142,1995-01-19,0
3445730,115778.511,1995-01-14,0
3558593,115739.9914,1995-01-14,0
3188992,115723.9426,1995-01-15,0
2081638,115720.1228,1995-01-13,0
1813442,115688.5068,1995-03-01,0
5624098,115643.9176,1995-03-26,0
1507105,115567.923,1995-02-26,0
2060196,115541.7065,1995-01-22,0
926561,115517.4561,1995-01-24,0
852231,115474.886,1995-03-13,0
5806499,115449.0835,1995-03-07,0
2546369,115445.9631,1995-02-27,0
1203270,115424.799,1995-01-28,0
3525031,115396.5494,1995-02-27,0
4521218,115381.878,1995-02-04,0
2134848,115374.816,1995-02-09,0
5925667,115367.8728,1995-03-12,0
1646756,115366.1013,1995-02-28,0
564519,115348.5189,1995-01-07,0
4242368,115316.034,1995-02-21,0
3077573,115300.0841,1995-01-07,0
853088,115250.147,1995-03-03,0
789030,115249.5935,1995-03-25,0
2946083,115233.8428,1995-03-06,0
3026337,115199.6752,1995-03-25,0
1634563,115180.6866,1995-03-04,0
5096033,115158.2957,1995-01-12,0
3499780,115104.2592,1995-03-19,0
1265442,115067.5662,1995-02-03,0
1666562,115067.1584,1995-03-09,0
4755591,115059.366,1994-12-26,0
1640135,115056.5043,1995-02-07,0
3842818,115055.9795,1995-01-23,0
600388,115054.7348,1995-01-07,0
13830,115012.8983,1994-12-22,0
4334756,115008.3709,1995-02-16,0
5635845,115007.287,1995-03-01,0
1901507,114977.1738,1995-01-04,0
4609953,114958.0616,1995-03-06,0
5188614,114912.6777,1995-02-24,0
4175744,114874.151,1995-02-23,0
3014661,114856.359,1995-03-17,0
1211169,114816.6762,1995-02-14,0
2946406,114787.6224,1995-03-11,0
1018758,114766.1865,1995-03-17,0
2165255,114745.896,1995-03-09,0
2568195,114735.6289,1995-02-03,0
2575617,114730.778,1995-03-02,0
3625222,114717.7696,1995-03-21,0
1002534,114708.5746,1995-03-26,0
73319,114683.9643,1995-03-10,0
5303332,114660.2394,1995-01-21,0
5930848,114648.4431,1995-03-07,0
756802,114631.88,1994-12-23,0
3713701,114623.056,1995-03-08,0
1187014,114609.8194,1995-03-24,0
4005028,114594.3204,1995-03-25,0
4420256,114576.7373,1995-01-06,0
3836929,114559.48,1995-02-14,0
290855,114546.6336,1995-03-05,0
5085670,114545.9205,1995-01-13,0
1194404,114528.7514,1995-03-12,0
1609095,114524.9664,1995-01-07,0
4814052,114469.491,1995-03-11,0
2193157,114299.3462,1995-03-16,0
157477,114285.7304,1995-02-23,0
3412870,114237.6567,1995-02-28,0
638339,114198.9181,1995-01-28,0
5821731,114187.8738,1995-01-21,0
348870,114153.1624,1995-03-18,0
3568869,114134.3222,1995-01-23,0
693861,114108.3875,1994-12-12,0
1233153,114100.1425,1995-02-26,0
2353541,114095.0844,1995-01-22,0
915876,114036.8701,1995-03-19,0
3678278,114008.38,1995-02-08,0
2455874,113996.7866,1995-02-26,0
2033223,113962.2428,1995-03-22,0
3383907,113962.0976,1994-12-29,0
3013445,113938.4172,1995-03-24,0
2446464,113929.7758,1995-01-21,0
725703,113916.2976,1995-01-26,0
4990592,113873.6527,1995-02-16,0
5066469,113846.2169,1994-12-23,0
92450,113803.6868,1995-03-01,0
2106151,113794.9144,1995-01-27,0
5317636,113754.7692,1995-02-12,0
4429154,113721.09,1994-12-30,0
2126662,113717.1067,1995-02-05,0
2748000,113626.6225,1995-01-02,0
5917283,113599.4842,1995-03-04,0
4446726,113586.352,1995-01-22,0
3046532,113580.2268,1995-02-06,0
5634631,113520.3384,1995-03-11,0
4204037,113512.1416,1995-02-17,0
3346787,113504.6904,1995-03-04,0
2906785,113497.0736,1995-01-24,0
4845282,113428.4511,1994-12-31,0
3328066,113385.479,1995-02-08,0
3090598,113381.0252,1995-01-24,0
5994274,113369.6488,1995-02-02,0
2426279,113369.3535,1995-01-17,0
4677123,113364.483,1995-01-16,0
5961952,113351.0976,1995-01-16,0
3493575,113326.7352,1995-02-24,0
574913,113318.5506,1995-02-05,0
3224422,113311.3446,1995-02-23,0
5571427,113279.5556,1995-03-23,0
2449670,113271.9856,1994-12-29,0
3962115,113237.58,1994-12-30,0
1282595,113171.04,1994-12-07,0
2905541,113168.2026,1995-02-20,0
3986629,113167.8064,1995-01-03,0
1831879,113166.7412,1995-02-01,0
2695362,113144.0433,1995-01-09,0
5023907,113107.7432,1995-02-18,0
1371013,113096.6136,1995-01-05,0
3018663,113061.7432,1995-03-10,0
1300227,112924.6272,1994-12-31,0
2117665,112917.0461,1995-03-22,0
2471394,112900.5782,1995-01-16,0
5771429,112858.3067,1995-02-24,0
1801860,112853.7644,1995-02-06,0
2274694,112838.1964,1995-02-08,0
3414183,112827.39,1995-01-25,0
2780260,112810.4054,1995-02-18,0
1967430,112806.8856,1995-02-22,0
4226118,112785.3546,1995-03-08,0
5930977,112780.722,1995-03-11,0
3530881,112766.6804,1995-03-20,0
1556292,112762.873,1995-03-24,0
2648325,112735.2204,1995-02-18,0
4415363,112718.528,1995-01-20,0
5333991,112661.0592,1995-02-13,0
719655,112649.1378,1995-01-20,0
3056290,112645.0124,1995-03-09,0
3563174,112597.1167,1995-02-12,0
3444389,112591.801,1995-03-17,0
5848262,112580.016,1995-01-27,0
3478727,112560.6097,1995-03-07,0
956737,112548.8673,1995-02-15,0
2894626,112531.3657,1995-02-25,0
3145991,112524.8462,1995-02-18,0
5725029,112503.44,1995-01-25,0
2532961,112502.2012,1995-03-19,0
5288449,112493.7904,1995-01-11,0
4389156,112491.4057,1995-03-26,0
3523299,112436.7332,1995-03-07,0
2822918,112406.3128,1995-02-24,0
5238823,112368.9878,1995-01-16,0
4923879,112341.4212,1995-02-05,0
129990,112321.2914,1995-01-30,0
5264545,112307.2104,1995-03-09,0
1068867,112303.728,1995-03-04,0
1971335,112282.683,1995-03-20,0
2016679,112282.388,1995-02-04,0
2108609,112276.6464,1995-03-08,0
1019782,112272.3054,1995-02-20,0
1584578,112259.754,1995-02-05,0
5000518,112238.2455,1995-03-04,0
5945667,112202.3704,1995-02-26,0
3675462,112190.3389,1995-03-19,0
7521,112123.9938,1995-02-28,0
537762,112107.5348,1995-02-17,0
5601984,112068.3747,1995-03-23,0
2687360,112051.1516,1995-03-07,0
3421122,112022.6018,1995-03-15,0
2907009,112012.0988,1995-03-02,0
3853639,111976.7001,1995-02-08,0
4992993,111955.8904,1995-03-13,0
1600455,111945.0375,1995-02-04,0
4145410,111900.9949,1995-03-13,0
1135461,111886.9404,1995-03-24,0
3689217,111880.1207,1995-03-22,0
1419428,111861.8586,1995-03-02,0
4867744,111801.5964,1995-02-24,0
2020803,111795.1626,1995-01-20,0
135235,111764.0216,1995-01-23,0
32901,111755.6588,1995-01-11,0
479041,111706.7335,1995-03-11,0
3339363,111683.63,1995-03-21,0
2319204,111680.3772,1995-02-07,0
3374050,111672.3162,1995-03-03,0
5857221,111645.051,1995-03-07,0
1923584,111644.71,1995-01-30,0
5256229,111635.721,1995-01-25,0
865188,111593.82,1995-01-22,0
58592,111591.0176,1995-02-05,0
4015142,111586.0706,1995-02-11,0
1523778,111523.8272,1994-12-21,0
1110816,111521.79,1995-01-26,0
5898466,111519.7331,1995-03-02,0
335687,111467.5318,1995-02-12,0
4356006,111457.012,1995-01-28,0
1640516,111436.9956,1995-01-10,0
1166113,111404.7172,1995-02-23,0
5746150,111398.8255,1995-03-09,0
3005217,111392.5778,1995-01-20,0
1034019,111389.4179,1995-01-17,0
1107392,111378.3225,1995-02-09,0
3336608,111377.3944,1995-02-24,0
127143,111352.5057,1995-01-11,0
1227812,111323.8051,1995-02-28,0
4017190,111274.775,1995-01-05,0
3969600,111264.6793,1995-01-28,0
5190981,111246.1993,1995-03-01,0
3812295,111218.0352,1995-02-05,0
3314791,111215.4653,1995-03-14,0
2524768,111210.6322,1995-03-09,0
1438274,111173.9643,1995-03-24,0
811873,111170.4064,1995-02-22,0
390466,111130.3168,1995-02-25,0
2864353,111117.51,1995-03-05,0
4144707,111055.1182,1995-02-25,0
5001186,110946.1902,1995-02-07,0
3895236,110927.0167,1995-03-04,0
3352610,110922.2147,1995-02-08,0
4502304,110883.451,1995-02-23,0
4199591,110876.7776,1995-01-19,0
4493730,110863.1616,1995-02-24,0
5444931,110839.2424,1995-03-06,0
3246145,110838.4812,1995-02-04,0
2371939,110753.1378,1994-12-08,0
307714,110746.602,1995-02-26,0
1391686,110705.4588,1995-02-14,0
989637,110691.504,1994-12-29,0
219745,110674.116,1995-02-05,0
5593285,110628.0491,1995-01-30,0
4824354,110625.885,1995-01-14,0
4663395,110620.724,1995-01-22,0
3510375,110587.2922,1995-01-10,0
2558656,110568.959,1995-01-03,0
2276227,110486.9701,1995-02-08,0
106689,110486.8236,1995-03-16,0
1377863,110474.6712,1995-02-12,0
3450499,110470.7828,1995-01-01,0
4113956,110438.069,1995-02-18,0
556772,110435.5673,1995-01-14,0
3720420,110408.045,1995-02-23,0
3047588,110400.1411,1995-02-08,0
4494851,110386.2876,1995-02-10,0
2339618,110384.7361,1995-01-31,0
3708355,110338.4986,1995-01-22,0
4816997,110271.0468,1995-01-09,0
4063780,110253.384,1995-01-11,0
779394,110240.3629,1995-03-23,0
2440550,110166.7804,1995-02-03,0
735108,110163.0108,1995-01-26,0
5828005,110156.5507,1995-01-28,0
356358,110093.7918,1995-02-19,0
1431969,110034.6715,1994-12-25,0
2313473,110030.967,1994-12-24,0
637410,110024.1922,1995-01-17,0
3732998,110005.197,1995-03-11,0
5182213,109985.5274,1995-03-01,0
4185600,109971.2592,1995-03-08,0
2537286,109969.1712,1995-02-05,0
2523653,109966.677,1995-03-21,0
3127395,109950.9915,1994-12-31,0
3831495,109917.732,1995-01-06,0
2627559,109913.1663,1995-02-23,0
190625,109902.0928,1995-02-28,0
234085,109861.678,1995-03-15,0
243299,109816.3544,1995-03-01,0
1699200,109801.2938,1995-01-05,0
2677415,109798.2546,1995-02-23,0
5578433,109790.6436,1995-02-02,0
1567521,109785.584,1995-03-10,0
2223623,109761.4068,1994-12-21,0
5642596,109753.0384,1995-03-19,0
4773379,109712.269,1995-01-03,0
378177,109693.8269,1995-01-05,0
5526021,109693.3298,1995-02-18,0
2301508,109639.6432,1994-12-21,0
1440003,109587.6666,1995-03-22,0
2057698,109583.568,1994-12-22,0
4970470,109578.6043,1995-02-13,0
4452036,109576.364,1994-12-29,0
28642,109563.7312,1995-01-19,0
5591200,109557.5818,1995-02-25,0
2195491,109508.9601,1995-02-22,0
5996386,109451.0528,1995-02-19,0
3857413,109442.1115,1995-02-01,0
2576902,109434.0544,1995-02-11,0
5781797,109419.7277,1995-01-12,0
471972,109414.1185,1995-02-08,0
4792679,109378.1825,1995-03-04,0
1522183,109376.975,1995-01-16,0
1860612,109365.7094,1995-02-07,0
3706146,109348.074,1995-03-05,0
4595495,109336.7184,1995-01-21,0
2793923,109317.1471,1995-01-27,0
4195942,109246.6593,1995-01-14,0
3079201,109173.8774,1995-02-06,0
1427073,109169.9636,1995-03-23,0
4117157,109145.7488,1995-01-25,0
893475,109134.3252,1995-01-09,0
4728418,109132.17,1995-03-08,0
4026433,109118.1494,1995-02-10,0
2182821,109096.9199,1995-01-28,0
1508804,109089.2385,1994-12-18,0
4127779,109035.2636,1995-01-31,0
212931,109030.2564,1995-02-16,0
168994,108969.4483,1995-03-16,0
4951813,108953.5412,1995-01-17,0
688513,108921.6728,1995-02-10,0
502498,108899.5502,1995-03-16,0
770209,108833.6203,1994-12-28,0
5601990,108818.1825,1995-02-11,0
2304260,108722.8612,1995-01-15,0
1618855,108699.4686,1995-03-13,0
1818016,108694.7116,1995-02-09,0
4964806,108680.5227,1995-02-27,0
4888130,108647.059,1995-01-06,0
3427011,108582.454,1995-03-24,0
5689696,108519.452,1995-03-23,0
5398784,108512.4974,1995-02-21,0
4951111,108478.0683,1995-03-04,0
4664548,108467.6173,1995-03-20,0
2327491,108449.636,1995-03-13,0
3911495,108437.8714,1995-01-09,0
3054048,108421.1242,1995-02-09,0
5612518,108408.5396,1995-01-19,0
2463618,108404.9649,1995-01-11,0
1181730,108401.4151,1995-01-24,0
5684034,108398.4356,1995-03-25,0
5218307,108339.4694,1994-12-11,0
718209,108327.5565,1995-02-05,0
5773542,108261.309,1995-02-23,0
3075047,108254.492,1995-01-08,0
1410179,108254.3443,1995-03-01,0
2945094,108252.7326,1995-01-04,0
4282690,108245.5894,1995-01-10,0
5480199,108240.2384,1995-02-11,0
1747076,108236.7693,1994-12-28,0
5399205,108231.1326,1995-01-25,0
375265,108197.4652,1995-03-06,0
1175782,108188.7906,1994-12-27,0
1695808,108174.1524,1995-03-18,0
2981761,108169.8282,1994-12-29,0
4436518,108168.8715,1995-02-19,0
2286245,108168.4339,1995-03-15,0
5113249,108146.0049,1995-02-14,0
1105187,108143.4864,1995-02-17,0
3357029,108133.0846,1995-01-17,0
5794758,108116.3747,1995-02-19,0
5341670,108104.7512,1995-03-22,0
3622048,108103.6641,1995-03-26,0
5580774,108102.796,1995-02-22,0
4294757,108088.1154,1995-02-16,0
1801793,108071.9912,1995-01-04,0
3989507,108032.9586,1994-12-07,0
4521634,108032.3124,1995-03-23,0
4700034,108031.424,1995-01-07,0
3838053,107994.219,1995-03-11,0
650855,107986.1571,1995-02-09,0
4637697,107958.134,1995-01-30,0
1834052,107927.3598,1995-01-29,0
446336,107899.3749,1995-01-12,0
2362752,107881.1532,1995-03-22,0
1094114,107880.1224,1995-01-07,0
1204672,107869.7303,1995-02-24,0
2055783,107869.6281,1995-01-15,0
5139585,107849.9372,1995-02-11,0
741925,107847.6581,1995-01-14,0
2053986,107831.6736,1995-02-21,0
3115558,107807.9108,1995-03-26,0
285730,107805.4521,1995-03-17,0
3524160,107740.5846,1995-03-01,0
3110179,107725.5252,1995-02-12,0
49797,107721.9572,1995-03-09,0
5953569,107720.3682,1995-03-20,0
5588224,107714.2488,1995-02-23,0
67012,107684.3726,1995-02-13,0
2518471,107661.3048,1995-03-08,0
5761574,107630.4838,1995-02-04,0
852485,107572.788,1995-03-18,0
2704359,107561.7453,1995-03-03,0
4137248,107554.8234,1995-03-10,0
5012897,107527.0528,1994-12-04,0
5812001,107522.7368,1995-02-23,0
5935584,107521.9856,1995-03-12,0
1477184,107520.5135,1995-03-26,0
2060005,107515.6887,1995-01-17,0
4491431,107495.5551,1995-02-23,0
1665446,107482.6442,1995-03-04,0
1604774,107456.7612,1995-01-21,0
2647360,107400.1266,1995-01-17,0
4468837,107351.843,1995-01-05,0
981479,107320.6102,1994-12-14,0
715491,107303.428,1995-01-11,0
5910848,107292.4056,1995-03-19,0
1700192,107239.1928,1994-12-17,0
5395655,107228.101,1995-03-18,0
5174501,107216.3096,1995-02-04,0
908451,107185.575,1995-03-06,0
5593792,107178.403,1995-02-06,0
1173414,107161.6778,1995-01-18,0
5948583,107157.3695,1995-01-29,0
443463,107154.3552,1994-12-26,0
368513,107141.391,1995-02-04,0
3396485,107113.6341,1995-01-15,0
5041376,107092.4165,1995-02-07,0
1334563,107091.916,1995-01-21,0
2828066,107007.3324,1994-12-29,0
521991,106992.606,1995-03-18,0
2492900,106966.8628,1995-01-24,0
717030,106952.8576,1995-03-03,0
3913988,106952.1316,1995-02-13,0
3058086,106947.9817,1995-02-04,0
5562311,106897.8939,1995-03-03,0
2848071,106883.7042,1995-01-11,0
379780,106882.4692,1995-01-26,0
1048992,106881.122,1995-02-06,0
924324,106877.8704,1995-03-26,0
1040483,106877.084,1995-02-01,0
4650310,106848.4638,1995-03-17,0
4214244,106790.8863,1995-03-21,0
4146336,106765.0638,1994-12-27,0
2689858,106737.8382,1994-12-23,0
3779361,106731.2192,1995-03-26,0
621250,106690.2868,1995-02-03,0
863745,106659.8442,1995-02-17,0
5637926,106658.6837,1994-12-25,0
5002051,106650.153,1995-02-12,0
377120,106649.1676,1995-01-23,0
5596675,106632.85,1995-01-13,0
1357383,106630.3782,1995-01-20,0
5690467,106613.8025,1994-12-19,0
5136580,106604.9314,1995-02-02,0
3218948,106587.61,1995-03-18,0
5470628,106576.6238,1995-03-07,0
1505537,106540.3908,1995-01-17,0
3961153,106499.101,1995-02-12,0
991042,106484.545,1995-01-09,0
3375655,106483.8876,1995-02-03,0
743559,106469.3784,1995-01-03,0
3231843,106450.667,1995-01-23,0
4901860,106445.0585,1994-12-20,0
4942369,106424.5542,1995-02-06,0
4649349,106370.4233,1995-03-13,0
3621380,106366.7936,1995-02-27,0
578690,106363.2941,1995-01-28,0
4378592,106355.943,1995-02-05,0
3487906,106355.264,1995-02-08,0
1796064,106319.556,1995-03-11,0
949314,106310.8929,1995-02-12,0
3714945,106300.8792,1995-01-13,0
609799,106280.4909,1995-03-23,0
5684262,106277.249,1995-03-09,0
76869,106277.1084,1995-02-01,0
1796800,106255.3608,1995-02-26,0
2315588,106213.743,1995-02-06,0
4753829,106205.438,1995-02-11,0
3086565,106196.0871,1995-01-24,0
5453985,106092.5628,1995-01-28,0
2217095,106053.2717,1995-03-07,0
5025153,106047.5316,1995-01-31,0
4761382,106001.5008,1995-01-08,0
4257958,105996.3348,1995-01-08,0
5578594,105958.4782,1995-02-14,0
4561063,105957.5939,1995-02-18,0
4503684,105936.885,1995-03-14,0
2486624,105928.4596,1995-01-03,0
5361698,105916.8873,1995-03-22,0
1644965,105900.9726,1995-02-07,0
5283138,105856.168,1995-03-03,0
83396,105844.9568,1995-02-13,0
1386176,105812.832,1995-02-26,0
530528,105795.3015,1994-12-19,0
984675,105737.7224,1995-02-20,0
4369383,105728.3238,1995-02-10,0
4899522,105672.1632,1995-01-09,0
5034723,105666.5053,1995-02-06,0
2896293,105661.0027,1995-01-03,0
2464837,105627.6972,1995-01-20,0
5995744,105580.6557,1995-02-18,0
2054565,105571.1132,1995-02-08,0
2403495,105567.696,1995-03-24,0
588610,105540.7368,1994-12-22,0
2444032,105479.724,1995-02-10,0
3497888,105462.5112,1995-02-03,0
4774145,105443.38,1994-12-15,0
890085,105433.0143,1995-03-10,0
2058818,105423.4668,1994-12-27,0
818055,105421.9583,1994-12-31,0
1967557,105417.6066,1995-03-20,0
2416197,105310.0329,1995-03-23,0
5059106,105281.4022,1994-12-26,0
2543815,105243.081,1995-03-24,0
2500583,105230.2302,1995-03-15,0
224418,105199.0472,1995-02-11,0
5336037,105198.3114,1995-02-01,0
648835,105198.0818,1995-02-05,0
2580071,105194.3178,1995-02-21,0
562371,105193.1635,1994-12-15,0
4729409,105189.9816,1995-01-03,0
1951331,105181.3274,1995-03-04,0
168228,105152.0646,1995-02-27,0
3487907,105132.7674,1995-03-24,0
5616996,105127.6714,1995-03-21,0
690471,105116.9238,1995-02-07,0
586305,105116.8063,1995-02-03,0
1447904,105100.1021,1995-02-28,0
909058,105085.152,1995-01-18,0
3329952,105080.2048,1995-03-11,0
4256327,105022.882,1995-01-21,0
4861379,105005.7267,1995-03-22,0
3527492,104997.9656,1994-12-22,0
3930115,104976.6552,1995-01-17,0
3589443,104956.92,1995-03-09,0
4191206,104955.4128,1995-03-05,0
2475522,104928.8748,1995-02-25,0
4988227,104901.5831,1995-01-16,0
4986432,104880.4606,1995-01-25,0
2395682,104873.388,1995-02-23,0
751333,104873.2992,1994-12-23,0
5126724,104843.3688,1995-01-20,0
3617506,104841.2772,1995-01-18,0
3857760,104836.1184,1995-02-06,0
2231586,104798.064,1995-03-01,0
2375239,104764.5964,1995-03-10,0
3441156,104760.6438,1995-01-12,0
1668455,104736.7737,1995-03-13,0
2083939,104713.0224,1995-03-09,0
3814759,104706.2802,1995-03-07,0
5024289,104690.1016,1994-12-26,0
3259714,104678.0004,1995-02-11,0
3396228,104594.5544,1995-03-22,0
3791239,104594.4009,1995-02-04,0
4934816,104594.4,1995-03-02,0
5430337,104576.3782,1995-03-06,0
4844674,104533.2152,1995-03-04,0
2627012,104492.4138,1995-02-13,0
1301061,104481.1392,1994-12-16,0
2619143,104454.5352,1995-02-02,0
3447233,104444.6496,1994-12-30,0
5504641,104443.3618,1995-02-14,0
50789,104416.743,1995-03-13,0
2238497,104392.7721,1995-02-19,0
3140960,104354.0404,1995-03-10,0
1323746,104350.5843,1995-02-22,0
1255876,104336.1501,1995-02-03,0
5188295,104319.9513,1995-02-20,0
3406242,104309.201,1994-12-29,0
3383268,104289.272,1995-03-18,0
830370,104250.2828,1995-02-25,0
543170,104236.3035,1995-02-02,0
3145861,104214.0246,1995-01-24,0
1603008,104194.8022,1995-01-26,0
51361,104191.9982,1995-03-19,0
1301670,104156.7821,1995-02-12,0
5615525,104145.634,1995-01-23,0
993670,104110.803,1995-03-25,0
1667073,104079.3458,1995-02-17,0
1617926,104062.7188,1994-12-23,0
2448416,104054.3376,1994-12-29,0
2140929,104029.7102,1995-03-15,0
5142598,104012.1243,1995-02-22,0
489671,104011.9948,1995-02-11,0
5091653,104001.55,1995-02-04,0
3916354,103999.917,1995-02-10,0
2539204,103995.561,1995-02-13,0
3655073,103994.2412,1995-01-25,0
1281571,103991.3424,1995-01-20,0
180291,103974.0977,1995-02-22,0
559046,103951.974,1995-02-12,0
5784519,103946.7718,1995-02-09,0
4966406,103943.7514,1995-01-28,0
1287494,103916.2526,1995-01-26,0
772866,103905.194,1995-01-11,0
2932322,103899.4752,1995-01-14,0
4496103,103847.661,1995-03-22,0
487554,103837.6232,1995-03-23,0
2343044,103835.7177,1994-12-31,0
1152769,103807.872,1995-01-15,0
4580359,103758.384,1995-02-25,0
2014944,103749.21,1995-03-24,0
5975397,103748.3874,1994-12-26,0
1607360,103743.1368,1995-02-14,0
4170564,103734.3148,1995-02-02,0
425606,103723.764,1995-01-14,0
3748099,103700.25,1995-02-06,0
1192896,103690.3413,1995-03-05,0
5051747,103640.2875,1995-03-06,0
4848675,103634.7372,1994-12-10,0
4631073,103629.1824,1995-01-25,0
3371300,103621.77,1995-02-01,0
1200672,103620.1697,1995-03-16,0
5832099,103524.0736,1995-01-23,0
3451235,103519.5821,1995-02-23,0
2116263,103485.989,1995-02-27,0
1605509,103473.4764,1995-01-14,0
2414662,103472.626,1995-02-09,0
4944065,103461.4428,1995-01-18,0
4902725,103433.867,1995-02-01,0
244229,103411.68,1995-02-10,0
3375271,103408.291,1995-03-23,0
4092934,103391.2288,1995-02-03,0
454658,103342.9376,1995-01-23,0
2018019,103286.2648,1995-02-25,0
4218245,103185.0528,1995-03-14,0
3764486,103153.9136,1995-02-06,0
5911623,103134.0641,1995-02-23,0
2405606,103104.498,1995-02-01,0
3716484,103080.0914,1995-03-22,0
29953,103076.2131,1995-02-08,0
4032197,103072.4283,1994-12-16,0
870436,103065.87,1995-01-30,0
2654439,103047.0605,1995-01-29,0
1524166,103024.4244,1995-02-27,0
5419941,102999.0268,1995-01-18,0
3014181,102997.5706,1995-01-07,0
1022182,102981.7627,1995-01-16,0
5882051,102953.58,1994-12-30,0
138562,102908.6415,1994-12-29,0
5276833,102880.838,1995-03-04,0
3997383,102867.95,1995-01-24,0
142308,102859.1895,1995-03-25,0
5842535,102834.4176,1995-03-21,0
1842433,102815.782,1995-01-12,0
54528,102799.5498,1995-01-05,0
4472832,102794.8284,1995-02-28,0
3093985,102789.0558,1995-01-09,0
3704675,102787.055,1995-02-26,0
3952225,102783.4735,1994-12-31,0
5301156,102775.7196,1995-03-11,0
4726497,102751.7448,1995-03-18,0
3251140,102728.01,1995-03-23,0
3756198,102726.814,1995-01-19,0
3932165,102644.9485,1995-02-18,0
889315,102643.0851,1995-03-03,0
4814435,102633.5564,1995-01-21,0
3089473,102628.9485,1995-02-13,0
2089575,102594.0314,1995-02-21,0
5674626,102572.8298,1995-02-24,0
4063008,102572.3528,1995-02-20,0
405830,102556.017,1995-02-12,0
793187,102543.3108,1994-12-22,0
4091367,102487.2372,1995-03-08,0
3163588,102485.4249,1995-03-02,0
4216898,102470.7222,1994-12-30,0
1324355,102416.887,1994-12-29,0
445154,102384.8859,1995-02-25,0
5852291,102361.9204,1995-02-05,0
125605,102356.3352,1995-02-14,0
4991111,102352.4053,1995-01-04,0
3699842,102344.5057,1995-02-19,0
2360229,102342.3457,1995-01-25,0
5140517,102341.7538,1995-03-15,0
5302113,102341.05,1995-03-04,0
4977733,102326.684,1994-12-28,0
5529601,102322.9148,1994-12-25,0
329568,102272.7792,1995-01-26,0
2820448,102256.7501,1995-01-28,0
5175685,102244.2291,1995-01-27,0
1958726,102239.7477,1995-02-12,0
3227175,102215.674,1995-03-09,0
2620356,102213.6207,1995-02-07,0
5457506,102190.476,1994-12-30,0
967108,102182.9347,1995-01-10,0
2636740,102169.155,1995-01-09,0
4870787,102163.9857,1995-02-19,0
4207747,102162.1042,1995-01-09,0
4232679,102153.6096,1994-12-16,0
602021,102102.0801,1995-02-28,0
1224102,102084.9156,1994-12-30,0
5381830,102077.358,1995-01-10,0
1703749,102050.0408,1995-01-20,0
1587716,102049.931,1995-03-13,0
712260,102040.171,1995-02-25,0
1094338,102023.7735,1995-02-27,0
3175745,102020.7534,1995-01-07,0
3225890,102007.1838,1995-02-20,0
2538243,101970.1235,1994-12-23,0
1720130,101863.72,1995-01-21,0
4611776,101855.712,1995-02-04,0
263141,101819.3216,1995-01-26,0
3657541,101773.2108,1995-02-15,0
2673377,101738.7618,1995-01-09,0
923109,101724.5166,1995-03-21,0
1563011,101675.3112,1995-03-02,0
4139429,101670.83,1995-01-06,0
3480199,101637.3698,1995-03-09,0
2992354,101636.8244,1995-02-27,0
188839,101611.5384,1995-03-22,0
403047,101611.1838,1995-03-08,0
2200032,101594.399,1995-01-10,0
2158339,101577.8931,1995-01-20,0
617280,101538.3676,1995-01-21,0
5011556,101510.2863,1995-01-29,0
801217,101507.3624,1995-02-21,0
4026086,101500.4056,1995-01-15,0
2593479,101494.5216,1994-12-29,0
5728357,101463.0,1995-02-02,0
1032834,101428.926,1995-02-04,0
5504672,101415.8845,1995-02-24,0
3490823,101411.5104,1995-01-14,0
4706150,101409.8244,1995-02-16,0
4158852,101405.301,1995-01-18,0
3498082,101396.308,1995-03-16,0
4524902,101348.2525,1995-01-30,0
1865286,101330.463,1995-02-23,0
1795716,101292.6624,1995-02-24,0
3851522,101248.9698,1995-02-28,0
3226371,101247.2897,1995-01-18,0
1603872,101234.7303,1995-02-26,0
1321474,101175.5136,1995-02-03,0
5010401,101175.4958,1995-03-17,0
429155,101159.3634,1994-12-16,0
3481536,101121.1836,1995-01-08,0
3723941,101115.224,1995-03-08,0
5557541,101098.2702,1995-02-25,0
105248,101048.0648,1995-03-26,0
5240806,101047.113,1995-02-04,0
2957637,101029.47,1995-03-02,0
1453764,101028.3677,1995-01-27,0
124227,100993.629,1995-02-05,0
3692935,100964.6847,1995-02-24,0
5691553,100952.5714,1995-01-09,0
816838,100923.1476,1994-12-26,0
2429157,100883.4126,1995-03-02,0
4482146,100882.221,1994-12-27,0
5896739,100879.1084,1995-02-27,0
227011,100869.5918,1995-01-30,0
5711079,100859.5571,1995-02-21,0
800839,100838.7468,1995-02-01,0
5432929,100829.9535,1995-03-19,0
795815,100826.9988,1995-02-09,0
1467969,100801.314,1995-03-01,0
797958,100787.8464,1995-03-22,0
5257250,100786.7934,1995-02-20,0
5827398,100784.7477,1995-02-26,0
1123395,100749.26,1995-03-02,0
583266,100737.6288,1995-02-20,0
3619554,100722.0897,1995-03-17,0
1573831,100660.2065,1995-02-12,0
5449762,100657.518,1995-02-24,0
1525188,100623.8964,1995-03-25,0
290471,100615.5232,1995-01-26,0
5038817,100606.8746,1995-02-01,0
172288,100572.9162,1994-12-10,0
4542561,100561.1022,1995-02-11,0
632647,100542.8468,1995-02-20,0
4585511,100541.4084,1994-12-30,0
2424193,100538.5787,1995-02-05,0
2364576,100516.714,1995-03-01,0
326277,100507.825,1995-02-05,0
4244258,100487.0092,1995-01-02,0
3418311,100471.8968,1995-01-12,0
2779779,100459.7118,1995-02-21,0
2821984,100414.5401,1995-01-16,0
3682880,100392.1344,1994-12-18,0
2411168,100381.151,1995-03-11,0
5671206,100341.6882,1995-03-09,0
1916324,100317.9958,1995-02-25,0
136480,100307.7658,1995-03-14,0
3316231,100165.5648,1995-01-04,0
5116384,100131.0706,1995-03-14,0
1835652,100107.4062,1994-12-26,0
5174915,100098.8552,1995-02-15,0
658688,100092.4155,1995-01-27,0
3265701,100088.7394,1995-01-04,0
3912929,100070.0372,1995-02-27,0
1131847,100056.1812,1995-01-09,0
1121312,100049.9861,1995-01-18,0
3307398,100015.8066,1995-02-05,0
4257795,100006.3954,1995-03-07,0
680065,99983.1792,1994-12-31,0
1196195,99982.668,1995-01-30,0
4137479,99962.586,1994-12-25,0
4702149,99942.6184,1995-02-05,0
5716192,99941.5494,1995-02-25,0
3591012,99908.296,1995-02-04,0
4095782,99860.3136,1995-02-13,0
3653632,99840.6248,1995-03-10,0
3281511,99821.8456,1995-02-25,0
525442,99814.551,1995-01-17,0
5081412,99802.7308,1995-02-27,0
4943682,99789.1225,1995-02-24,0
5697025,99783.1515,1995-01-05,0
4321888,99768.4959,1995-02-23,0
3696421,99746.571,1995-01-12,0
1723520,99743.8134,1995-01-29,0
1955617,99704.452,1995-03-13,0
5011524,99697.1925,1995-01-31,0
2162916,99672.8553,1995-02-06,0
4820419,99628.1756,1994-12-18,0
608481,99599.3671,1995-02-27,0
1969508,99596.8514,1995-03-03,0
5190788,99573.5148,1995-02-01,0
5131269,99555.5968,1995-02-10,0
70016,99510.853,1995-01-28,0
2921381,99479.8147,1995-03-07,0
1586181,99476.5932,1995-01-08,0
3748647,99473.1468,1995-01-13,0
1408994,99467.1977,1995-01-18,0
4587045,99461.0234,1995-02-24,0
848289,99459.7846,1995-03-10,0
2475905,99442.0104,1995-03-06,0
2795588,99438.3018,1994-12-15,0
2250117,99431.0565,1995-02-02,0
2243104,99427.492,1995-01-14,0
4517827,99399.072,1995-01-11,0
1190757,99376.7775,1994-12-20,0
2051653,99361.773,1995-01-24,0
3161766,99356.8646,1995-03-06,0
2010629,99336.7634,1994-12-27,0
1456962,99336.2448,1995-03-08,0
4847204,99325.9468,1995-02-15,0
2346499,99269.8615,1995-02-02,0
4007780,99243.0922,1995-03-10,0
1506914,99234.2145,1995-01-04,0
646503,99233.901,1995-01-09,0
5208354,99202.726,1995-01-12,0
4812545,99187.3568,1995-02-03,0
2952705,99154.5886,1994-12-31,0
1952516,99149.9762,1995-01-12,0
1433318,99127.0188,1995-02-08,0
2327911,99110.2299,1994-12-30,0
3505731,99068.4366,1995-02-03,0
4726272,99066.896,1995-02-08,0
4475655,99054.454,1995-01-30,0
3679653,99049.4246,1995-03-22,0
4744196,99044.71,1995-01-28,0
3686342,99041.4302,1995-02-18,0
409315,98942.1132,1995-01-19,0
3491747,98909.2231,1995-01-03,0
4454403,98901.9264,1995-01-18,0
5675013,98886.207,1995-01-03,0
3948705,98881.3485,1995-02-08,0
4794306,98871.717,1995-02-06,0
86500,98870.12,1994-12-26,0
2662624,98862.748,1995-02-22,0
3726757,98838.4616,1994-12-30,0
137281,98799.4896,1995-03-06,0
5829152,98791.11,1995-02-27,0
2198467,98781.2884,1995-01-31,0
3962342,98772.98,1995-01-05,0
1375841,98769.2453,1995-03-25,0
4928834,98734.1572,1995-03-03,0
3334624,98704.8839,1995-01-20,0
718244,98687.2408,1995-02-21,0
3837089,98683.6108,1995-02-04,0
5960609,98650.5255,1995-01-08,0
3253379,98632.7703,1995-01-15,0
1635201,98625.4895,1995-03-03,0
2786084,98624.7084,1994-12-19,0
4761154,98606.469,1994-12-12,0
1496167,98584.8354,1995-03-26,0
1626115,98565.3348,1995-02-21,0
5935651,98539.9644,1995-02-05,0
5906468,98535.554,1995-01-29,0
2270849,98532.9908,1995-02-08,0
4888899,98512.0128,1994-12-18,0
3841312,98508.192,1995-02-21,0
3701216,98488.9302,1994-12-24,0
2054114,98477.4019,1995-01-16,0
5036710,98458.2924,1995-02-13,0
5204165,98458.2575,1995-02-28,0
4115239,98458.0246,1995-03-17,0
5465315,98441.901,1995-03-11,0
3176900,98439.6892,1995-03-12,0
5086823,98427.4398,1995-01-11,0
1211204,98420.3772,1995-03-25,0
4833984,98390.052,1995-03-06,0
5450855,98373.4185,1995-02-24,0
3535206,98367.178,1994-12-10,0
3996322,98360.1635,1995-01-05,0
749639,98328.474,1995-03-13,0
714753,98325.8986,1995-01-11,0
91300,98263.991,1995-02-16,0
3688641,98263.1196,1995-03-12,0
671458,98260.6692,1995-03-19,0
1907015,98257.2402,1995-03-13,0
185154,98184.3624,1995-02-14,0
563620,98167.3888,1995-02-18,0
1721991,98124.2596,1995-02-08,0
2844291,98103.5928,1995-02-06,0
600261,98059.9303,1995-03-01,0
2110499,98055.0566,1995-03-08,0
2132326,98042.9684,1995-03-08,0
3266688,98035.4729,1995-01-20,0
2695494,98019.3577,1995-02-27,0
5186307,98012.6561,1995-01-12,0
5746533,98004.8237,1995-02-03,0
1663392,97993.3172,1995-01-13,0
2096545,97981.6668,1995-02-19,0
2869890,97977.8485,1995-03-20,0
5806114,97958.586,1995-03-10,0
3138758,97953.079,1995-01-14,0
4024998,97945.107,1995-03-05,0
5814311,97860.4983,1995-02-01,0
2205379,97830.69,1995-01-20,0
2943463,97813.6333,1995-03-15,0
3559939,97766.2945,1995-03-24,0
1502273,97732.8032,1995-01-27,0
2091110,97698.71,1994-12-19,0
1923974,97693.6557,1995-01-08,0
513763,97672.3632,1995-01-05,0
2270211,97654.647,1995-02-20,0
5235328,97627.7961,1995-03-06,0
2047011,97621.6683,1995-03-07,0
4806273,97614.8404,1995-02-04,0
2269024,97613.612,1995-02-22,0
2256610,97585.8995,1995-03-08,0
2026949,97551.6156,1995-03-01,0
4976900,97536.2157,1995-01-19,0
1988740,97496.8412,1994-12-28,0
4478567,97496.1869,1995-02-05,0
2944513,97493.8429,1994-12-19,0
4783239,97478.4462,1995-02-04,0
2161122,97469.827,1995-01-05,0
5186818,97421.4904,1995-01-22,0
2591748,97416.13,1995-03-21,0
3666501,97415.956,1995-03-12,0
3238853,97401.1104,1995-02-01,0
554917,97379.1453,1995-01-18,0
4645346,97363.908,1995-03-18,0
3819622,97320.879,1994-12-08,0
1876099,97316.9532,1995-02-13,0
3654439,97298.3088,1995-01-26,0
1740805,97296.3686,1995-01-25,0
5433766,97286.2602,1995-03-04,0
1423683,97241.5918,1995-01-31,0
4752135,97219.15,1995-03-03,0
2570631,97201.0279,1995-01-16,0
2493604,97187.5996,1995-02-13,0
1894464,97174.848,1995-01-09,0
3076672,97161.8088,1995-03-15,0
1803207,97160.072,1995-03-17,0
3561990,97136.8081,1995-03-12,0
103808,97086.8037,1995-01-25,0
2336389,97083.48,1995-01-11,0
5446341,97055.7684,1995-01-10,0
2849635,97054.967,1995-03-13,0
446148,97038.318,1995-02-07,0
2253542,97010.2611,1995-03-14,0
3281221,96989.8794,1995-03-09,0
4572613,96985.086,1995-03-10,0
5618823,96963.5519,1995-02-26,0
5159172,96962.672,1994-12-21,0
4022754,96940.159,1995-03-06,0
3141920,96930.9294,1995-02-19,0
5878439,96914.3976,1995-03-09,0
5756995,96905.583,1995-02-03,0
1772805,96892.0185,1995-01-25,0
2686819,96892.0158,1995-03-22,0
5968932,96889.4752,1995-01-17,0
4675715,96889.3815,1995-02-21,0
3401732,96889.1875,1995-01-26,0
3220615,96797.8722,1995-02-25,0
2024772,96795.3774,1994-12-16,0
1084677,96795.3009,1995-01-12,0
608325,96793.7129,1995-03-26,0
2534338,96748.0648,1995-02-07,0
2398407,96733.4616,1995-02-24,0
5408198,96730.4002,1994-12-20,0
2884836,96691.45,1995-01-15,0
5689569,96683.3974,1995-02-01,0
582338,96641.5218,1995-01-20,0
5739203,96634.578,1995-02-14,0
4641958,96619.2479,1995-01-26,0
4763970,96613.507,1995-03-21,0
1714183,96558.1412,1995-01-13,0
943974,96525.59,1995-03-09,0
3976198,96487.1992,1995-03-15,0
5640678,96484.7674,1995-02-09,0
2044544,96479.4915,1995-02-06,0
1596994,96444.9416,1994-12-23,0
2213124,96414.4162,1995-02-24,0
821606,96394.0644,1995-02-20,0
2585314,96365.64,1995-02-18,0
199971,96354.2804,1995-02-18,0
768454,96319.7065,1995-01-26,0
922625,96252.4995,1995-01-02,0
57922,96227.087,1995-02-09,0
1029060,96223.6057,1995-01-04,0
96900,96221.7284,1995-01-16,0
4345060,96215.8632,1995-01-25,0
4730307,96179.8008,1994-12-23,0
3819268,96168.6333,1995-01-16,0
1401954,96161.7874,1995-01-07,0
4259907,96159.196,1994-12-14,0
3955744,96140.0077,1995-02-25,0
5380711,96119.252,1995-03-04,0
862241,96092.4996,1994-12-24,0
3770982,96035.3975,1995-02-20,0
389125,96029.997,1995-03-03,0
4512005,96026.346,1995-02-11,0
1911970,96006.0554,1995-03-06,0
2847781,96004.6471,1995-01-19,0
5365376,95996.355,1994-12-29,0
1931360,95976.8802,1995-01-27,0
5028775,95975.402,1995-02-13,0
5907138,95970.002,1995-03-05,0
1494566,95967.5808,1995-01-17,0
1185090,95962.7195,1995-01-19,0
5261511,95880.9885,1995-02-08,0
3671425,95875.3047,1995-02-28,0
4728323,95865.6996,1995-03-03,0
328870,95845.6512,1995-01-31,0
3896993,95829.9639,1995-02-10,0
862402,95825.2253,1995-02-23,0
671681,95822.1084,1994-12-24,0
3802084,95805.6732,1995-01-29,0
348837,95731.6332,1995-03-08,0
5346150,95707.4099,1995-01-14,0
5320034,95707.264,1995-02-11,0
86754,95699.2266,1995-01-25,0
5256262,95696.3612,1995-01-17,0
4294176,95693.8366,1995-02-13,0
3889121,95692.5212,1995-02-11,0
5459489,95678.7812,1995-03-05,0
4877952,95665.4548,1994-12-26,0
388422,95631.644,1994-12-26,0
150247,95621.5547,1995-03-06,0
4242087,95611.843,1995-03-04,0
5709126,95586.8132,1995-03-04,0
4205728,95558.456,1995-01-11,0
5558016,95541.3231,1995-02-20,0
4234533,95508.365,1995-03-16,0
3298530,95490.283,1995-01-09,0
5309284,95465.5798,1995-01-18,0
3989475,95459.3461,1995-02-02,0
1349092,95426.7523,1995-03-10,0
5413058,95426.6166,1995-01-29,0
282949,95416.587,1995-01-01,0
1798177,95416.0241,1995-02-09,0
67300,95413.0705,1995-03-20,0
3124421,95347.755,1995-01-27,0
3206277,95344.9773,1994-12-21,0
961285,95344.956,1994-12-28,0
4876934,95308.4586,1995-02-07,0
562336,95306.8032,1995-01-07,0
3349633,95285.4259,1995-03-21,0
2353607,95285.3074,1995-01-16,0
2131296,95249.3163,1995-01-26,0
168193,95243.6343,1995-03-22,0
5665607,95239.7515,1995-01-14,0
5347522,95224.8858,1995-03-05,0
5294755,95216.2397,1995-03-24,0
2684162,95203.2348,1995-01-08,0
4066598,95200.293,1995-01-14,0
2057472,95113.399,1995-02-18,0
5580000,95103.61,1994-12-31,0
4764576,95061.7133,1995-02-24,0
4246976,95057.5168,1995-01-18,0
3117030,95032.5367,1995-03-13,0
5605542,95015.448,1995-01-31,0
5982753,94993.3453,1995-01-21,0
265222,94972.4816,1995-01-26,0
2808678,94965.5655,1995-02-02,0
3864289,94933.6245,1995-02-25,0
5140609,94912.885,1995-01-16,0
2667648,94895.5327,1995-01-06,0
5959489,94893.3547,1995-01-07,0
1714978,94892.4138,1995-01-20,0
4331078,94857.8322,1995-01-23,0
4897090,94818.9738,1995-03-13,0
3417955,94764.458,1995-03-08,0
1996327,94764.3149,1995-01-31,0
3004517,94743.0268,1994-12-09,0
1701379,94739.3776,1995-01-27,0
4599936,94730.9957,1995-01-06,0
5575489,94716.8942,1995-02-09,0
240196,94711.1176,1995-01-20,0
3102245,94694.907,1995-03-11,0
2139297,94676.559,1995-02-01,0
1650341,94653.983,1995-01-15,0
1371587,94631.25,1995-01-16,0
5045285,94625.184,1994-12-26,0
5532069,94595.8218,1994-12-30,0
3201094,94578.4912,1994-12-21,0
1314752,94572.7455,1995-02-09,0
3277377,94540.7034,1995-02-12,0
3193058,94524.6474,1995-01-01,0
2912387,94493.415,1995-03-06,0
395975,94468.8582,1995-01-28,0
2568578,94411.447,1995-01-02,0
2201956,94399.088,1994-12-23,0
255138,94360.8555,1995-02-14,0
1866182,94290.2688,1995-02-01,0
1223911,94283.6742,1995-01-05,0
1425574,94259.4142,1995-01-15,0
4194914,94243.2081,1995-01-17,0
4700708,94241.1664,1995-01-09,0
360641,94230.7284,1995-01-17,0
2013026,94216.5804,1995-01-27,0
1944517,94152.6207,1995-03-03,0
808834,94148.258,1995-02-19,0
3199782,94143.3476,1995-01-31,0
3739975,94128.0746,1995-03-14,0
3991559,94127.4143,1995-02-08,0
1545313,94121.84,1995-02-16,0
1895235,94087.0846,1995-02-03,0
2944898,94082.7735,1995-02-24,0
2149760,94071.568,1995-02-05,0
2827942,94058.5761,1995-01-08,0
3645188,94047.6328,1995-02-04,0
995361,94034.7837,1994-12-28,0
838404,93957.444,1995-01-21,0
5821798,93915.9885,1994-12-19,0
4150625,93865.75,1995-03-21,0
3118592,93857.276,1995-02-19,0
1047938,93832.5968,1995-02-17,0
2394052,93827.9781,1995-03-16,0
1719655,93817.3311,1995-02-27,0
5626884,93804.7384,1995-03-05,0
2796679,93799.3165,1995-01-18,0
5252576,93773.776,1995-03-07,0
2950688,93773.234,1995-02-06,0
5025189,93723.5806,1994-12-30,0
1279430,93705.3651,1994-12-23,0
3264513,93666.9825,1995-02-05,0
1089574,93666.1792,1995-02-06,0
4716132,93643.8207,1994-12-29,0
915463,93627.9405,1995-03-23,0
575175,93624.459,1995-02-16,0
1589315,93622.835,1995-02-17,0
2808228,93620.9712,1995-02-22,0
1977091,93599.3308,1995-03-03,0
3632231,93544.8514,1995-02-09,0
834465,93535.4124,1995-01-26,0
4248002,93533.5754,1994-12-28,0
1878658,93527.234,1994-12-15,0
2440482,93521.68,1995-03-20,0
4429472,93518.526,1995-03-01,0
3590305,93505.2724,1995-01-26,0
581315,93481.3956,1995-02-03,0
3852260,93470.778,1995-02-21,0
2196806,93465.6772,1995-02-02,0
3957861,93463.014,1995-01-23,0
4444291,93455.0472,1995-03-09,0
75879,93448.5432,1994-12-22,0
4741763,93444.1825,1994-12-29,0
1535458,93412.5675,1994-12-29,0
3017703,93401.9887,1995-02-25,0
1595365,93394.4652,1995-02-05,0
1170791,93380.8868,1995-01-25,0
2894022,93326.7942,1995-02-24,0
2844000,93305.3769,1995-02-08,0
4369638,93282.64,1995-01-17,0
2274402,93278.7861,1995-02-02,0
236164,93234.1062,1994-12-12,0
1099363,93227.3212,1995-01-09,0
3341955,93226.192,1995-03-21,0
5543905,93179.4704,1995-01-17,0
3614599,93146.1678,1994-12-26,0
5532295,93143.43,1995-01-15,0
5982980,93133.8246,1995-01-09,0
1689383,93114.166,1995-01-27,0
439492,93094.2975,1995-01-08,0
5764196,93079.7885,1995-02-13,0
2216224,93079.2104,1995-01-11,0
5704928,93061.0482,1995-02-08,0
5522823,93035.168,1995-01-28,0
1894689,93028.7329,1994-12-31,0
1478406,93018.0603,1995-02-07,0
3683298,92998.088,1995-02-10,0
4257025,92989.9488,1995-02-12,0
5330115,92979.7487,1995-01-28,0
1960547,92963.6666,1995-03-04,0
82981,92961.4041,1995-03-12,0
3654115,92938.8684,1995-02-19,0
1122631,92934.408,1995-02-28,0
2716545,92932.3776,1995-02-16,0
2526657,92927.6621,1995-02-06,0
2397026,92894.8076,1995-01-12,0
1819589,92893.093,1994-12-29,0
2855207,92887.1668,1995-02-25,0
35266,92873.0228,1995-01-11,0
5791015,92856.0192,1995-02-22,0
1539937,92852.472,1995-02-26,0
1507973,92833.6516,1994-12-29,0
4208485,92785.1043,1995-03-14,0
5554279,92773.374,1995-02-27,0
75107,92772.561,1995-03-23,0
359750,92770.06,1995-02-04,0
4090756,92769.2311,1994-12-31,0
3206272,92759.9004,1995-03-06,0
1791137,92740.265,1995-01-05,0
180999,92730.72,1995-02-12,0
2544546,92725.0905,1995-03-06,0
2652295,92702.733,1995-02-05,0
4999236,92691.945,1995-01-17,0
108545,92691.8098,1995-02-01,0
3249889,92685.1513,1995-03-15,0
5146434,92677.0093,1995-02-25,0
1534374,92657.8183,1995-01-05,0
2561574,92652.2928,1995-03-10,0
5940643,92581.7472,1995-01-03,0
4776802,92564.2404,1995-02-07,0
5034950,92562.8833,1995-01-29,0
4644420,92550.279,1995-01-19,0
2237251,92536.38,1995-03-09,0
4015973,92500.7354,1995-02-27,0
4854533,92494.2204,1995-01-10,0
2993189,92490.063,1995-01-27,0
3215394,92473.8542,1995-01-02,0
3577060,92471.5176,1995-02-22,0
5722949,92471.5028,1995-02-01,0
2105701,92451.8848,1995-03-09,0
453446,92436.904,1995-02-10,0
5002563,92396.9348,1995-03-23,0
4207456,92371.5382,1994-12-15,0
5774818,92339.7416,1995-03-15,0
3822501,92339.1707,1995-02-18,0
4458146,92323.0296,1995-02-07,0
4002407,92295.6238,1995-03-03,0
4889669,92278.237,1995-01-31,0
3496736,92264.2608,1995-02-01,0
1780576,92241.5164,1995-02-27,0
1055393,92196.9888,1995-02-11,0
3050886,92195.343,1995-03-07,0
1909185,92192.9288,1995-03-05,0
876263,92184.84,1994-12-14,0
1900997,92128.1272,1995-03-18,0
2741701,92102.3542,1995-01-12,0
444003,92084.4276,1995-02-27,0
279588,92082.2224,1995-03-03,0
5109217,92054.7382,1995-01-04,0
3828517,92053.6572,1995-02-08,0
4999265,92005.5185,1995-02-02,0
2283492,91974.2976,1994-12-31,0
4403681,91972.3873,1994-12-22,0
3418822,91935.618,1995-01-27,0
5563588,91923.1967,1995-02-28,0
5550529,91912.7966,1995-01-29,0
500802,91899.0766,1995-01-20,0
4108737,91896.418,1994-12-14,0
5547076,91894.5345,1995-02-19,0
2153060,91833.3446,1995-02-24,0
1031526,91819.1538,1995-02-09,0
5071366,91800.4292,1994-12-17,0
5242310,91794.6693,1995-01-30,0
3215877,91762.6446,1995-01-23,0
5342631,91727.1348,1995-01-10,0
1022885,91726.6549,1995-03-05,0
3553638,91717.66,1995-02-18,0
2727718,91686.516,1995-02-04,0
2829158,91683.024,1995-02-06,0
2801442,91680.8991,1995-03-04,0
3903011,91677.7926,1995-02-06,0
2544452,91653.5155,1995-02-04,0
1557703,91648.2964,1995-01-28,0
4517825,91645.7281,1995-03-14,0
3379424,91639.736,1994-12-23,0
2386209,91621.4208,1995-03-20,0
5072932,91607.2776,1995-01-14,0
4295361,91581.7646,1995-01-14,0
5426753,91563.88,1995-02-08,0
3526023,91547.8381,1995-01-16,0
5089957,91540.64,1995-02-15,0
2002662,91539.4168,1995-01-31,0
1121954,91524.9708,1995-01-25,0
4800673,91518.3781,1995-03-02,0
3128551,91509.2559,1995-02-19,0
1965314,91496.3904,1995-02-19,0
1793794,91492.0508,1995-01-07,0
2127619,91457.9158,1995-02-02,0
1743427,91457.1398,1995-03-19,0
3880070,91436.64,1994-12-23,0
3894944,91398.7464,1995-03-14,0
2932839,91375.5749,1995-01-21,0
1473222,91315.076,1995-01-15,0
4791879,91284.5406,1995-02-22,0
3028481,91268.259,1995-02-04,0
391462,91247.9292,1995-03-08,0
3784515,91244.9672,1995-01-08,0
3896227,91222.8336,1995-01-04,0
1036769,91219.1684,1995-03-18,0
1112902,91205.9666,1995-03-10,0
1373956,91202.0134,1995-02-01,0
1636677,91198.477,1995-03-02,0
5345956,91193.1784,1995-02-18,0
2073957,91188.3433,1995-02-09,0
1192964,91162.7397,1994-12-28,0
701765,91160.1664,1995-01-09,0
5289191,91118.9736,1995-01-20,0
1586919,91118.5664,1995-03-12,0
3392868,91114.994,1995-01-13,0
5283458,91011.9616,1995-02-21,0
5366242,90990.653,1995-02-05,0
2513378,90982.8542,1995-02-27,0
4029541,90973.6945,1995-01-23,0
2711847,90970.8252,1994-12-13,0
4438983,90960.0732,1995-01-18,0
499138,90952.3914,1995-02-24,0
4375584,90949.3648,1995-01-20,0
1347847,90938.9227,1995-01-31,0
2625862,90934.77,1995-01-01,0
1499619,90929.3591,1995-03-25,0
1374850,90904.37,1995-01-06,0
4422688,90899.0023,1995-03-10,0
146624,90898.442,1995-01-13,0
1383429,90882.6641,1995-03-18,0
523106,90872.1087,1995-03-01,0
5795525,90861.0372,1995-01-14,0
588614,90851.1791,1995-02-20,0
332611,90848.9076,1995-03-09,0
1665058,90840.1384,1994-12-26,0
1503367,90834.24,1995-02-22,0
762018,90826.5749,1995-02-14,0
2119815,90811.8012,1995-01-19,0
5684455,90771.1028,1995-02-17,0
4053348,90768.832,1995-02-08,0
2775746,90759.2721,1995-03-18,0
926368,90756.0904,1995-02-09,0
2128387,90747.111,1995-01-06,0
1602855,90739.7579,1995-02-09,0
124448,90715.6712,1995-03-24,0
2587426,90696.9194,1995-02-02,0
264743,90693.8648,1995-01-29,0
1963779,90681.4565,1995-01-29,0
2495494,90678.6133,1995-01-29,0
407942,90676.1038,1995-02-11,0
5580838,90636.4659,1995-01-09,0
4801633,90620.7154,1995-01-13,0
3160455,90572.355,1994-12-21,0
2282341,90568.791,1995-01-14,0
2712902,90545.7616,1995-02-20,0
5071782,90533.1404,1995-03-09,0
2437632,90522.964,1995-03-02,0
1925060,90518.4628,1995-03-13,0
3435618,90485.8672,1995-03-06,0
1611522,90452.0196,1995-03-09,0
271334,90415.338,1995-01-12,0
4549667,90353.0874,1994-12-29,0
2670247,90290.2955,1994-12-23,0
3076289,90265.4868,1995-02-25,0
4088100,90264.5528,1995-01-27,0
5608388,90238.7277,1995-03-05,0
5796193,90237.5504,1994-12-24,0
5151111,90224.9445,1995-03-16,0
1677637,90220.48,1995-01-03,0
874532,90218.8008,1995-02-02,0
4146368,90162.15,1995-02-03,0
2894823,90146.6862,1995-02-21,0
4754470,90131.2386,1995-03-20,0
1251846,90121.4952,1995-01-16,0
5674912,90116.532,1995-02-03,0
4325699,90115.9216,1995-01-26,0
1080388,90094.689,1995-02-01,0
1073698,90063.0831,1995-01-25,0
2209890,90011.6104,1995-03-17,0
2890053,90006.697,1995-03-19,0
5935812,89983.1745,1995-02-11,0
3441063,89949.876,1995-01-10,0
1796135,89924.6836,1995-02-22,0
4159488,89922.421,1995-02-10,0
325058,89922.264,1995-01-25,0
924835,89902.6394,1995-03-14,0
4649831,89891.3961,1995-03-07,0
1737379,89867.7876,1995-02-13,0
2029156,89852.0499,1995-01-29,0
635936,89831.1,1995-02-25,0
2825669,89816.2,1995-01-20,0
1007398,89807.746,1995-02-18,0
1168741,89799.8706,1995-01-22,0
504547,89781.7935,1995-01-31,0
4882145,89765.3384,1995-02-19,0
311968,89758.3375,1995-01-09,0
1185728,89747.5184,1995-01-10,0
2449761,89735.8605,1995-02-07,0
3247552,89734.5344,1995-03-05,0
4895590,89721.7758,1995-02-02,0
178724,89709.3298,1995-01-09,0
2545447,89705.52,1995-03-16,0
1198854,89681.5439,1995-03-25,0
1098564,89673.2505,1995-01-11,0
5297218,89663.917,1995-02-24,0
3867847,89661.1728,1995-03-12,0
2486725,89657.9,1995-01-19,0
2144038,89629.708,1995-02-21,0
2309447,89624.3194,1995-02-20,0
643334,89624.002,1995-02-24,0
3962534,89621.9558,1995-02-16,0
862980,89598.0644,1995-02-27,0
3170400,89585.5884,1995-01-07,0
4788001,89556.94,1995-01-22,0
4911716,89480.4384,1995-01-14,0
3384614,89470.2105,1994-12-27,0
2260901,89456.715,1995-01-25,0
4549478,89439.246,1995-01-18,0
793347,89432.379,1995-01-05,0
5472548,89419.9382,1995-02-25,0
3784898,89402.088,1995-01-11,0
2259011,89376.3456,1995-02-07,0
1530469,89371.9238,1995-03-15,0
750631,89348.2083,1995-01-22,0
4433189,89344.4073,1995-01-31,0
826560,89308.9582,1995-01-05,0
2765280,89307.784,1995-03-01,0
4184961,89291.9183,1995-01-13,0
458023,89283.1616,1995-01-20,0
4963297,89273.0564,1995-01-10,0
2754951,89269.628,1995-01-13,0
2240096,89262.6285,1995-01-25,0
1860803,89252.5173,1995-02-06,0
4801091,89248.825,1995-02-06,0
3514401,89248.3602,1995-03-23,0
2141445,89230.9115,1995-03-05,0
2212711,89197.7429,1994-12-23,0
1093991,89161.3776,1995-03-23,0
601061,89150.5976,1995-02-09,0
5948033,89150.54,1995-02-11,0
1863680,89145.691,1995-03-22,0
5734599,89139.3888,1995-01-11,0
1406146,89114.9629,1995-02-02,0
5317767,89109.789,1995-01-26,0
1037639,89090.4849,1995-01-06,0
3562693,89066.164,1995-02-02,0
113216,89058.9688,1995-03-10,0
5885697,89052.2325,1995-02-19,0
2691585,89043.8568,1995-03-26,0
3684481,89027.3028,1995-02-06,0
4202945,89023.5039,1995-02-28,0
751872,89015.0369,1995-01-29,0
3810912,88991.604,1995-01-18,0
283619,88980.5504,1995-03-13,0
672454,88959.9,1995-03-24,0
2046881,88957.0655,1994-12-12,0
4515747,88915.1936,1995-01-14,0
2779424,88906.9072,1995-03-13,0
3995012,88849.806,1995-02-05,0
3841378,88848.8528,1995-03-07,0
2886629,88847.8446,1995-01-02,0
5782373,88825.7108,1995-02-12,0
1792934,88801.034,1994-12-25,0
672034,88789.7775,1995-01-23,0
4144228,88786.0005,1995-02-17,0
5337892,88785.3518,1995-02-21,0
2382241,88784.7168,1995-02-28,0
1224963,88752.0809,1995-01-10,0
995938,88729.7846,1995-01-25,0
5204100,88720.128,1995-03-21,0
1005027,88671.504,1994-12-20,0
639076,88656.5021,1995-01-24,0
4348261,88643.3358,1995-01-28,0
1148610,88639.2079,1995-03-13,0
2872674,88632.4626,1995-03-22,0
2161191,88625.8146,1995-01-18,0
629216,88612.0625,1995-02-16,0
2483558,88605.5535,1995-01-01,0
3131875,88577.9923,1995-03-13,0
3122976,88575.5832,1995-01-11,0
5042915,88562.9749,1995-02-24,0
407780,88529.884,1995-01-29,0
2026051,88529.535,1995-02-03,0
1622405,88525.234,1995-02-09,0
4040448,88517.1066,1995-03-10,0
5894470,88512.345,1995-02-27,0
2870309,88482.3984,1994-12-17,0
3874276,88469.8513,1995-01-08,0
259302,88447.1133,1995-02-28,0
2103104,88384.9117,1995-02-15,0
2905858,88384.0878,1995-01-24,0
813797,88382.728,1995-01-10,0
2993700,88351.998,1995-01-10,0
2316198,88346.9527,1995-01-24,0
4695936,88311.582,1995-03-08,0
665413,88305.353,1995-03-24,0
5348613,88286.0827,1995-02-19,0
5505189,88280.1747,1995-03-09,0
3630208,88242.1104,1995-02-07,0
5110626,88230.5228,1995-02-21,0
1286464,88199.4452,1995-03-17,0
3457922,88182.7748,1995-02-12,0
258752,88181.8891,1995-03-03,0
5650880,88177.3375,1995-02-12,0
837607,88144.6597,1995-01-31,0
4707,88143.7774,1995-02-27,0
801888,88136.8548,1995-02-28,0
2544774,88113.6256,1995-01-06,0
5564900,88070.0588,1995-01-15,0
1059009,88066.95,1995-01-02,0
207877,88056.7804,1994-12-25,0
897696,88034.105,1995-03-07,0
5807873,88006.2292,1994-12-27,0
114213,87995.7,1994-12-16,0
505121,87972.9814,1995-02-28,0
2285125,87958.5444,1995-02-10,0
1909635,87945.799,1995-02-17,0
24388,87911.568,1995-01-27,0
3917986,87910.6635,1994-12-24,0
3552033,87883.377,1995-03-21,0
2296935,87877.6364,1995-01-20,0
4646945,87858.1188,1994-12-25,0
1444771,87853.4438,1995-03-21,0
115782,87828.804,1995-01-14,0
1119361,87792.2876,1995-02-20,0
1894242,87788.1666,1995-01-21,0
2558721,87781.8224,1995-03-10,0
2302215,87778.6836,1994-12-18,0
2441121,87776.37,1995-01-27,0
3598887,87767.0938,1995-01-10,0
4691012,87764.7231,1995-01-23,0
4854211,87763.3412,1995-01-11,0
1247237,87736.1936,1995-02-15,0
1358434,87713.446,1995-01-13,0
5103749,87704.8205,1995-01-13,0
3235906,87688.1184,1995-02-27,0
3750759,87627.8845,1995-01-27,0
266884,87624.0921,1995-01-18,0
2147556,87540.5064,1995-03-02,0
4593347,87532.192,1995-03-09,0
1052099,87519.702,1995-02-10,0
2721923,87498.3312,1995-01-13,0
1800160,87492.5421,1995-01-21,0
1528837,87478.704,1995-01-19,0
2621830,87476.13,1995-01-15,0
3612130,87467.33,1994-12-31,0
2485509,87447.7158,1994-12-28,0
4250273,87446.88,1994-11-29,0
3904099,87414.2679,1995-01-13,0
5322403,87347.682,1994-12-26,0
2587457,87340.562,1995-02-20,0
4238213,87331.8665,1995-01-21,0
5694374,87265.5118,1995-03-06,0
5954689,87238.9043,1995-03-04,0
5114913,87231.5,1995-01-13,0
1469763,87182.9856,1994-12-20,0
5914880,87179.1648,1994-12-25,0
1512645,87166.1637,1995-01-08,0
1856388,87160.318,1995-03-12,0
5964357,87157.053,1995-02-24,0
4566692,87151.9195,1995-02-01,0
1861697,87145.2516,1995-01-16,0
4537985,87136.6132,1995-03-23,0
4998560,87133.5624,1995-02-18,0
3498817,87132.5119,1995-02-23,0
5999075,87115.2616,1995-03-24,0
1987680,87103.4575,1995-01-26,0
3015270,87075.1874,1995-03-14,0
1459364,87073.2492,1995-01-12,0
980518,87032.084,1995-02-11,0
2038151,87009.7638,1995-02-14,0
5776643,87001.9522,1995-03-16,0
25664,87000.912,1994-12-30,0
1337029,86999.1618,1995-02-27,0
5627300,86994.9045,1995-02-22,0
40485,86978.374,1994-12-28,0
5042501,86973.3592,1995-01-14,0
4447076,86962.948,1995-02-21,0
4299137,86927.121,1995-01-17,0
3539522,86889.2651,1994-12-25,0
4383655,86881.1882,1995-01-31,0
252038,86808.5484,1994-12-29,0
2202338,86769.1656,1995-02-22,0
5439110,86763.8142,1994-12-19,0
3807621,86749.4584,1995-02-26,0
1081605,86716.269,1994-12-19,0
2578944,86681.04,1995-02-20,0
90791,86680.875,1995-01-05,0
5414885,86666.1166,1995-02-18,0
4081030,86663.5653,1995-01-25,0
2753605,86657.0436,1995-01-14,0
2458469,86597.4539,1995-02-12,0
5856066,86585.3252,1995-01-21,0
831394,86577.1715,1995-03-03,0
5590722,86570.7024,1995-01-05,0
838850,86558.2085,1995-01-30,0
3955495,86545.5215,1995-01-12,0
247620,86470.448,1995-03-18,0
2909441,86463.5674,1995-02-22,0
527013,86453.4768,1995-03-25,0
1176868,86416.4115,1995-01-17,0
3195456,86395.2548,1995-02-16,0
5269155,86307.415,1995-03-15,0
1969828,86291.9396,1995-02-22,0
372288,86260.1899,1995-01-26,0
4107878,86259.335,1995-01-21,0
4309348,86255.0042,1995-02-13,0
3431108,86245.9142,1995-01-14,0
3695203,86221.9525,1994-12-11,0
5378084,86214.207,1995-02-15,0
1567012,86210.271,1995-02-11,0
5386595,86160.8872,1995-02-22,0
4255044,86139.9218,1995-01-23,0
1167237,86113.0134,1995-02-20,0
1403968,86106.0751,1995-02-24,0
2885956,86103.73,1995-01-28,0
4005222,86096.0076,1994-12-14,0
588706,86065.7764,1995-01-04,0
1783909,86063.142,1994-12-08,0
4066560,86013.3476,1995-01-16,0
3054406,86001.6318,1995-01-13,0
474243,86001.4574,1995-01-24,0
2376032,85985.8884,1995-01-09,0
1254306,85970.0848,1994-12-17,0
939783,85969.438,1995-03-05,0
504001,85952.6947,1994-12-20,0
684772,85948.1614,1995-03-09,0
403329,85946.4727,1995-03-06,0
4867394,85945.3692,1995-02-22,0
3088165,85941.034,1995-03-02,0
4887491,85884.0257,1995-01-22,0
12773,85883.6113,1995-01-12,0
3209984,85858.8666,1995-03-11,0
2120704,85838.711,1995-02-26,0
5012165,85827.4935,1995-02-04,0
394820,85825.1446,1995-02-03,0
3305283,85797.7179,1995-01-09,0
3097088,85792.146,1995-01-27,0
5100036,85775.5232,1995-02-18,0
4369447,85675.1526,1995-02-07,0
4253252,85638.726,1995-03-04,0
2346693,85625.6958,1995-01-18,0
5442852,85624.4364,1995-03-04,0
3586884,85586.3795,1995-01-24,0
2733860,85579.7288,1995-02-13,0
1808839,85572.8276,1995-03-12,0
3324706,85566.24,1995-03-15,0
4880199,85557.3052,1995-01-12,0
4475270,85547.502,1995-02-11,0
4206050,85540.686,1995-03-21,0
434788,85519.3262,1995-01-03,0
5943876,85511.9002,1995-03-04,0
5371591,85503.8525,1995-01-06,0
1808001,85493.6541,1995-03-05,0
751716,85483.236,1995-02-09,0
2931104,85481.463,1995-03-06,0
513190,85454.4985,1995-03-24,0
3632709,85431.9456,1995-01-28,0
2384454,85421.8344,1995-02-27,0
3495074,85411.4234,1995-01-12,0
5365122,85400.1396,1995-02-20,0
25799,85347.1994,1995-02-25,0
4891749,85345.4934,1995-01-18,0
1168738,85336.8185,1995-02-20,0
2882949,85322.526,1995-01-30,0
5792803,85318.5717,1995-01-02,0
3635106,85307.5494,1995-02-13,0
4181954,85289.8626,1995-01-09,0
4626240,85288.0109,1995-03-03,0
1777669,85253.3357,1995-01-25,0
3987205,85247.8642,1995-02-18,0
3974242,85243.7733,1995-03-15,0
4475745,85234.687,1995-01-18,0
1041283,85233.8947,1995-01-28,0
3309760,85201.3942,1995-01-31,0
4388326,85189.1232,1995-01-09,0
2661412,85166.2244,1994-12-27,0
1292416,85160.57,1995-03-10,0
370660,85155.46,1995-03-12,0
1822209,85146.668,1995-02-03,0
4678050,85104.1672,1995-01-21,0
1733507,85093.1898,1995-01-25,0
4812320,85091.85,1994-12-09,0
4424421,85063.5539,1995-01-16,0
1327844,85041.6422,1995-02-20,0
4115840,85028.6928,1994-12-11,0
4146659,85027.9176,1995-02-25,0
5581217,85012.9984,1995-03-05,0
5022341,84936.2412,1995-01-31,0
3844679,84932.6736,1995-01-08,0
2151267,84930.5295,1995-01-16,0
958882,84906.954,1995-02-26,0
5272768,84900.6144,1995-01-27,0
3847233,84885.3197,1995-03-15,0
2288261,84860.0528,1995-01-27,0
1000448,84831.0132,1994-12-05,0
3778598,84806.0652,1995-01-27,0
88323,84779.6934,1995-03-19,0
5185058,84775.5834,1995-02-18,0
2021152,84754.6304,1995-01-14,0
2707911,84709.2696,1995-01-19,0
318626,84707.4216,1995-03-25,0
3978209,84693.0819,1995-03-06,0
923591,84669.054,1995-01-16,0
3251170,84653.638,1995-01-29,0
4138112,84649.2936,1995-02-12,0
5103075,84648.126,1995-01-26,0
5539681,84635.884,1995-01-28,0
5623780,84628.946,1995-03-22,0
4238567,84625.781,1995-02-24,0
258528,84607.3872,1995-03-01,0
2913697,84601.0456,1995-02-01,0
5439205,84596.3921,1995-02-09,0
3722342,84572.4811,1995-01-31,0
5512741,84557.1237,1995-01-19,0
2660708,84535.4552,1995-03-01,0
5538850,84526.285,1995-01-15,0
4194343,84516.8193,1995-03-05,0
1374594,84516.0306,1995-01-14,0
1069985,84514.9892,1995-01-25,0
1375302,84512.7272,1995-03-19,0
5171781,84506.0952,1995-02-09,0
947622,84493.475,1995-03-07,0
5583456,84467.7603,1995-01-30,0
2783872,84460.32,1994-12-20,0
1556416,84439.6056,1995-01-10,0
2037250,84434.2648,1995-01-31,0
2366819,84424.8072,1995-01-19,0
3157063,84406.1946,1995-01-26,0
1191010,84381.4211,1995-01-02,0
3682212,84371.7204,1995-03-09,0
4173283,84357.0696,1995-03-16,0
2520195,84352.8511,1995-03-13,0
3865986,84352.5,1995-03-22,0
3459940,84349.1008,1995-03-15,0
1927655,84301.7039,1995-03-19,0
1709541,84301.2287,1995-03-03,0
5141892,84296.839,1995-02-17,0
2168964,84279.8371,1995-02-14,0
379296,84255.2844,1995-02-02,0
4529349,84239.5846,1995-01-30,0
2037124,84233.8776,1995-02-08,0
4472548,84220.4524,1995-01-03,0
3375622,84215.8716,1995-02-06,0
1530117,84198.1288,1994-12-15,0
3179111,84183.0,1995-03-19,0
5182724,84179.403,1995-02-09,0
3098241,84159.017,1995-02-27,0
2424001,84150.2436,1995-01-10,0
3647330,84142.355,1995-01-11,0
3006081,84138.3488,1995-02-05,0
1260165,84134.3332,1995-02-20,0
4592419,84080.8396,1995-03-21,0
4815975,84059.975,1995-03-12,0
1262306,84059.7624,1995-02-16,0
405987,84054.4334,1994-12-15,0
4299397,84053.235,1995-03-24,0
4515266,84041.655,1995-03-03,0
5162562,84026.379,1995-01-26,0
211940,84018.1634,1995-02-21,0
3076385,83971.7884,1995-02-01,0
443072,83962.3954,1995-01-26,0
612806,83933.8618,1995-03-11,0
1573382,83908.5016,1995-02-02,0
5589474,83899.3058,1994-12-19,0
2318311,83881.4341,1995-01-01,0
1245536,83862.0896,1995-02-04,0
4247841,83814.1458,1995-01-09,0
1205792,83813.6796,1995-03-15,0
4803174,83812.2318,1995-02-04,0
1813732,83800.8111,1995-02-05,0
1437314,83786.752,1994-12-31,0
5694151,83760.048,1994-12-10,0
5312839,83750.8059,1995-03-08,0
3544228,83725.0454,1994-12-20,0
4664036,83720.5362,1995-02-05,0
5948512,83711.4966,1995-03-17,0
4664865,83675.8531,1995-03-07,0
2743846,83658.6801,1995-01-08,0
1705060,83657.171,1995-02-16,0
3337600,83633.6897,1995-01-30,0
2381508,83594.574,1995-01-21,0
182369,83541.2784,1995-02-23,0
366215,83531.5536,1995-03-01,0
3639110,83530.5908,1995-03-07,0
4471684,83519.5123,1995-02-15,0
4296519,83516.85,1995-02-18,0
4648835,83516.7461,1995-03-20,0
5590626,83506.8304,1995-01-07,0
3389925,83470.7516,1995-03-11,0
662531,83463.8742,1995-02-12,0
1473189,83439.198,1995-01-24,0
4207044,83431.2594,1995-01-10,0
676643,83427.7457,1995-03-25,0
1549826,83424.0401,1995-01-15,0
3596131,83394.8714,1995-03-22,0
1878183,83375.2254,1995-01-31,0
4994916,83367.4904,1994-12-28,0
4106183,83362.461,1995-02-27,0
1583367,83361.852,1995-01-15,0
714662,83356.0398,1995-01-14,0
1953152,83328.1586,1995-02-18,0
2356001,83316.8226,1995-02-17,0
1327655,83315.58,1995-02-19,0
1444800,83300.2996,1995-01-24,0
84352,83297.264,1995-03-08,0
5879622,83294.4885,1995-03-20,0
5585191,83288.7687,1995-03-09,0
3865250,83252.646,1995-01-16,0
2796801,83248.3971,1995-02-14,0
145287,83242.533,1995-01-11,0
3350084,83239.3922,1995-01-27,0
5311303,83226.3522,1995-02-09,0
1871267,83214.4636,1995-02-21,0
5969765,83189.1032,1995-02-20,0
5538689,83169.7056,1995-03-14,0
1101349,83128.1212,1995-03-06,0
3416004,83118.8064,1995-01-12,0
3012576,83111.3952,1995-02-18,0
5601888,83086.8024,1995-03-04,0
4569314,83070.641,1994-12-30,0
2109542,83044.629,1994-12-31,0
604359,83026.1774,1995-02-05,0
4811463,83010.014,1995-03-20,0
1682373,82998.8428,1995-03-21,0
362117,82985.5837,1995-02-19,0
3185604,82979.232,1994-12-24,0
621955,82965.8614,1995-01-31,0
648423,82951.7052,1995-01-31,0
5968899,82944.5496,1995-01-13,0
5686341,82933.0654,1995-03-19,0
2051714,82909.663,1995-03-02,0
5672870,82904.7195,1995-01-30,0
3280485,82904.1225,1994-12-25,0
4104326,82900.048,1995-01-24,0
1762753,82888.9344,1995-01-25,0
5446371,82878.6048,1995-01-23,0
3478694,82829.5476,1994-12-05,0
492006,82725.384,1995-01-08,0
5561188,82724.103,1995-02-25,0
5830657,82700.5757,1995-01-23,0
852066,82690.0505,1995-01-27,0
2530404,82665.207,1995-03-17,0
4247265,82644.269,1995-03-02,0
2813571,82633.2747,1994-12-24,0
5448098,82630.5228,1995-02-02,0
2513859,82597.968,1994-12-10,0
5727329,82575.8458,1995-02-27,0
1339940,82552.2852,1994-12-08,0
393792,82540.0753,1995-03-09,0
293411,82474.1969,1995-01-29,0
4824225,82449.229,1994-12-16,0
629413,82447.89,1994-12-18,0
3778275,82437.6155,1995-02-02,0
1988579,82435.8892,1995-02-10,0
5576612,82434.5676,1995-02-10,0
1428804,82407.204,1995-03-07,0
5407266,82395.5388,1995-02-26,0
4940163,82375.1026,1995-01-05,0
3440706,82353.447,1995-03-18,0
3421445,82342.3442,1995-01-03,0
2262886,82307.7696,1995-01-02,0
3885927,82280.4984,1994-12-26,0
4385218,82277.8657,1995-01-13,0
3360132,82253.1966,1995-02-08,0
1927426,82250.9116,1995-01-06,0
4600994,82217.4208,1995-03-16,0
5361990,82212.856,1995-03-22,0
4892769,82170.4912,1995-02-19,0
2115008,82154.0655,1995-01-07,0
2677923,82120.6752,1995-01-30,0
3514726,82119.8014,1995-02-08,0
3749829,82100.7372,1995-01-11,0
2346978,82051.3005,1995-02-01,0
2738853,82050.5658,1995-02-01,0
3214406,82034.58,1994-12-27,0
5701030,82028.765,1994-12-19,0
3650176,82009.674,1994-12-10,0
5651808,81997.1172,1994-12-21,0
1855045,81983.25,1995-01-08,0
4356288,81982.3434,1995-01-26,0
5254118,81956.72,1995-03-13,0
223073,81951.921,1995-01-07,0
2394149,81940.3008,1995-02-01,0
2561861,81936.3545,1995-02-15,0
182212,81902.6818,1995-01-13,0
5420454,81897.1581,1995-02-22,0
2217252,81882.4224,1994-12-12,0
1022144,81881.1936,1995-02-20,0
1877351,81877.8305,1994-12-31,0
5217029,81864.79,1995-03-07,0
5375875,81852.219,1995-03-07,0
1819872,81843.704,1995-02-24,0
5402822,81843.246,1995-02-12,0
371076,81841.131,1994-12-13,0
1768003,81832.3754,1995-02-15,0
3472226,81808.3406,1995-03-03,0
2269925,81781.068,1995-01-11,0
5501028,81767.7916,1995-02-19,0
3855684,81756.0783,1994-12-28,0
816610,81751.5012,1995-03-25,0
5068679,81749.466,1995-03-18,0
952545,81735.5175,1994-12-21,0
5635206,81723.1812,1995-01-31,0
1804867,81717.123,1995-03-22,0
5084288,81697.0788,1995-01-10,0
2992835,81694.008,1995-01-01,0
1239586,81690.0846,1995-02-18,0
3476323,81667.9325,1995-01-20,0
3429094,81660.846,1995-01-21,0
972933,81657.4176,1995-01-28,0
3955425,81652.0776,1995-03-03,0
3749504,81632.732,1995-01-18,0
5649350,81592.604,1995-01-19,0
4838532,81574.416,1994-12-29,0
4347463,81565.2805,1994-12-15,0
4736645,81559.6732,1995-02-13,0
4184544,81526.4114,1995-03-18,0
3641669,81517.2683,1995-01-02,0
2253920,81468.952,1995-01-08,0
686080,81459.2688,1995-02-10,0
5455207,81457.8642,1995-02-25,0
5398306,81394.8789,1995-02-17,0
5205760,81365.6601,1995-02-10,0
2908517,81364.7017,1995-01-13,0
4079781,81351.35,1995-01-17,0
372898,81307.1721,1995-01-15,0
4723781,81292.0272,1995-01-07,0
5031749,81276.4872,1995-02-17,0
3792896,81264.713,1995-01-19,0
4012800,81257.6786,1994-12-30,0
5154721,81211.053,1995-02-28,0
4802369,81206.976,1995-01-29,0
1093861,81191.2812,1995-01-29,0
1468071,81176.16,1995-01-01,0
3195719,81140.112,1995-02-06,0
527655,81134.2723,1995-01-22,0
3001959,81117.65,1994-12-26,0
52672,81112.881,1995-01-09,0
273444,81081.9072,1995-03-09,0
5101121,81077.0932,1994-12-22,0
5460258,81076.0539,1995-03-18,0
1835552,81071.486,1995-01-15,0
1800229,81064.568,1994-12-29,0
4729477,81056.724,1995-01-11,0
3488,81052.428,1995-01-08,0
1707808,81034.5627,1994-12-03,0
2323108,81032.6977,1995-02-19,0
5152900,81019.5356,1995-02-14,0
759715,80997.5694,1995-02-13,0
3419681,80997.0392,1995-01-23,0
4598214,80950.8456,1995-02-21,0
2516131,80948.0708,1995-01-11,0
3796899,80942.3964,1995-03-10,0
3019462,80937.531,1995-02-02,0
2548326,80935.3909,1995-01-10,0
4121606,80922.7951,1994-12-26,0
4497185,80904.182,1995-01-21,0
3926659,80898.599,1995-01-09,0
1846820,80897.353,1995-01-21,0
4274951,80890.6484,1995-02-02,0
4478626,80843.9033,1995-01-10,0
91780,80842.2914,1995-02-13,0
3362695,80836.4704,1995-03-23,0
2760256,80836.2272,1995-02-01,0
3194464,80836.1344,1994-12-18,0
3226690,80826.2648,1995-02-25,0
552614,80816.1885,1995-02-11,0
5908640,80797.338,1995-03-06,0
3598625,80788.6568,1994-12-14,0
4551937,80739.7905,1995-01-15,0
4853504,80713.7298,1995-02-17,0
3586273,80713.215,1994-12-07,0
616033,80706.136,1995-01-19,0
1113829,80684.3202,1995-02-14,0
3876992,80662.581,1994-12-31,0
908643,80659.198,1995-03-16,0
3241860,80644.8182,1995-02-22,0
706052,80643.6534,1995-03-18,0
1598182,80588.83,1995-01-22,0
2268228,80581.8996,1995-02-07,0
2218945,80573.9715,1995-02-18,0
4950020,80569.5907,1995-02-06,0
3395840,80545.4012,1995-01-18,0
45959,80540.3328,1994-12-07,0
4223620,80529.8816,1994-12-01,0
3238019,80512.4754,1995-01-08,0
1920679,80507.2992,1994-12-14,0
5684997,80494.369,1995-02-06,0
5952326,80471.3117,1995-02-25,0
4318881,80463.775,1994-12-22,0
1389984,80445.9891,1995-01-03,0
4607553,80429.1678,1995-03-13,0
5736611,80428.4575,1995-01-28,0
3544391,80359.4976,1995-01-26,0
4193537,80353.7944,1995-02-18,0
3479522,80319.531,1994-12-29,0
2856647,80319.1713,1995-01-23,0
3974179,80315.77,1995-02-23,0
887330,80299.6706,1995-01-23,0
1726726,80287.8736,1995-02-28,0
4147942,80276.4774,1995-01-12,0
1588002,80273.131,1995-03-03,0
5386278,80267.8125,1995-03-09,0
3903206,80205.8361,1994-12-30,0
1045444,80197.5465,1995-02-05,0
633124,80197.4712,1995-03-12,0
4671431,80131.7018,1995-03-13,0
4853762,80100.1508,1995-01-03,0
4566307,80092.881,1995-03-21,0
3000134,80087.4332,1995-01-28,0
1952838,80061.804,1995-01-02,0
533570,80052.282,1995-02-05,0
1262181,79999.3929,1995-02-05,0
2111266,79987.8934,1995-03-04,0
2556966,79974.057,1995-03-25,0
5295877,79971.7556,1995-02-01,0
397664,79967.504,1994-12-13,0
3352353,79929.5181,1995-03-01,0
2638496,79902.5148,1995-03-20,0
1519076,79892.732,1995-02-15,0
4764514,79876.972,1994-12-26,0
536193,79852.3041,1995-02-28,0
1800487,79818.1968,1995-01-03,0
4746534,79791.291,1995-02-25,0
1201220,79779.6196,1995-01-27,0
5691203,79778.2482,1995-03-08,0
1809797,79777.1928,1995-03-04,0
4617413,79771.5,1995-02-02,0
4228645,79769.6034,1995-01-17,0
5381089,79768.9817,1995-01-17,0
5479202,79766.022,1995-03-08,0
5690883,79747.6586,1995-02-25,0
4831586,79739.1848,1995-01-15,0
3656225,79727.9084,1994-12-26,0
691140,79719.302,1995-01-28,0
2322402,79709.4336,1995-02-20,0
1538657,79669.8204,1995-01-26,0
5224514,79651.6816,1995-03-20,0
607363,79609.716,1995-02-14,0
5934816,79586.4384,1995-02-12,0
2753831,79583.5196,1995-02-24,0
6369,79550.4798,1994-12-20,0
1579585,79542.9948,1995-03-03,0
3882949,79514.9575,1995-03-26,0
5405216,79510.1616,1995-01-23,0
1377318,79485.9327,1994-12-20,0
5501728,79479.5645,1995-01-19,0
3877219,79472.9848,1995-01-29,0
3833765,79470.5175,1995-03-02,0
1271138,79462.4448,1994-12-29,0
5073413,79454.9556,1995-03-03,0
3139302,79453.476,1995-02-10,0
2634850,79442.5905,1994-12-18,0
706979,79411.309,1995-01-07,0
163175,79324.0394,1995-02-12,0
4659424,79313.1552,1995-01-09,0
5338245,79313.0176,1995-02-03,0
1413475,79311.474,1995-01-10,0
3632257,79298.0262,1995-03-09,0
198757,79287.9818,1994-12-25,0
2713767,79277.1399,1995-02-10,0
1231941,79261.0624,1995-01-23,0
3240837,79248.6485,1995-03-09,0
1452452,79243.117,1995-01-31,0
4861090,79217.1432,1995-02-13,0
4759012,79204.5882,1995-03-15,0
130755,79197.4214,1995-01-07,0
4897989,79193.52,1995-01-04,0
2041831,79172.2764,1995-01-26,0
5752197,79154.8919,1995-02-03,0
1546499,79133.3472,1995-01-17,0
5797510,79124.35,1995-03-21,0
4890595,79106.346,1994-12-25,0
46980,79099.2948,1995-01-18,0
211527,79089.1344,1995-01-27,0
3436676,79075.06,1995-01-02,0
5728903,79065.2205,1995-02-04,0
1713026,79058.0844,1995-01-02,0
2370948,79050.8586,1995-02-08,0
4011750,79044.1015,1994-12-27,0
60069,79030.5695,1995-03-10,0
1490274,79000.491,1994-12-26,0
3774564,78997.2888,1995-02-19,0
358503,78997.282,1995-02-05,0
2883718,78979.1064,1995-01-16,0
2575073,78948.3816,1995-03-08,0
1311462,78931.6464,1995-02-25,0
1256932,78931.3644,1995-02-06,0
4577027,78920.2206,1995-01-20,0
2379398,78919.8942,1995-03-06,0
4017637,78916.74,1995-02-06,0
213350,78903.3406,1995-03-22,0
1801345,78892.1856,1995-02-06,0
3580963,78810.2084,1995-02-26,0
1820740,78801.0432,1995-01-21,0
5096485,78799.0053,1995-01-14,0
1621728,78755.0272,1995-02-01,0
3808678,78743.0781,1995-03-13,0
1731396,78713.8848,1995-02-07,0
3214880,78700.0608,1995-02-22,0
5799235,78690.7584,1995-01-18,0
1839104,78679.3506,1995-03-15,0
339491,78672.924,1995-03-17,0
1018944,78662.9046,1994-12-15,0
3830183,78659.7966,1995-02-06,0
2409319,78647.3406,1995-03-14,0
5146563,78632.8036,1995-02-22,0
1448225,78630.3846,1995-03-02,0
26597,78624.978,1995-01-14,0
1720064,78621.2742,1994-12-26,0
678720,78615.0528,1995-02-22,0
3040322,78610.2196,1995-03-11,0
5633826,78588.5716,1995-02-07,0
2333285,78578.181,1994-12-22,0
4628804,78575.7372,1995-01-16,0
4831328,78557.9231,1995-01-01,0
1161089,78500.9249,1994-12-26,0
216611,78443.316,1995-02-23,0
4304039,78435.1434,1995-03-21,0
5298117,78431.8986,1994-12-13,0
1500993,78428.9684,1995-02-07,0
902566,78427.8378,1995-01-17,0
4275169,78421.816,1995-02-12,0
1420995,78406.4904,1995-01-08,0
564869,78380.974,1995-01-05,0
5436327,78378.5322,1995-01-23,0
2504544,78362.3841,1995-02-18,0
5552416,78357.084,1994-12-26,0
3998434,78338.5648,1995-01-28,0
881124,78336.4176,1994-12-25,0
1098183,78333.3032,1995-02-22,0
3628805,78326.478,1994-12-28,0
1525859,78326.2792,1994-12-30,0
4966210,78279.8765,1994-12-29,0
1758150,78265.4266,1995-01-14,0
4275136,78257.914,1994-12-18,0
1639168,78254.0224,1995-02-05,0
4951875,78242.4668,1995-02-15,0
1883494,78236.1486,1994-12-21,0
2566149,78217.92,1995-03-17,0
1751072,78217.586,1995-03-09,0
3120832,78209.936,1994-12-30,0
2679331,78209.7718,1995-02-20,0
2403744,78194.6046,1994-12-21,0
4102211,78192.828,1994-12-27,0
187041,78158.3718,1995-02-20,0
4530177,78106.344,1995-03-14,0
4383492,78089.4537,1995-02-27,0
443207,78066.2871,1995-01-22,0
1510820,78064.592,1995-02-24,0
3901601,78062.0544,1995-01-18,0
2534597,78056.7669,1995-03-18,0
3297696,78042.5334,1995-01-14,0
5096454,78037.425,1995-01-17,0
3158245,78017.7064,1995-01-27,0
3562083,78008.436,1995-01-03,0
293447,77989.239,1995-01-06,0
2423072,77988.369,1995-01-31,0
1207843,77982.9673,1995-01-23,0
1363238,77975.1315,1995-02-07,0
764359,77963.7596,1995-01-22,0
3954438,77961.4987,1995-02-07,0
657217,77950.896,1994-12-28,0
234307,77945.637,1995-03-18,0
658625,77935.5192,1995-02-24,0
695335,77877.517,1994-12-13,0
5962849,77859.873,1994-12-26,0
673542,77850.6766,1995-02-01,0
2019265,77849.6854,1995-02-11,0
111780,77830.4121,1995-03-11,0
760416,77819.5593,1995-01-16,0
2593189,77804.2264,1995-02-03,0
5886245,77779.058,1995-02-20,0
2245281,77775.6,1995-03-24,0
4470435,77761.85,1994-11-29,0
29958,77750.192,1995-01-07,0
4896422,77748.472,1995-03-18,0
417185,77746.4184,1994-12-22,0
5409029,77744.174,1995-03-26,0
3999904,77743.0766,1995-01-10,0
5366437,77736.8438,1994-12-07,0
931556,77722.2762,1995-03-13,0
1335617,77720.2946,1995-02-24,0
1196608,77703.6975,1995-02-15,0
4003715,77696.3502,1995-03-20,0
5946054,77694.5212,1995-01-15,0
1166945,77678.5428,1995-02-15,0
5041120,77666.688,1995-03-04,0
294692,77659.1074,1995-03-26,0
5112322,77647.28,1995-02-24,0
1375813,77596.1703,1995-03-12,0
4686534,77582.9412,1995-01-21,0
2682625,77492.963,1995-01-28,0
1941827,77478.8,1995-01-06,0
3421542,77472.703,1994-12-22,0
2332295,77457.4292,1995-03-01,0
5753287,77449.656,1994-12-23,0
2929057,77417.906,1994-12-14,0
1862656,77416.239,1995-03-15,0
1768678,77406.9276,1995-03-26,0
5591841,77405.4159,1995-01-22,0
1318466,77377.948,1995-01-12,0
4411968,77372.404,1995-02-15,0
1795620,77368.908,1995-03-14,0
3520481,77357.098,1995-01-19,0
3865377,77303.265,1995-03-05,0
5380775,77290.7911,1995-03-14,0
4460896,77288.9985,1994-12-12,0
4651204,77282.714,1995-01-04,0
1013697,77277.1774,1994-12-25,0
4283623,77277.1344,1995-02-10,0
764770,77226.499,1995-02-25,0
3184929,77222.2266,1995-03-11,0
627808,77206.0795,1995-01-24,0
1233252,77166.3018,1995-02-01,0
2483875,77164.7343,1995-03-12,0
4350561,77138.5155,1995-03-17,0
1596195,77132.1432,1995-03-17,0
946274,77130.5472,1995-03-12,0
346753,77111.2704,1995-01-21,0
557378,77108.2,1995-01-22,0
4737604,77101.9472,1994-12-18,0
1966116,77099.3952,1995-01-21,0
4537670,77062.1182,1995-02-18,0
3158023,77053.239,1994-12-27,0
1607334,77039.8432,1994-12-09,0
1858337,77034.662,1995-03-15,0
5015173,77014.1016,1995-03-22,0
384098,76990.8232,1995-03-17,0
1591013,76985.8806,1995-01-12,0
2511840,76979.0138,1995-01-25,0
1708928,76960.5455,1995-01-18,0
5600324,76946.8014,1995-01-26,0
5642598,76938.6748,1995-03-09,0
2842593,76914.816,1995-03-18,0
2324769,76909.0254,1995-03-23,0
1541860,76867.362,1995-02-04,0
5917159,76866.516,1995-02-01,0
383431,76865.191,1995-03-07,0
5114436,76822.0287,1995-01-16,0
2529732,76807.0476,1994-12-21,0
1736033,76794.5508,1995-02-10,0
4805218,76753.4195,1995-03-22,0
1601056,76727.5884,1995-03-17,0
2414785,76721.402,1995-02-05,0
2104192,76718.0341,1995-01-07,0
4862470,76708.842,1995-01-18,0
3593287,76700.5428,1995-02-27,0
5711302,76621.5156,1995-03-19,0
270210,76619.5551,1995-02-18,0
4769892,76614.4458,1995-02-20,0
548165,76596.2973,1995-02-11,0
5267750,76589.0553,1995-02-03,0
2776293,76577.7082,1995-01-18,0
687652,76577.0187,1994-12-29,0
5546464,76564.037,1995-02-12,0
4070435,76521.1392,1995-03-01,0
466087,76399.8976,1995-01-15,0
3821024,76389.0481,1994-12-30,0
3032933,76361.0786,1995-01-11,0
4914050,76358.9382,1995-02-13,0
5202145,76349.635,1994-12-15,0
548037,76349.0728,1994-12-17,0
2256386,76337.609,1995-01-05,0
2016615,76335.8163,1995-01-29,0
5563206,76327.292,1995-03-18,0
2107586,76322.89,1995-01-08,0
559425,76310.976,1994-12-12,0
3696608,76301.17,1995-01-01,0
1803072,76299.587,1995-02-05,0
1915712,76294.9095,1995-02-10,0
2007425,76294.2348,1995-03-13,0
1495972,76274.33,1995-02-14,0
2667364,76268.6118,1995-01-01,0
2835270,76250.6598,1995-03-06,0
4795463,76211.44,1995-02-27,0
729957,76201.3706,1995-03-04,0
1026433,76199.6547,1995-03-04,0
3910469,76196.295,1995-03-09,0
3341027,76176.86,1995-02-15,0
1597511,76168.6064,1995-01-15,0
4000581,76145.7872,1995-01-08,0
5397862,76109.7302,1994-12-17,0
2953856,76086.711,1994-12-08,0
3577636,76078.6824,1994-12-03,0
1865958,76073.6002,1995-02-26,0
4679552,76066.0596,1995-01-06,0
520064,76056.2928,1995-01-28,0
590914,76029.5,1994-12-30,0
2386690,76024.4616,1995-01-06,0
4788644,76017.1692,1995-02-20,0
4609506,76008.9735,1995-01-28,0
2535780,76004.6776,1994-12-13,0
3421639,76003.7595,1995-02-05,0
732388,75983.5263,1994-12-27,0
5783205,75979.7388,1995-01-17,0
1220258,75977.672,1995-01-06,0
2789508,75975.4656,1995-02-28,0
3642948,75952.7264,1995-01-30,0
2075936,75935.9754,1995-02-09,0
3556228,75919.1752,1994-12-05,0
160100,75917.76,1994-12-30,0
3180834,75898.0098,1995-01-28,0
4857409,75895.1256,1995-03-14,0
4267488,75853.9072,1995-03-09,0
906597,75846.3622,1995-03-25,0
1696357,75835.1768,1995-03-13,0
2454913,75817.3756,1995-03-01,0
651233,75815.9188,1995-01-31,0
1957926,75748.527,1995-02-25,0
4216608,75746.124,1995-01-12,0
4222304,75733.6715,1995-03-06,0
820640,75715.7986,1995-01-08,0
5519104,75707.2541,1994-12-25,0
329440,75706.694,1995-01-01,0
2464899,75691.0678,1995-01-14,0
2929031,75685.6626,1995-03-16,0
1990304,75669.624,1994-12-14,0
2440775,75645.728,1995-02-28,0
985925,75639.9637,1995-02-01,0
627556,75633.0592,1995-01-16,0
5288928,75629.736,1995-02-13,0
1024963,75614.9763,1995-01-27,0
4362246,75536.391,1995-02-05,0
4638977,75533.5944,1995-02-26,0
1262467,75529.0113,1995-03-01,0
779942,75519.8372,1995-03-17,0
3576673,75507.102,1995-02-28,0
4935462,75478.7151,1995-03-13,0
1245220,75474.4522,1995-02-20,0
1388035,75466.782,1995-02-27,0
5797989,75458.4636,1995-03-03,0
433029,75454.074,1995-03-09,0
3187169,75432.0705,1995-03-14,0
3962374,75406.0636,1995-03-10,0
1191140,75400.512,1995-03-09,0
1487202,75400.394,1995-03-02,0
4085799,75367.52,1995-01-03,0
3217830,75350.308,1995-02-13,0
5904384,75344.9442,1995-01-20,0
3928772,75342.0376,1994-12-31,0
1255687,75315.7727,1995-03-09,0
237799,75297.6918,1995-03-16,0
1559431,75266.5248,1995-03-04,0
4940737,75265.4794,1995-02-04,0
1776711,75263.481,1995-01-27,0
1455396,75251.1552,1995-03-22,0
699207,75243.4144,1994-12-31,0
2323462,75238.2659,1994-12-21,0
3628294,75227.382,1994-12-29,0
3074563,75219.8436,1995-02-25,0
4655014,75201.0612,1995-01-09,0
3955361,75185.4006,1995-01-22,0
2778273,75177.8122,1995-01-10,0
4182818,75156.579,1995-01-03,0
1453665,75152.7744,1994-12-26,0
4311108,75106.395,1995-01-03,0
5933220,75089.9052,1994-12-25,0
5593314,75089.7238,1994-12-09,0
3663078,75085.7913,1995-03-18,0
1324421,75072.3795,1995-01-15,0
1825187,75039.4786,1995-03-11,0
3097699,75035.1032,1994-12-29,0
407874,75027.282,1995-03-07,0
172388,74976.438,1995-01-26,0
48449,74963.2916,1995-03-22,0
1409157,74943.048,1995-02-13,0
737028,74901.9167,1995-03-14,0
318919,74876.1736,1995-03-11,0
5297089,74875.68,1995-01-06,0
3685733,74872.776,1995-02-05,0
2756897,74858.3904,1995-02-05,0
4928452,74849.0886,1995-01-25,0
3070438,74848.049,1994-12-10,0
4639555,74807.6472,1994-11-28,0
3403109,74773.9664,1995-01-31,0
476326,74726.764,1995-01-24,0
331014,74691.792,1994-12-23,0
5153890,74687.3816,1994-12-31,0
1690311,74654.078,1994-12-20,0
2224995,74641.44,1994-12-06,0
5369383,74616.444,1995-03-20,0
1469667,74580.2493,1995-03-26,0
1915200,74550.5046,1995-02-14,0
3620614,74546.808,1995-02-26,0
4684961,74503.6479,1995-02-07,0
1332578,74503.1768,1995-02-06,0
4625858,74496.946,1995-01-21,0
79492,74494.9607,1995-03-21,0
5838852,74490.9072,1995-01-30,0
5425926,74480.3576,1995-01-17,0
3600930,74461.256,1995-02-04,0
3957028,74457.97,1995-02-24,0
2894881,74451.768,1994-12-30,0
2875751,74441.4132,1995-03-06,0
3789220,74407.8622,1995-03-13,0
5305376,74406.99,1994-12-26,0
5396162,74322.9902,1995-02-17,0
5789091,74311.7226,1995-01-24,0
5154853,74278.2956,1995-03-25,0
3233319,74240.2381,1995-01-31,0
1256736,74218.1058,1995-03-06,0
297095,74203.81,1994-12-06,0
1412742,74202.7464,1995-01-09,0
5122915,74202.6021,1995-03-09,0
1599015,74161.488,1995-02-13,0
2884928,74127.24,1995-02-15,0
2868768,74097.7936,1995-03-24,0
162311,74092.2,1995-03-13,0
1646916,74092.1642,1995-01-17,0
1292803,74059.44,1995-01-28,0
5092644,74057.9628,1995-01-08,0
2130567,74039.0079,1995-02-02,0
2714663,74023.5706,1995-03-18,0
1094722,73986.4628,1995-03-06,0
3252453,73974.8562,1995-01-11,0
3390050,73971.7299,1995-01-25,0
3374566,73966.068,1995-02-15,0
3694209,73932.5961,1994-12-15,0
4398016,73913.2758,1994-12-16,0
1972513,73910.0862,1994-12-29,0
5071745,73885.8517,1995-02-20,0
5001891,73851.3884,1995-01-04,0
3437956,73832.4886,1995-01-30,0
5570147,73809.8998,1995-01-12,0
3533475,73771.581,1995-01-20,0
3130790,73763.8296,1995-02-16,0
2058662,73718.867,1995-02-09,0
2345731,73711.6872,1994-12-22,0
2501442,73699.1404,1995-01-15,0
2859206,73684.962,1995-01-28,0
2068704,73658.079,1994-12-15,0
4903557,73641.5676,1995-01-03,0
3636833,73633.3224,1995-03-23,0
4249543,73604.9976,1995-02-23,0
5337440,73603.307,1995-01-26,0
2044612,73601.1132,1995-02-27,0
1468131,73565.5368,1995-01-28,0
528643,73490.47,1995-01-17,0
1936327,73468.7268,1995-01-21,0
2087682,73453.9104,1994-12-04,0
453350,73449.5218,1995-02-17,0
3735910,73446.5028,1994-12-27,0
3310788,73425.186,1994-12-10,0
5347296,73402.89,1994-12-30,0
1137185,73384.9578,1995-03-21,0
4665831,73360.168,1995-03-09,0
275584,73339.57,1995-03-05,0
1226592,73327.2533,1995-03-18,0
4182470,73318.1764,1995-02-24,0
2808999,73296.7088,1995-01-19,0
5664775,73286.9901,1994-12-24,0
2089760,73246.328,1994-12-24,0
1379143,73225.422,1995-03-24,0
4001124,73221.8662,1995-03-08,0
507456,73197.0,1995-02-06,0
196679,73193.9661,1995-02-10,0
624448,73172.16,1995-02-05,0
3344775,73169.694,1995-01-25,0
1257125,73153.2129,1995-03-18,0
5372195,73141.38,1995-03-03,0
1797216,73133.0253,1995-01-31,0
405698,73112.864,1995-02-13,0
5571040,73098.9488,1995-01-22,0
4234368,73094.512,1995-02-28,0
1147907,73093.5204,1995-01-20,0
3530784,73085.9332,1994-12-21,0
1881888,73079.928,1995-01-12,0
491426,73071.9984,1995-03-13,0
2955936,73045.962,1994-12-21,0
4679492,73040.2809,1995-02-24,0
4973287,73023.228,1994-12-13,0
226182,73009.5346,1995-03-21,0
1623174,72995.5572,1995-01-21,0
4168227,72994.176,1995-03-04,0
3800289,72985.9908,1994-12-11,0
2789543,72943.149,1995-01-27,0
2192737,72933.855,1994-12-19,0
888292,72932.3412,1994-12-08,0
4527108,72930.8332,1995-03-05,0
2727303,72916.8873,1995-02-23,0
2701188,72867.9975,1995-03-02,0
5808320,72854.499,1995-02-13,0
2772864,72829.148,1994-12-31,0
1412071,72824.976,1994-12-02,0
5402433,72784.5725,1995-03-05,0
3839783,72770.7336,1995-03-19,0
1581031,72752.5608,1995-01-29,0
2761634,72747.36,1994-12-06,0
4962565,72720.2385,1994-12-04,0
1014437,72719.64,1994-12-17,0
3704836,72714.2076,1995-02-17,0
1169539,72709.3035,1995-01-21,0
872582,72704.84,1995-01-07,0
3281412,72704.688,1994-12-09,0
1023233,72701.1,1994-12-14,0
751556,72688.644,1994-11-28,0
1727328,72678.8434,1995-02-12,0
3556326,72676.8911,1995-01-26,0
4864260,72670.884,1995-01-15,0
5808323,72656.1,1994-12-20,0
1256325,72653.308,1995-03-19,0
377127,72652.8,1995-01-30,0
2944385,72624.4122,1995-03-10,0
1573571,72600.624,1995-01-25,0
5503109,72592.9016,1995-02-03,0
185539,72548.6454,1995-01-09,0
3833543,72537.6456,1995-01-21,0
985733,72515.421,1995-01-03,0
2497415,72499.2769,1995-01-26,0
117734,72488.1398,1995-01-07,0
2444006,72481.1828,1995-02-21,0
3923008,72465.6714,1995-01-16,0
1767717,72454.9884,1995-03-09,0
3253473,72447.219,1995-02-26,0
29767,72445.6846,1995-02-06,0
3334019,72425.0028,1995-03-07,0
4241124,72424.1518,1995-02-28,0
1560038,72407.52,1994-12-26,0
2974082,72389.903,1995-01-16,0
3696707,72388.0368,1995-03-02,0
5901569,72355.6,1995-01-13,0
1400710,72351.9585,1995-01-08,0
5242883,72341.6807,1995-03-14,0
1582852,72339.93,1994-12-20,0
3591814,72310.9876,1995-03-09,0
1158147,72223.7361,1995-02-03,0
831553,72198.917,1994-12-11,0
4809891,72198.544,1994-12-05,0
2853252,72191.5764,1995-01-07,0
332577,72178.1856,1995-01-28,0
1052352,72157.1918,1995-03-20,0
4876198,72147.2328,1995-03-05,0
2859109,72103.4916,1995-01-21,0
450535,72074.8512,1995-01-22,0
5581987,72054.84,1995-03-14,0
5814181,72036.9636,1995-01-31,0
3278403,72001.5114,1995-01-14,0
689057,71986.3984,1994-12-27,0
2095110,71975.4092,1995-01-24,0
4769766,71964.4455,1994-12-21,0
4380001,71953.3248,1995-02-09,0
1315874,71949.4188,1995-02-11,0
829281,71945.0046,1994-12-27,0
4942727,71943.825,1995-03-05,0
707142,71943.8007,1994-12-28,0
5138951,71942.235,1995-02-09,0
360294,71929.5031,1995-02-18,0
3765730,71907.2562,1995-02-04,0
1106497,71884.2384,1995-03-26,0
3188742,71872.5609,1995-02-21,0
610464,71859.5354,1995-03-04,0
2828834,71855.388,1995-02-25,0
2019360,71838.1389,1995-01-31,0
627427,71817.7806,1995-03-21,0
4593799,71813.547,1995-01-26,0
5271559,71801.7168,1995-01-07,0
2371524,71782.6044,1995-02-04,0
4631622,71773.8078,1995-02-08,0
828130,71754.6186,1995-02-19,0
1179074,71752.4304,1995-01-28,0
2119971,71717.0665,1995-02-21,0
3771072,71704.9899,1995-01-09,0
674179,71689.3632,1994-12-24,0
5819044,71662.592,1994-12-31,0
2722210,71661.277,1995-03-07,0
855493,71633.9784,1994-12-20,0
4314913,71632.1372,1995-01-31,0
1380646,71610.735,1994-12-23,0
3591078,71609.856,1995-01-31,0
2172679,71574.5019,1994-12-28,0
5086853,71561.1214,1995-01-10,0
2346023,71557.5908,1995-03-18,0
3180389,71553.9395,1995-03-22,0
694368,71553.2862,1994-12-26,0
4320615,71545.3872,1995-02-02,0
5246978,71532.294,1994-12-16,0
1147556,71522.0984,1995-02-24,0
2049828,71515.99,1995-02-28,0
2713122,71510.7256,1995-03-03,0
1504550,71506.908,1994-12-07,0
1627686,71493.8103,1995-03-25,0
2213383,71489.229,1995-01-10,0
20262,71487.57,1994-12-27,0
2053154,71467.602,1995-03-09,0
3556514,71439.6465,1994-12-28,0
4224583,71419.3055,1995-01-23,0
3014656,71408.1189,1995-02-10,0
2555939,71397.4398,1995-01-03,0
3770818,71384.18,1995-01-08,0
2921350,71381.73,1994-12-28,0
5987778,71347.768,1994-12-06,0
3104517,71340.9032,1995-03-05,0
4669191,71340.018,1995-02-05,0
4303239,71319.294,1995-03-12,0
5690052,71317.5622,1995-02-25,0
2672837,71315.5968,1995-01-13,0
565155,71295.147,1995-01-01,0
4569027,71290.3324,1995-03-15,0
1693860,71262.0531,1995-02-06,0
3912227,71244.432,1994-12-28,0
4770882,71231.2143,1995-01-09,0
4789062,71229.4282,1995-01-15,0
1548423,71207.1504,1995-02-11,0
402017,71189.4696,1995-03-25,0
5756260,71185.5,1995-01-31,0
127909,71174.7312,1995-03-06,0
3560803,71173.9736,1995-03-13,0
1994435,71173.406,1995-01-17,0
5079712,71162.1656,1995-01-29,0
1036871,71144.5729,1995-01-11,0
1224098,71143.8451,1995-01-29,0
3843969,71103.4137,1995-01-26,0
1731488,71094.7731,1994-12-17,0
4385699,71081.3651,1995-03-03,0
4807815,71068.3708,1995-03-23,0
4395169,71061.8444,1995-02-18,0
1104224,71048.9462,1995-01-18,0
3265473,71045.8258,1995-01-23,0
1392769,71029.9724,1995-01-23,0
1011492,70989.2529,1995-02-05,0
3752741,70966.3728,1994-12-30,0
2264452,70962.0912,1994-11-30,0
1426727,70955.72,1995-01-15,0
1516000,70955.2688,1995-01-28,0
4714274,70927.9116,1995-01-08,0
5905414,70915.713,1995-03-06,0
4960064,70883.6996,1995-01-28,0
5779267,70869.5232,1994-12-21,0
2418498,70857.2046,1995-01-15,0
5814215,70840.1882,1995-02-25,0
1158179,70833.6852,1994-12-26,0
3298662,70822.0968,1995-01-05,0
293988,70820.8856,1995-03-08,0
2223302,70796.7876,1995-02-16,0
762949,70770.5782,1994-12-24,0
3795617,70769.076,1995-03-07,0
1564928,70744.5954,1995-03-04,0
942562,70727.1553,1995-02-19,0
160295,70726.9464,1995-01-02,0
498884,70708.4108,1995-01-07,0
5499750,70707.597,1995-01-31,0
1654726,70648.0532,1995-01-07,0
4976391,70644.4652,1995-01-29,0
5831936,70643.475,1994-12-31,0
1497347,70623.7532,1994-12-14,0
3854146,70608.8334,1995-02-14,0
4426049,70598.5632,1994-12-12,0
4668390,70582.4192,1995-02-02,0
3416294,70578.1157,1995-02-10,0
1303814,70523.1533,1995-01-30,0
167106,70522.0934,1995-02-02,0
4549443,70513.08,1994-12-22,0
159104,70506.9114,1994-12-28,0
1683392,70497.6952,1995-03-16,0
5643398,70496.4102,1995-02-14,0
1784672,70495.7253,1995-03-16,0
4733824,70494.311,1995-01-20,0
3444486,70488.388,1994-12-16,0
957221,70484.358,1995-01-19,0
186404,70434.5968,1995-03-21,0
5453602,70422.0176,1995-03-05,0
2716199,70420.7082,1995-02-17,0
5629254,70419.375,1995-01-18,0
5757731,70407.1046,1995-02-06,0
5240740,70382.8589,1995-02-18,0
1692037,70382.232,1995-01-31,0
2882150,70336.215,1995-03-19,0
1772130,70333.4634,1995-03-09,0
1995174,70319.418,1995-03-05,0
403717,70303.8608,1994-12-19,0
2240646,70298.0001,1995-02-08,0
5755719,70281.168,1995-01-08,0
1735522,70281.156,1995-03-11,0
1408258,70233.4318,1995-03-09,0
3735266,70229.3781,1995-01-07,0
4521953,70210.4844,1995-01-25,0
231714,70175.3764,1995-01-23,0
2147552,70157.682,1995-02-02,0
3494081,70146.585,1995-03-01,0
4829505,70146.3618,1994-12-30,0
3144998,70110.7509,1995-01-26,0
1402116,70106.0424,1994-12-13,0
868163,70103.312,1995-01-02,0
5728,70101.64,1994-12-11,0
4846471,70073.0144,1995-01-23,0
2082306,70066.234,1994-12-17,0
5035110,70059.4841,1995-02-14,0
5012802,70059.0848,1995-03-21,0
5505477,70049.8755,1995-02-20,0
3700736,70019.9424,1995-02-23,0
1607908,70010.7584,1994-12-16,0
5449670,69998.976,1995-03-19,0
2530721,69965.3721,1995-03-11,0
4705123,69952.8255,1994-12-27,0
987072,69947.14,1995-01-06,0
1559780,69943.275,1995-01-12,0
2683202,69941.944,1995-02-21,0
1661159,69926.868,1995-01-13,0
5994503,69921.2688,1994-12-14,0
5366404,69908.9472,1995-03-06,0
2980965,69895.8184,1995-03-13,0
858053,69889.9344,1994-12-16,0
2910595,69880.5625,1995-02-01,0
1424544,69877.1122,1995-02-14,0
1162983,69863.1024,1995-03-06,0
999171,69843.5072,1994-12-23,0
374819,69831.2104,1995-02-14,0
1796001,69820.5083,1995-03-06,0
5916128,69813.9408,1995-02-23,0
2969345,69803.023,1995-03-14,0
3245089,69787.346,1994-12-23,0
354471,69787.2571,1995-03-22,0
2500131,69775.2666,1995-02-07,0
196803,69735.4245,1995-01-16,0
1252513,69734.0588,1995-01-23,0
2508325,69724.2462,1995-01-22,0
3369349,69719.895,1995-03-03,0
5790624,69715.5546,1995-02-07,0
5936228,69697.507,1995-01-21,0
4381189,69686.3576,1995-01-14,0
311589,69683.64,1994-12-15,0
1036839,69680.442,1995-02-11,0
3405537,69669.288,1995-02-05,0
5172839,69663.2966,1995-01-04,0
733633,69656.4372,1995-01-08,0
3046823,69655.5846,1995-02-04,0
1144804,69614.9818,1995-02-04,0
210022,69612.7292,1995-02-14,0
5717411,69597.787,1995-01-30,0
3331843,69568.5586,1995-03-17,0
269446,69568.389,1994-12-28,0
5645377,69564.6512,1995-03-01,0
3613127,69560.748,1995-01-21,0
673636,69545.757,1994-12-29,0
3741509,69544.6014,1995-03-19,0
1328773,69544.062,1995-03-07,0
3541829,69522.1308,1995-01-23,0
955749,69521.8194,1995-01-11,0
2417760,69512.2896,1995-03-21,0
2759749,69486.191,1995-02-14,0
1959300,69485.9018,1995-02-01,0
5961568,69472.9481,1995-03-25,0
3305798,69470.181,1995-03-07,0
4080516,69447.665,1995-02-06,0
99686,69443.9516,1995-02-22,0
3388131,69434.6463,1995-01-14,0
1378052,69421.5936,1995-01-16,0
690338,69392.1663,1995-01-19,0
738055,69379.559,1995-01-30,0
2142914,69373.7067,1995-03-01,0
3385574,69371.25,1995-01-19,0
829762,69313.0126,1995-02-07,0
3118722,69285.6324,1995-02-14,0
4070437,69274.9746,1994-12-28,0
3671968,69270.903,1995-02-04,0
3725345,69251.7144,1994-12-15,0
1126725,69248.907,1994-12-25,0
485058,69226.9008,1994-12-13,0
274596,69206.574,1995-01-01,0
3810916,69206.1174,1995-02-16,0
2901575,69185.5119,1995-02-05,0
4043587,69174.129,1995-03-01,0
467109,69163.9047,1995-02-06,0
5216934,69162.778,1995-03-03,0
348736,69161.92,1995-03-11,0
1905095,69158.908,1995-01-20,0
1020228,69152.9812,1995-03-02,0
5489793,69152.2506,1995-01-29,0
378049,69125.4958,1995-03-24,0
3674531,69104.197,1995-02-19,0
5079683,69092.364,1995-02-26,0
5697473,69061.3924,1995-02-05,0
5171236,69033.1752,1995-01-24,0
3322530,69022.3182,1995-02-13,0
4287013,69015.4558,1995-02-18,0
4531973,69013.26,1995-01-21,0
1236582,69001.6002,1995-01-16,0
399138,68994.009,1994-12-22,0
169794,68993.7914,1995-01-01,0
491072,68982.52,1994-12-06,0
5657063,68975.6067,1994-12-28,0
5264000,68972.2705,1995-01-06,0
2520769,68955.3501,1995-03-22,0
4775621,68950.615,1995-02-25,0
2639108,68923.4296,1995-01-05,0
5269378,68897.6288,1994-12-04,0
2290404,68894.637,1994-12-29,0
498885,68892.915,1994-12-25,0
1694663,68864.2998,1995-02-10,0
2892359,68863.1592,1995-02-25,0
1755943,68859.4134,1995-03-18,0
390724,68848.9046,1995-02-27,0
5276263,68836.008,1995-02-07,0
3007649,68811.49,1994-11-27,0
901057,68808.0942,1995-01-31,0
2364832,68799.0285,1995-01-03,0
5354531,68797.008,1995-01-17,0
3366882,68794.4052,1995-01-20,0
5792097,68767.4484,1995-02-18,0
1794690,68761.4697,1995-01-23,0
2150822,68756.9298,1994-12-01,0
3137699,68745.0816,1995-01-14,0
5074532,68722.7865,1994-12-14,0
5736645,68717.2166,1995-01-04,0
5519651,68709.6666,1995-03-11,0
2425830,68673.3432,1994-12-22,0
5878693,68615.52,1995-01-08,0
3441317,68591.8102,1995-02-03,0
311809,68570.1836,1995-01-19,0
5604454,68566.725,1995-02-08,0
4280385,68543.5778,1995-02-05,0
5123905,68540.6205,1994-12-31,0
468931,68528.3508,1995-01-06,0
5268708,68517.5587,1995-01-27,0
504005,68516.76,1994-12-15,0
46535,68506.704,1995-03-02,0
4685569,68487.0848,1994-12-25,0
920512,68406.912,1994-12-07,0
3034407,68391.6759,1995-03-22,0
1297827,68388.7869,1995-02-27,0
3647458,68383.755,1995-02-16,0
1590528,68371.758,1995-02-26,0
2781794,68282.577,1995-03-06,0
2201412,68269.7011,1995-02-10,0
1804000,68269.08,1995-01-02,0
3436069,68243.5395,1995-01-18,0
2291013,68227.67,1995-01-02,0
1059169,68212.9521,1995-02-19,0
1240613,68208.2836,1995-03-25,0
4302018,68205.4411,1995-03-14,0
4599269,68202.68,1995-03-20,0
855397,68201.379,1994-12-30,0
2816771,68201.136,1994-12-18,0
92129,68184.6984,1995-01-02,0
4415270,68171.7516,1995-02-03,0
810336,68139.5462,1995-02-25,0
360579,68136.3982,1995-01-03,0
1068165,68135.0732,1995-01-14,0
4332998,68102.7248,1995-01-31,0
5146215,68090.782,1995-01-21,0
2284550,68088.1176,1994-12-08,0
4941218,68086.522,1995-01-31,0
2272801,68084.5416,1995-01-03,0
875201,68079.8502,1995-03-17,0
5406727,68079.8364,1995-02-20,0
5269280,68068.98,1994-12-21,0
1365478,68059.3032,1995-01-20,0
2853058,68047.895,1995-01-27,0
1094022,68038.1118,1995-01-23,0
4418562,68032.97,1995-01-04,0
5172481,68021.8556,1995-01-24,0
58981,67999.9816,1995-02-01,0
5245862,67988.188,1995-01-24,0
84453,67971.648,1994-12-11,0
4246660,67967.8272,1995-03-12,0
4725601,67966.441,1995-02-08,0
1471652,67951.8756,1994-12-25,0
5179239,67950.9987,1995-02-22,0
3317543,67949.7056,1994-12-28,0
2860192,67947.3984,1994-12-20,0
1953157,67924.5912,1995-01-30,0
2934629,67920.593,1995-01-05,0
3960164,67915.046,1995-02-26,0
4424422,67910.6246,1994-12-22,0
4931587,67872.904,1995-01-27,0
5532482,67865.85,1995-03-01,0
3206498,67856.4,1995-01-05,0
5717027,67842.939,1995-01-29,0
3417856,67840.1892,1995-02-23,0
4711716,67836.7872,1995-01-11,0
2902817,67800.508,1995-03-26,0
3723008,67791.7464,1995-02-28,0
4126273,67749.3213,1995-03-01,0
2245155,67745.2353,1995-03-22,0
4992770,67722.9597,1995-01-11,0
3978210,67716.099,1995-01-31,0
2357351,67698.7727,1995-03-11,0
3463747,67696.8696,1995-01-22,0
2269604,67689.0,1995-01-05,0
4880800,67671.7938,1994-12-15,0
1413860,67670.0902,1995-01-07,0
2811904,67660.1022,1995-03-07,0
4603425,67659.988,1995-01-08,0
3958311,67646.9076,1994-12-07,0
4022725,67635.648,1995-02-17,0
5072320,67615.4169,1995-03-23,0
3904518,67581.864,1995-01-01,0
2889344,67563.9321,1995-02-07,0
4963621,67553.36,1995-02-12,0
5438272,67551.194,1994-11-29,0
359,67544.316,1994-12-19,0
3486245,67503.4074,1995-01-09,0
4244192,67501.5572,1995-01-01,0
247265,67496.8794,1995-03-22,0
1124290,67474.704,1994-12-12,0
2531939,67473.8112,1995-02-26,0
2315461,67469.5874,1995-01-21,0
5693088,67461.8184,1995-03-09,0
3342754,67439.1948,1995-02-15,0
173056,67437.4052,1995-02-12,0
272262,67424.994,1995-01-07,0
5116960,67413.0412,1995-03-17,0
5566247,67402.9888,1994-12-07,0
5561889,67398.912,1994-12-27,0
1303844,67378.3344,1995-02-07,0
3582022,67345.2239,1994-12-25,0
1542727,67342.1784,1994-12-17,0
3651879,67336.4916,1995-03-13,0
1804836,67326.681,1995-03-05,0
4309190,67314.34,1994-12-16,0
2731620,67310.31,1995-03-19,0
4601761,67294.8328,1995-01-23,0
4907808,67275.0582,1995-02-25,0
2350053,67264.788,1995-03-16,0
1113089,67251.1732,1994-12-07,0
5265284,67236.9066,1995-03-09,0
2987042,67226.3324,1995-02-03,0
2011943,67202.316,1994-12-29,0
4704001,67201.977,1995-03-02,0
2721861,67184.4329,1995-01-18,0
775685,67182.632,1995-03-09,0
4508230,67164.048,1995-01-19,0
2838017,67150.384,1995-03-14,0
2149987,67147.5157,1995-02-11,0
4503299,67139.0982,1994-12-22,0
1325827,67117.8662,1995-02-13,0
4686370,67111.9698,1995-01-22,0
1292167,67108.08,1994-12-18,0
5516772,67106.2644,1995-01-16,0
2987172,67100.9625,1995-02-27,0
2846630,67087.1018,1995-03-01,0
4247812,67070.8095,1995-01-22,0
694914,67060.865,1995-01-18,0
5499908,67058.258,1995-03-25,0
5842817,67051.1232,1995-02-18,0
68775,67051.0855,1994-12-18,0
1013506,67020.24,1995-02-15,0
2723685,66996.907,1995-03-01,0
3150405,66996.1504,1995-02-04,0
3781600,66988.2822,1995-02-20,0
3423207,66980.88,1995-02-10,0
4417861,66955.56,1995-01-01,0
5359815,66951.181,1994-12-22,0
1272646,66948.9468,1995-03-13,0
1010657,66942.624,1995-03-23,0
943494,66931.4765,1995-03-20,0
932416,66920.5338,1994-12-07,0
5540451,66901.375,1994-12-02,0
3322567,66888.7875,1994-12-29,0
3118470,66841.835,1995-02-02,0
3709254,66840.2826,1994-12-08,0
2065031,66829.6,1994-12-01,0
3996130,66824.235,1995-03-23,0
2587013,66822.5623,1995-03-09,0
4310913,66821.1464,1995-01-30,0
2147972,66813.86,1995-01-15,0
5666081,66797.2943,1995-01-27,0
5944900,66744.3436,1995-01-26,0
3201666,66711.5955,1995-01-14,0
1989569,66702.8054,1995-03-21,0
3338464,66683.5918,1995-03-20,0
5651616,66664.956,1995-01-13,0
1805412,66660.948,1995-02-11,0
983236,66649.16,1995-03-16,0
4080994,66632.1355,1994-12-31,0
208295,66631.6894,1995-01-19,0
3882662,66628.0202,1994-12-26,0
2466724,66626.836,1995-01-22,0
5137443,66596.425,1994-12-26,0
5199011,66571.6432,1995-03-05,0
1889540,66565.7122,1995-01-20,0
2324389,66558.492,1995-01-19,0
4230816,66546.96,1995-02-09,0
2600486,66538.1496,1995-03-09,0
2646210,66535.2802,1995-01-21,0
964899,66534.561,1994-12-15,0
4061217,66495.878,1995-03-11,0
5130531,66483.5392,1995-03-08,0
2556007,66474.974,1995-02-10,0
1192133,66474.882,1995-02-25,0
3602374,66454.08,1995-03-20,0
5966086,66450.483,1995-02-15,0
923973,66428.2532,1995-02-25,0
2281504,66416.6848,1995-01-18,0
2338595,66392.9703,1995-01-03,0
4904166,66378.7104,1995-01-14,0
4743012,66372.443,1995-02-18,0
3614342,66351.096,1995-03-01,0
3750374,66329.1408,1994-12-17,0
1805312,66318.5556,1994-12-08,0
2361344,66294.5442,1995-02-24,0
5507041,66290.2029,1995-03-21,0
937635,66270.1124,1995-03-09,0
3611687,66269.6628,1995-02-14,0
2210692,66265.488,1994-12-10,0
3085443,66260.8599,1995-03-15,0
4792070,66246.3579,1995-02-16,0
1608513,66245.6187,1995-03-23,0
2183398,66225.7942,1995-02-23,0
1697568,66224.789,1995-02-01,0
2224518,66210.0418,1995-03-23,0
4104930,66208.3149,1994-12-25,0
1371812,66197.15,1995-01-28,0
4821859,66148.6578,1995-01-20,0
2428007,66140.9216,1995-02-11,0
3612672,66125.304,1995-03-07,0
4883139,66114.8624,1995-02-03,0
3603392,66071.472,1995-02-02,0
4337088,66048.64,1994-12-21,0
5036288,66042.9549,1994-12-24,0
1401762,66037.964,1995-03-08,0
553190,66034.9812,1995-02-17,0
3404932,66023.727,1995-01-08,0
2752774,66000.2934,1994-12-08,0
4395909,65999.0589,1995-03-04,0
5978502,65991.2976,1995-02-08,0
2253477,65984.616,1995-01-16,0
5733831,65966.39,1995-01-07,0
6663,65959.3851,1995-02-03,0
5001345,65958.6808,1994-12-12,0
783523,65926.6536,1995-02-16,0
2787780,65921.28,1995-01-16,0
2026695,65913.6632,1995-02-22,0
5795488,65906.8675,1995-01-27,0
2339077,65846.476,1995-02-12,0
1968610,65834.6296,1995-01-27,0
3964037,65814.8205,1994-12-22,0
2040546,65801.9385,1995-03-23,0
4027811,65800.8648,1995-01-05,0
3669061,65792.7155,1995-03-01,0
2935712,65787.6027,1995-02-02,0
510976,65781.546,1995-02-05,0
1717923,65780.977,1995-01-28,0
5785155,65776.7385,1995-01-14,0
4589699,65771.464,1995-02-11,0
5746304,65769.4272,1995-01-25,0
4706819,65762.993,1995-03-07,0
3043427,65754.1116,1995-01-19,0
355168,65751.0594,1995-01-25,0
2401798,65729.09,1995-01-29,0
4402663,65723.987,1995-01-29,0
2216771,65690.4009,1995-02-14,0
4207046,65675.55,1995-01-25,0
4051364,65653.4634,1995-01-15,0
1311137,65649.3068,1995-02-15,0
5026340,65638.686,1995-02-12,0
1395012,65637.7661,1995-03-11,0
5852005,65614.1472,1994-12-24,0
75267,65604.308,1995-03-08,0
3224708,65584.1659,1995-01-02,0
2258338,65577.9352,1995-02-07,0
5921412,65546.6418,1994-12-14,0
1065794,65543.85,1995-03-19,0
2320450,65530.7152,1995-02-28,0
5396450,65522.2854,1995-02-27,0
3223329,65519.9382,1995-03-15,0
845601,65513.439,1994-12-30,0
5510048,65512.4106,1995-03-25,0
2000643,65483.541,1995-03-13,0
5207782,65479.778,1995-01-07,0
4444869,65467.7768,1995-03-02,0
1372546,65392.9283,1994-12-05,0
3409121,65369.7792,1995-01-12,0
735137,65365.2314,1995-03-24,0
5241989,65356.1406,1995-01-16,0
5410310,65351.556,1994-12-16,0
1072742,65341.3552,1995-01-23,0
724129,65331.4854,1995-03-13,0
2575109,65315.5928,1995-01-01,0
95684,65265.4035,1995-02-17,0
878439,65255.8386,1995-02-05,0
336327,65242.2532,1995-02-14,0
5511108,65230.1824,1995-01-31,0
3459941,65208.8448,1995-02-27,0
5045763,65206.944,1995-01-04,0
864515,65197.7925,1994-12-13,0
5302535,65153.656,1995-01-01,0
160806,65133.45,1995-03-04,0
2263681,65131.335,1995-03-15,0
4378755,65126.99,1995-03-20,0
2194113,65117.8845,1995-02-05,0
4795265,65098.9352,1995-02-15,0
3636608,65098.1369,1995-03-04,0
4110307,65074.9815,1995-02-26,0
393728,65073.6654,1994-12-31,0
3576996,65016.2799,1995-03-10,0
951363,65006.4352,1995-01-19,0
247426,65001.5235,1995-03-21,0
5567684,64970.9928,1995-01-18,0
4891520,64959.8708,1995-02-20,0
2877091,64951.7701,1995-03-12,0
5009507,64947.756,1994-12-08,0
2017122,64940.5785,1995-02-15,0
582982,64935.387,1994-12-08,0
404736,64920.3104,1995-01-01,0
3737600,64915.2328,1995-01-22,0
4508964,64884.9,1995-01-22,0
654464,64881.264,1994-12-04,0
4100321,64875.5,1995-02-19,0
3237829,64852.4448,1995-03-07,0
5061063,64841.2752,1995-01-12,0
2311457,64827.9294,1995-01-19,0
466369,64813.5405,1995-02-25,0
2524134,64812.8176,1995-03-20,0
4494405,64800.9939,1995-02-05,0
5499526,64776.2232,1994-12-23,0
4543394,64767.618,1995-03-10,0
5885793,64767.163,1995-03-03,0
2466433,64754.0185,1994-12-25,0
4914083,64747.5112,1995-03-17,0
1811810,64742.2419,1994-12-18,0
4129600,64736.0928,1995-01-08,0
5155910,64723.84,1995-03-19,0
4413284,64705.71,1995-03-20,0
3937095,64702.5468,1995-02-14,0
3202050,64691.6589,1995-01-19,0
4437153,64671.9143,1995-02-06,0
3090627,64667.89,1995-02-19,0
5411239,64659.418,1995-02-19,0
614020,64659.0844,1994-12-27,0
3455972,64658.4216,1995-01-30,0
3855300,64645.0272,1994-12-18,0
1248129,64642.617,1994-12-04,0
246818,64629.2376,1994-12-14,0
551012,64624.7844,1995-03-08,0
77154,64571.8376,1994-11-27,0
3720677,64547.18,1995-01-21,0
4067426,64510.0336,1995-01-26,0
1713925,64505.2321,1995-01-13,0
4731079,64504.0737,1995-01-20,0
1079745,64474.8923,1995-02-19,0
979394,64441.7852,1994-12-10,0
3649381,64440.6114,1995-02-16,0
2275811,64439.1916,1995-01-02,0
2269060,64409.4693,1995-02-20,0
2044869,64377.4631,1995-02-15,0
4890531,64356.914,1995-01-22,0
4117473,64332.8768,1994-11-30,0
749346,64325.6068,1995-01-14,0
4607427,64309.6494,1995-01-28,0
2890404,64238.2992,1995-03-19,0
2110437,64234.2753,1995-01-12,0
5485380,64176.2663,1994-12-12,0
688354,64154.376,1995-01-07,0
378018,64145.9475,1994-12-01,0
4922786,64137.899,1994-12-15,0
5793479,64127.041,1995-03-06,0
4373798,64122.9771,1995-01-25,0
399618,64111.833,1994-12-30,0
3281088,64097.7789,1995-02-24,0
3623335,64092.6099,1995-02-23,0
5330023,64077.1488,1994-12-15,0
1342627,64059.5628,1995-02-09,0
1719331,64051.9275,1995-01-31,0
5638535,64037.277,1995-01-11,0
2652198,64027.3056,1995-02-10,0
2257954,64025.3544,1995-02-13,0
2858819,63998.88,1995-02-20,0
4983010,63946.4798,1995-02-05,0
3446016,63942.1399,1995-01-18,0
5926535,63941.0016,1994-11-28,0
1921633,63937.764,1995-01-31,0
4436421,63927.7188,1994-12-18,0
5489794,63916.038,1994-12-14,0
3981314,63910.8288,1995-02-27,0
3858596,63908.208,1995-02-22,0
590214,63901.5894,1995-02-09,0
5869539,63891.6275,1995-02-09,0
4956578,63889.5505,1995-01-03,0
907398,63884.4408,1994-12-28,0
492960,63883.0759,1995-02-22,0
5536516,63879.9889,1994-12-30,0
671590,63878.8656,1995-03-04,0
3893281,63876.6244,1995-01-23,0
4099783,63862.728,1995-01-26,0
2906403,63852.1616,1995-02-06,0
3849024,63851.2875,1994-12-03,0
5865985,63844.0032,1994-12-11,0
5853540,63812.0714,1995-02-17,0
40356,63796.1832,1994-12-20,0
505189,63787.8,1995-01-02,0
2759746,63784.3896,1994-12-24,0
3535718,63784.35,1995-03-23,0
358240,63780.7556,1995-01-08,0
2523557,63777.114,1994-12-19,0
4231491,63770.2431,1995-03-13,0
4431847,63765.4064,1995-01-21,0
5399872,63749.342,1995-01-09,0
782407,63733.204,1995-01-30,0
101926,63719.9208,1995-01-30,0
4372417,63702.7471,1994-12-14,0
1250211,63702.2264,1995-01-13,0
4897028,63692.544,1994-12-23,0
2928866,63664.722,1995-03-20,0
3554951,63642.3924,1995-01-01,0
862787,63636.32,1995-01-06,0
1822978,63618.0964,1994-12-02,0
792160,63617.632,1995-01-30,0
4379428,63617.372,1994-12-09,0
5239425,63610.0182,1994-12-19,0
5598018,63571.4864,1995-01-03,0
1584225,63564.4586,1995-01-21,0
5384614,63556.6216,1995-01-17,0
4605952,63543.626,1995-02-25,0
287170,63529.5326,1995-01-01,0
1488391,63527.058,1995-02-10,0
5291488,63502.8,1995-03-11,0
1483428,63484.0219,1995-01-17,0
611397,63481.64,1995-03-13,0
5269602,63467.6054,1995-01-30,0
4604389,63453.4327,1995-02-17,0
3211975,63442.5383,1995-02-12,0
4719205,63440.9172,1995-01-17,0
420930,63422.2487,1995-02-08,0
5134340,63422.1406,1995-01-06,0
2441248,63399.5032,1995-01-05,0
5950693,63398.413,1995-01-22,0
74662,63339.4464,1995-01-21,0
1002178,63334.3694,1995-01-16,0
2427845,63316.3986,1995-01-15,0
2780928,63274.69,1994-12-08,0
3274914,63252.965,1995-03-16,0
4636832,63249.1782,1995-01-12,0
5801767,63230.712,1995-02-11,0
2779043,63178.7799,1995-02-22,0
3720837,63175.086,1994-12-31,0
5609700,63165.5535,1995-03-09,0
1943780,63122.094,1995-01-25,0
469731,63118.1904,1994-12-30,0
537569,63113.5176,1995-02-05,0
4999840,63108.3642,1994-12-12,0
311394,63097.496,1995-01-11,0
2537667,63015.1831,1995-01-04,0
838151,63014.1488,1995-01-12,0
5902722,62959.612,1995-02-10,0
774372,62906.9349,1995-01-03,0
5039042,62888.016,1995-03-07,0
1699681,62869.083,1995-03-21,0
627557,62851.4427,1995-01-08,0
1273600,62838.944,1995-01-28,0
270688,62834.7786,1994-12-27,0
1538150,62833.6314,1994-12-31,0
2836935,62825.8692,1995-01-12,0
4446017,62798.06,1995-01-16,0
971328,62790.2892,1995-01-29,0
898631,62767.3956,1995-01-25,0
1195042,62748.4082,1995-02-04,0
809763,62745.0366,1994-12-25,0
4724711,62738.405,1995-02-08,0
1196644,62696.7375,1995-02-06,0
2820641,62686.032,1995-01-25,0
271168,62659.1028,1995-03-06,0
1516869,62651.04,1995-01-23,0
2771811,62646.192,1995-01-23,0
4560899,62635.6269,1994-12-19,0
5498626,62630.7066,1994-12-26,0
4041313,62533.0878,1995-02-10,0
1510403,62525.2334,1995-02-08,0
4946788,62523.1179,1995-03-11,0
5975968,62514.2364,1995-03-10,0
2844516,62508.48,1995-01-14,0
2092577,62505.09,1995-03-26,0
5480384,62502.9048,1994-12-04,0
4747013,62496.1575,1995-02-11,0
3385250,62488.7244,1994-12-13,0
5283555,62465.424,1995-02-01,0
4808934,62443.629,1995-01-30,0
3143175,62442.8704,1995-03-12,0
270823,62437.0674,1995-03-12,0
653536,62404.7424,1995-02-17,0
4166115,62398.7676,1995-03-05,0
3007297,62391.552,1994-12-27,0
4971265,62372.8634,1994-12-29,0
3582371,62367.372,1995-01-28,0
2465927,62345.422,1994-12-11,0
3944996,62342.9519,1995-01-12,0
398850,62331.894,1995-01-01,0
2524613,62271.8976,1995-02-07,0
606180,62269.0592,1995-02-17,0
3639842,62227.4904,1995-03-20,0
5372453,62217.6882,1994-12-19,0
4530247,62199.2288,1995-03-22,0
1841954,62194.5576,1994-12-19,0
4849698,62187.612,1995-02-05,0
2947910,62169.3331,1995-02-04,0
956386,62164.584,1995-01-07,0
859046,62153.18,1995-01-23,0
2122756,62152.209,1994-12-29,0
699684,62143.27,1995-01-30,0
5838437,62128.4188,1995-01-21,0
3121699,62115.18,1994-12-22,0
5493793,62100.432,1994-12-02,0
1634083,62096.662,1995-03-03,0
2242624,62096.1872,1995-03-14,0
5352610,62089.118,1994-12-15,0
3250465,62081.3232,1995-01-20,0
2844135,62077.608,1995-01-20,0
3581090,62051.2334,1995-02-22,0
530628,62031.9168,1994-12-13,0
1629699,62023.582,1995-02-28,0
4506372,62013.4648,1995-01-01,0
4099367,62008.6848,1994-12-29,0
908004,62004.1296,1995-01-09,0
3125636,61992.06,1995-02-23,0
2311750,61991.909,1994-12-27,0
4577121,61976.0988,1994-12-20,0
3532162,61956.3168,1994-12-20,0
323750,61942.9546,1995-01-24,0
3771104,61932.464,1995-02-04,0
3782881,61901.21,1994-12-06,0
420000,61892.509,1995-03-17,0
1349382,61892.394,1995-03-20,0
3456679,61888.642,1994-12-14,0
1458630,61878.752,1995-01-16,0
3996833,61870.3396,1995-03-03,0
870695,61862.2487,1995-01-20,0
3530368,61828.4955,1995-02-02,0
4982561,61827.4944,1995-01-12,0
5681795,61826.4556,1995-02-10,0
935524,61812.8835,1995-03-07,0
5908928,61787.936,1995-02-04,0
4680228,61778.5837,1995-01-07,0
2378310,61776.75,1995-01-03,0
1284931,61742.8732,1995-03-10,0
887236,61740.944,1994-12-22,0
4603685,61731.3916,1995-01-22,0
948358,61730.3049,1995-03-14,0
5086336,61717.2966,1995-02-16,0
900192,61712.5,1995-01-17,0
5751847,61704.384,1995-01-23,0
5379301,61697.2608,1995-01-12,0
1926822,61694.973,1994-12-13,0
683715,61683.8391,1995-03-20,0
807717,61653.942,1994-12-06,0
1131685,61644.2234,1994-12-31,0
4074631,61627.7628,1995-02-02,0
5797378,61613.1648,1995-01-06,0
1537698,61608.4752,1995-02-18,0
4530241,61602.2695,1995-01-01,0
5577155,61594.4952,1995-01-15,0
3093028,61591.2336,1995-02-09,0
3804070,61585.44,1995-02-07,0
1798567,61571.88,1995-01-31,0
4873376,61558.0,1995-01-21,0
4221986,61551.249,1995-02-11,0
3704706,61510.4275,1995-02-16,0
3179522,61507.8144,1995-02-12,0
145858,61496.82,1995-01-11,0
4545927,61490.016,1995-01-07,0
3460898,61475.6114,1995-03-07,0
567239,61473.944,1995-01-28,0
2797254,61471.9698,1995-03-01,0
4444103,61456.7736,1995-01-18,0
3539779,61421.5485,1995-02-12,0
2651588,61416.2983,1995-01-08,0
1837190,61414.2608,1995-01-18,0
5566657,61378.668,1995-01-31,0
1088992,61360.0,1994-12-14,0
3346662,61352.4022,1995-02-12,0
2798692,61350.891,1994-12-16,0
5318947,61319.6766,1994-12-01,0
2537152,61302.312,1995-02-16,0
4026212,61290.4873,1995-02-19,0
5760001,61269.662,1994-12-15,0
3658115,61254.0594,1995-01-17,0
1739812,61251.6476,1995-03-13,0
5883973,61241.3388,1995-03-18,0
1653152,61239.026,1995-01-10,0
2476417,61236.6804,1995-02-01,0
1254436,61220.4912,1995-02-17,0
777795,61209.6667,1994-12-02,0
5697572,61207.2231,1994-12-09,0
4669958,61195.1232,1995-02-15,0
1354978,61182.6194,1995-02-16,0
5553095,61114.0608,1995-02-04,0
2105825,61098.8762,1995-01-12,0
4375235,61095.8302,1995-02-22,0
920421,61075.9116,1995-02-15,0
377446,61055.1848,1995-03-22,0
5507141,61042.2783,1995-03-12,0
2475525,61031.5284,1994-12-25,0
5898567,61018.9944,1994-12-21,0
5625859,61012.4424,1994-12-31,0
2546469,61011.8422,1995-01-28,0
1868102,60987.8096,1995-02-12,0
3123104,60936.8265,1995-03-12,0
2860257,60912.6422,1995-01-13,0
5735041,60911.838,1995-02-25,0
2411047,60906.02,1995-01-04,0
5068290,60903.075,1995-01-24,0
1144580,60894.4292,1994-12-16,0
655334,60894.288,1994-12-30,0
2542564,60885.4752,1994-12-21,0
5817156,60871.1569,1994-12-20,0
4306151,60861.9058,1995-02-03,0
5430726,60861.4776,1994-12-21,0
3859776,60860.9601,1995-01-17,0
1343489,60835.7232,1994-12-30,0
120005,60832.3416,1995-03-14,0
3625095,60819.4968,1995-02-09,0
4829958,60767.01,1995-01-17,0
5003045,60760.49,1995-02-22,0
4534950,60749.0328,1995-02-28,0
3542823,60723.1488,1994-12-21,0
995008,60722.2371,1994-12-24,0
196289,60688.0945,1994-12-13,0
1363975,60667.6121,1995-03-05,0
3277312,60667.5762,1994-12-18,0
1624450,60655.157,1995-01-19,0
4266695,60636.8304,1995-01-22,0
1012709,60603.543,1995-01-21,0
2210884,60584.316,1994-12-24,0
5353507,60546.6434,1995-01-02,0
3518181,60524.576,1995-01-14,0
1097891,60518.3488,1994-12-27,0
308804,60505.92,1995-02-10,0
1418852,60489.6985,1995-01-27,0
1098369,60477.444,1995-01-01,0
5745344,60461.388,1994-12-29,0
3221829,60454.9357,1995-01-09,0
659171,60450.7524,1994-12-26,0
3209954,60444.9974,1995-01-31,0
1113376,60439.7454,1995-01-18,0
3610822,60438.848,1995-01-08,0
2255264,60435.8172,1995-03-02,0
2253959,60424.3382,1994-12-27,0
4673985,60419.1326,1994-12-30,0
2831074,60414.3885,1995-03-18,0
4387237,60414.172,1995-03-22,0
633446,60411.12,1995-02-23,0
5827041,60388.524,1995-01-01,0
2207393,60387.7176,1995-03-10,0
2414786,60377.6815,1995-03-13,0
1013732,60377.2708,1995-02-27,0
1083744,60375.9668,1995-02-14,0
2974241,60373.4278,1995-02-24,0
3423936,60362.12,1995-01-10,0
2711394,60361.7287,1995-01-19,0
3268549,60350.902,1995-01-03,0
3281410,60339.4074,1995-02-18,0
991878,60318.9198,1995-01-08,0
4016675,60318.1252,1995-02-06,0
4903685,60305.7,1995-01-02,0
4657987,60305.343,1995-03-23,0
5733190,60289.5758,1995-03-10,0
4814950,60264.7175,1994-12-26,0
2688832,60260.256,1994-12-26,0
2402531,60258.978,1995-01-14,0
911619,60256.1916,1995-03-07,0
3404512,60246.48,1994-12-17,0
3994247,60238.638,1995-01-20,0
5086597,60213.96,1995-01-04,0
3023426,60197.23,1995-01-05,0
1128864,60194.592,1995-02-04,0
2315655,60194.16,1995-01-29,0
5824294,60189.2025,1995-02-11,0
43621,60164.412,1995-02-13,0
3099718,60157.2452,1995-02-11,0
2721057,60151.08,1995-01-11,0
36931,60149.7874,1995-01-20,0
206438,60147.3576,1994-12-19,0
42117,60139.9116,1995-02-19,0
5734277,60132.1915,1995-01-07,0
3678850,60127.1395,1995-03-17,0
1782439,60105.3012,1995-03-05,0
5290374,60094.5186,1995-03-03,0
368739,60079.143,1995-01-07,0
1904327,60072.012,1994-12-19,0
792673,60071.4,1994-12-15,0
4691300,60058.695,1995-01-23,0
833830,60044.5676,1995-03-17,0
4212003,60034.0635,1995-02-23,0
2582594,60033.4868,1995-02-08,0
1394048,60033.4264,1994-12-05,0
4227137,60032.203,1995-03-05,0
4083008,60022.6186,1995-01-20,0
5459490,59992.0412,1995-02-09,0
1085729,59983.5054,1995-01-29,0
1231040,59975.25,1995-01-24,0
5991040,59974.0668,1995-02-16,0
5119107,59962.1967,1995-02-20,0
1865408,59950.3632,1995-03-24,0
5565059,59936.7114,1995-01-31,0
623654,59932.9908,1995-02-08,0
2722307,59929.5424,1995-01-17,0
1676481,59928.1129,1995-03-20,0
4266272,59898.3246,1995-02-28,0
3015265,59884.5627,1995-02-10,0
2400160,59879.6821,1995-01-23,0
2632709,59870.1557,1994-12-31,0
5310306,59868.0,1995-02-06,0
5883748,59828.9323,1995-01-14,0
3241511,59822.169,1995-02-27,0
3487782,59814.4024,1995-02-04,0
406822,59810.8982,1995-01-11,0
3623141,59791.7991,1995-01-14,0
14693,59785.56,1995-01-10,0
4890274,59784.912,1995-01-31,0
3351429,59749.407,1995-02-22,0
4176231,59741.5906,1995-01-18,0
5417186,59739.744,1995-02-10,0
2709093,59737.8983,1994-12-21,0
5803360,59724.5844,1995-02-01,0
186695,59720.661,1995-03-10,0
3441344,59703.4956,1995-01-25,0
4738790,59690.3148,1994-12-27,0
3945126,59686.9908,1995-03-01,0
4175712,59652.3648,1995-01-16,0
1888711,59650.2508,1995-02-16,0
276422,59647.7904,1994-12-02,0
5776836,59635.5716,1995-01-17,0
369831,59581.1495,1995-02-14,0
4969121,59577.9667,1995-02-02,0
2009187,59549.5976,1995-01-26,0
5290434,59530.56,1995-01-26,0
3762560,59525.1267,1995-02-23,0
4464166,59519.1405,1995-03-02,0
4371271,59516.7804,1994-12-15,0
2488903,59507.1154,1995-02-23,0
5915237,59467.4988,1995-01-11,0
2336615,59459.3871,1994-12-08,0
1693474,59450.8356,1995-01-09,0
972839,59449.2204,1994-12-30,0
5176708,59443.1136,1995-01-02,0
966629,59441.8566,1995-02-23,0
3027045,59426.81,1994-12-18,0
5390663,59421.4312,1994-12-14,0
5506817,59408.235,1995-01-01,0
4192548,59397.3765,1995-01-27,0
2523171,59360.2768,1995-01-29,0
4051239,59353.1955,1995-01-11,0
1425927,59351.6979,1994-12-13,0
4429572,59350.5093,1995-02-23,0
4564325,59344.3445,1995-01-06,0
615111,59337.5628,1995-01-19,0
2970789,59300.2524,1995-02-26,0
4400898,59291.5029,1994-12-22,0
2428645,59289.927,1995-03-04,0
2123202,59276.048,1995-02-11,0
1797635,59262.7854,1995-01-09,0
1832485,59257.9338,1995-02-14,0
4075043,59249.718,1995-03-07,0
661793,59247.0456,1995-02-03,0
5854915,59243.8904,1995-02-19,0
3960804,59235.4005,1995-01-23,0
4747943,59228.8497,1995-01-12,0
5058631,59219.0372,1995-03-12,0
3750854,59212.7482,1995-01-23,0
5452772,59193.351,1995-01-15,0
1837443,59192.9751,1994-12-11,0
492455,59166.059,1995-02-22,0
1830694,59145.2844,1995-02-03,0
3916259,59141.9612,1994-12-11,0
4292737,59140.7862,1994-12-16,0
3822626,59138.3352,1995-01-08,0
2070503,59137.8165,1994-12-20,0
775714,59132.568,1995-01-18,0
4491458,59127.5916,1995-01-02,0
4668836,59084.4933,1995-01-29,0
854561,59081.2511,1995-01-17,0
3975555,59066.451,1995-01-06,0
4645861,59030.4385,1995-03-11,0
1890723,59027.0208,1995-02-21,0
3054662,59006.9184,1994-12-22,0
1172517,59003.74,1994-12-17,0
4012867,58998.366,1995-01-17,0
5272099,58995.1424,1995-02-11,0
3596578,58985.7725,1995-02-22,0
1785440,58983.1428,1995-01-11,0
3275680,58962.6324,1995-01-22,0
3778372,58934.4937,1995-02-22,0
5203970,58921.1595,1995-03-05,0
2648647,58897.1528,1995-03-03,0
3472454,58891.96,1995-03-16,0
5043239,58888.5642,1995-02-11,0
1741697,58853.6305,1994-12-22,0
2464737,58846.2528,1994-11-30,0
1916674,58805.46,1994-12-24,0
1600134,58792.0242,1995-01-01,0
2555235,58790.294,1995-01-04,0
3921858,58768.404,1995-03-04,0
754181,58727.9616,1995-03-19,0
1911365,58669.38,1995-01-01,0
99716,58642.417,1995-03-03,0
1092930,58626.18,1995-03-15,0
1935047,58608.9576,1994-12-15,0
5511938,58605.6396,1995-02-01,0
4410183,58603.0923,1995-03-07,0
3945445,58593.1206,1995-02-04,0
2770818,58589.2944,1994-12-24,0
2567428,58578.6224,1995-01-05,0
1849570,58570.897,1994-12-24,0
2656774,58547.5556,1995-02-25,0
2426371,58532.0704,1995-02-04,0
1172455,58521.8543,1995-01-23,0
1417315,58519.0446,1995-01-25,0
5252199,58491.2188,1995-01-18,0
1057668,58481.7615,1995-03-25,0
36677,58466.1488,1994-12-24,0
990085,58442.0928,1994-12-13,0
3854439,58433.2316,1995-03-14,0
2040231,58385.502,1994-12-31,0
1493574,58358.084,1995-03-06,0
818022,58348.3296,1995-01-02,0
4297479,58340.16,1995-02-12,0
402850,58313.569,1995-02-14,0
155108,58284.4977,1994-12-10,0
195716,58283.9982,1995-02-21,0
1211045,58278.7012,1995-03-02,0
5352965,58270.195,1994-12-26,0
1811814,58269.708,1995-03-04,0
2160868,58264.6856,1994-12-27,0
3713670,58264.011,1995-01-15,0
5245282,58260.636,1995-02-18,0
993317,58242.814,1994-12-27,0
2822115,58231.2078,1994-12-16,0
2651617,58230.996,1995-02-19,0
415680,58204.8324,1995-01-25,0
2945958,58186.7712,1995-03-12,0
4131844,58186.08,1995-03-11,0
381219,58174.2312,1995-03-24,0
3693446,58172.5904,1994-12-28,0
5296517,58159.465,1994-12-26,0
3400455,58157.3398,1995-01-29,0
5042147,58137.426,1995-02-09,0
3225893,58118.9518,1995-02-04,0
2085061,58117.5036,1995-03-12,0
1326339,58116.6285,1995-01-04,0
4789347,58112.962,1995-01-19,0
4538944,58111.5942,1995-02-22,0
2968806,58091.154,1995-01-04,0
2391009,58090.578,1995-01-14,0
1398375,58080.306,1995-03-06,0
1802720,58079.7103,1995-01-01,0
1511974,58076.046,1995-03-01,0
42852,58067.9442,1994-12-21,0
2431237,58050.6752,1995-02-02,0
5910981,58042.413,1994-12-22,0
4715559,58040.892,1995-03-23,0
3748225,58035.9384,1994-12-09,0
3323041,58031.472,1994-12-11,0
17346,58027.536,1995-03-08,0
1379750,58024.4736,1995-01-25,0
612996,58020.3294,1994-12-28,0
3109312,58015.8071,1994-12-24,0
3228551,58014.0834,1995-01-04,0
4033440,57998.16,1995-01-28,0
2029569,57994.8872,1995-03-03,0
5740384,57991.4985,1995-02-07,0
4056897,57990.6126,1995-02-15,0
1942116,57985.248,1995-02-08,0
3072065,57948.831,1995-01-28,0
2377571,57945.7645,1995-01-01,0
5627523,57937.463,1995-01-03,0
3878372,57915.2,1995-03-03,0
2682755,57887.712,1995-01-11,0
1414917,57879.6288,1995-02-13,0
3834311,57865.1,1995-02-14,0
2328704,57863.5248,1995-02-22,0
4532547,57860.7279,1995-03-09,0
596359,57844.8552,1995-01-04,0
3983462,57841.5453,1994-12-24,0
5660517,57833.5749,1994-12-19,0
5665985,57826.744,1995-03-14,0
384065,57821.6184,1994-12-06,0
3875334,57803.3841,1994-12-29,0
1330595,57798.9906,1995-03-09,0
2051680,57798.8752,1994-12-29,0
1049184,57784.9787,1995-01-17,0
2682242,57761.7648,1995-01-14,0
4999108,57751.986,1995-01-24,0
3404231,57748.2044,1995-01-12,0
656518,57745.1586,1995-01-08,0
4081543,57705.7182,1995-02-19,0
642178,57679.1708,1995-01-03,0
3181537,57666.942,1995-03-19,0
5007332,57661.359,1995-01-31,0
4320642,57654.2538,1994-12-11,0
2883073,57644.7603,1995-02-01,0
982785,57639.6135,1995-02-08,0
2743264,57625.1084,1995-01-21,0
5350887,57604.386,1994-12-28,0
4658661,57585.2034,1995-01-07,0
1385408,57556.212,1995-02-07,0
5435490,57548.2667,1995-03-07,0
5081543,57539.3902,1995-03-19,0
2011110,57514.2876,1994-12-02,0
4220355,57493.126,1995-03-01,0
2552833,57492.435,1994-12-08,0
2831430,57487.248,1995-02-14,0
2451814,57478.568,1994-12-21,0
1145248,57475.6182,1995-02-10,0
4135650,57463.66,1995-01-03,0
4709414,57420.8736,1995-01-28,0
2721669,57416.919,1994-12-03,0
3012288,57408.2635,1994-12-30,0
2939041,57402.72,1995-02-11,0
5688647,57359.6206,1994-12-22,0
5486340,57349.632,1995-01-06,0
5207872,57340.2624,1995-03-06,0
2674208,57334.2168,1995-01-16,0
1641504,57313.3752,1995-01-25,0
2810657,57305.3481,1994-12-13,0
583397,57295.7768,1995-01-31,0
4043040,57286.745,1995-02-12,0
2067172,57278.445,1995-01-26,0
1463429,57276.0188,1995-02-12,0
1495044,57262.1595,1995-03-02,0
591683,57259.8141,1995-03-04,0
5938118,57248.0916,1994-12-25,0
5067008,57221.4456,1994-12-05,0
5485219,57217.0131,1995-01-06,0
1769126,57215.1232,1995-03-22,0
4596869,57214.2753,1995-01-22,0
230246,57206.8756,1995-01-07,0
3372614,57196.9557,1995-03-02,0
1217222,57178.296,1995-01-23,0
3698144,57177.1476,1995-03-01,0
4051554,57128.142,1995-02-10,0
4446914,57124.32,1994-12-24,0
3581408,57092.256,1995-02-01,0
1334304,57085.1019,1994-12-14,0
4837507,57074.0884,1995-02-07,0
1709606,57065.396,1995-03-23,0
1120358,57026.7936,1994-12-06,0
2143365,57022.1502,1994-12-08,0
2653889,56995.5192,1995-01-25,0
4117185,56993.174,1994-12-28,0
5962882,56991.627,1995-03-11,0
2382086,56979.832,1995-02-10,0
729413,56977.4388,1995-01-22,0
4251457,56939.9208,1994-12-11,0
1724704,56927.81,1995-02-12,0
1236768,56924.0808,1994-12-22,0
2004199,56922.0072,1995-03-03,0
2882371,56919.33,1994-12-27,0
5146439,56904.9516,1995-02-11,0
877986,56899.89,1995-02-26,0
370179,56886.717,1995-01-01,0
283331,56886.475,1995-01-20,0
813156,56849.472,1994-12-20,0
1113281,56829.4824,1995-02-19,0
3335780,56822.148,1995-02-04,0
3064611,56816.235,1995-02-19,0
5050787,56802.5738,1995-03-20,0
598466,56779.488,1995-03-02,0
265665,56773.9704,1995-02-22,0
1458272,56763.5499,1994-12-27,0
3681060,56762.784,1995-01-22,0
1050851,56754.024,1995-02-27,0
1284193,56734.2972,1995-03-14,0
622309,56731.584,1995-01-15,0
4371172,56722.55,1994-12-29,0
2904897,56694.784,1995-01-20,0
2236897,56687.7129,1995-02-23,0
4653222,56687.4153,1995-02-03,0
5084548,56678.9372,1995-01-29,0
2658948,56668.3316,1995-01-18,0
834209,56656.108,1995-01-25,0
5898277,56599.3164,1995-01-15,0
210758,56593.485,1994-12-30,0
4812421,56586.0096,1995-02-11,0
2579174,56563.5872,1994-12-20,0
2237702,56560.1664,1995-02-10,0
564290,56551.046,1994-12-06,0
5917479,56535.0534,1994-12-25,0
2572484,56529.4758,1995-03-13,0
3348163,56528.01,1994-12-19,0
1708007,56527.9474,1994-12-25,0
1531076,56517.021,1995-01-08,0
2515394,56506.4797,1995-01-02,0
677827,56485.8204,1995-01-26,0
814115,56453.8636,1995-01-21,0
184448,56429.4908,1995-02-23,0
3590407,56425.842,1995-01-23,0
1072421,56417.625,1994-12-25,0
3278371,56414.19,1994-12-10,0
2861729,56412.4176,1995-01-03,0
466756,56411.995,1995-02-09,0
3002338,56410.26,1995-03-06,0
1589188,56394.4141,1995-03-25,0
2393639,56379.3216,1995-01-18,0
3565829,56357.7564,1995-01-03,0
1440352,56344.5211,1994-12-09,0
4335105,56339.7384,1995-02-02,0
3045413,56333.634,1994-12-17,0
1205604,56333.0394,1995-03-26,0
5642373,56305.7184,1995-03-08,0
4553858,56296.36,1995-02-10,0
5790759,56273.4103,1995-01-18,0
4898919,56252.203,1995-02-05,0
66530,56248.9063,1995-01-01,0
2102178,56248.632,1995-02-25,0
2133127,56226.4572,1995-02-13,0
5273669,56211.0549,1994-12-18,0
4203975,56202.0272,1994-12-07,0
1318086,56199.4416,1994-12-14,0
2069223,56198.9598,1995-02-21,0
5904900,56174.43,1994-12-26,0
5278820,56174.418,1995-02-14,0
4214688,56128.545,1994-12-13,0
3726020,56122.2585,1994-12-27,0
473922,56121.0174,1995-03-06,0
606055,56109.8853,1995-03-12,0
5281478,56104.3648,1995-03-13,0
897380,56104.3428,1995-03-05,0
940036,56099.853,1994-12-19,0
3426946,56073.24,1994-12-15,0
1638310,56060.3394,1995-03-01,0
5191009,56057.9716,1995-01-21,0
3952103,56045.63,1994-12-15,0
1871973,56026.7974,1995-01-08,0
3728643,55985.7976,1995-02-14,0
180897,55974.8772,1995-03-02,0
1568550,55966.8292,1995-02-12,0
2262215,55916.4578,1995-02-25,0
3331814,55880.294,1994-12-25,0
1491623,55868.4,1995-01-07,0
604774,55859.364,1994-12-24,0
5179622,55856.5365,1995-03-21,0
4589376,55853.0676,1995-01-29,0
4378723,55849.42,1994-12-22,0
1178084,55836.9964,1995-03-14,0
5656544,55835.5343,1995-02-23,0
3260256,55822.608,1995-01-22,0
4809702,55819.0296,1995-03-23,0
5165888,55792.1387,1995-02-27,0
1959111,55779.982,1995-01-21,0
2860772,55777.407,1994-12-15,0
1354181,55773.8964,1995-01-26,0
5198016,55764.7344,1995-01-05,0
3662977,55763.4816,1995-01-26,0
3830916,55763.2308,1995-03-03,0
1571522,55754.5814,1995-01-05,0
1273734,55749.346,1995-02-21,0
4176837,55721.2644,1995-02-27,0
3090692,55718.2422,1995-02-06,0
4741124,55715.7948,1995-03-03,0
2603655,55712.1866,1995-01-24,0
4821381,55711.4516,1994-12-30,0
1721504,55703.648,1995-01-13,0
5105634,55700.8596,1994-12-19,0
5876455,55685.9248,1995-01-19,0
4818592,55654.032,1995-03-14,0
3265477,55652.4,1995-03-20,0
1012134,55648.2654,1995-02-09,0
915205,55645.0455,1995-01-22,0
1427521,55627.2405,1995-02-18,0
5538209,55609.0612,1995-01-10,0
4111968,55598.025,1994-12-20,0
3514757,55537.3444,1995-02-03,0
5799494,55523.8788,1995-03-16,0
3774375,55479.9905,1995-01-10,0
3811268,55471.5868,1995-01-09,0
4532484,55470.9968,1995-02-21,0
4015367,55437.0,1995-02-17,0
5701446,55432.7703,1995-01-24,0
2164135,55426.2575,1994-12-15,0
5169888,55412.334,1995-01-18,0
1036676,55404.8559,1995-03-15,0
3677606,55376.1152,1995-02-09,0
782179,55355.322,1995-01-09,0
2645669,55341.636,1994-12-29,0
5327687,55341.078,1995-03-18,0
5167969,55327.7912,1995-01-31,0
2207168,55312.1664,1995-02-07,0
5359075,55293.1883,1995-02-13,0
139495,55286.288,1995-01-05,0
3287268,55248.5388,1994-12-10,0
5238983,55243.9444,1995-01-07,0
5349952,55230.9212,1995-01-06,0
855620,55227.4976,1995-01-13,0
546759,55227.144,1995-03-22,0
2400097,55197.9064,1994-12-12,0
140420,55157.6664,1995-02-05,0
3098949,55156.5189,1995-02-08,0
867490,55154.645,1995-02-19,0
5426497,55151.8968,1994-12-18,0
887301,55138.0395,1995-01-28,0
5366209,55069.8432,1995-03-07,0
4374880,55067.87,1994-12-23,0
5786304,55063.146,1995-02-05,0
2720325,55047.5337,1995-03-08,0
877255,55034.4186,1995-01-06,0
2336068,55032.93,1995-01-02,0
415268,55028.1915,1995-01-13,0
1779206,55017.333,1995-01-05,0
5881927,55006.0,1994-12-16,0
1836870,55005.8643,1995-01-26,0
5839335,55000.8485,1995-02-13,0
1044227,54997.211,1995-01-08,0
899136,54990.3168,1995-01-22,0
2131682,54989.9391,1995-01-26,0
4538438,54963.4464,1994-12-16,0
119393,54954.94,1995-01-07,0
4021798,54936.5522,1995-01-02,0
3726278,54921.8688,1995-01-14,0
3565511,54903.2004,1995-03-19,0
1450181,54887.58,1994-12-25,0
4454754,54874.74,1995-03-16,0
1224326,54867.557,1995-02-19,0
3606822,54853.4321,1995-02-18,0
4674662,54843.0231,1995-02-13,0
1842242,54838.2912,1995-01-26,0
2103266,54835.5,1994-12-21,0
2042694,54831.312,1995-01-25,0
2312035,54825.456,1995-01-15,0
4359714,54807.9424,1995-03-13,0
4308869,54791.45,1994-12-01,0
5970496,54780.2184,1995-03-16,0
5408995,54775.78,1994-12-10,0
4666599,54754.47,1994-12-22,0
2948998,54742.686,1995-01-11,0
4511239,54734.7808,1994-12-21,0
1706055,54711.6806,1995-01-12,0
4837191,54706.608,1995-01-12,0
3992357,54701.1717,1994-12-11,0
3940899,54690.0955,1995-03-02,0
144482,54678.24,1995-03-24,0
880548,54657.5106,1995-01-16,0
4617603,54622.5792,1995-01-18,0
1547425,54607.8117,1995-01-07,0
4912962,54605.012,1995-03-21,0
3113793,54573.0,1995-02-26,0
3441826,54569.3118,1995-01-14,0
3748644,54565.91,1994-12-21,0
3539938,54561.402,1994-12-23,0
4096672,54558.9246,1995-01-22,0
4159266,54552.663,1995-03-24,0
4645251,54530.8198,1995-03-12,0
3482983,54527.1868,1995-01-10,0
4117632,54525.9504,1995-01-09,0
638309,54513.1608,1995-01-26,0
432934,54508.908,1994-12-21,0
2066661,54507.3805,1995-02-18,0
5096162,54499.8518,1995-02-26,0
5684418,54494.3204,1994-12-08,0
5101315,54492.5895,1995-02-15,0
1321410,54477.8748,1995-03-19,0
3490631,54476.76,1995-01-07,0
542374,54445.1544,1995-01-07,0
126624,54444.5352,1995-03-21,0
4907399,54435.7584,1995-02-18,0
5127651,54420.24,1994-12-15,0
440227,54417.0248,1995-01-27,0
4394983,54400.892,1995-02-26,0
3560992,54395.0352,1994-12-18,0
3834245,54373.7664,1995-03-04,0
5007744,54339.516,1995-02-02,0
5318048,54339.3465,1995-02-28,0
5530912,54336.8889,1995-01-25,0
4295681,54289.3834,1995-01-16,0
4762372,54262.7011,1995-03-21,0
5764034,54199.272,1995-02-13,0
3631232,54192.3965,1995-01-20,0
3203553,54189.0941,1994-12-30,0
2540610,54164.128,1995-03-24,0
3098789,54163.3452,1994-12-16,0
138468,54153.8412,1995-01-23,0
510788,54137.688,1994-12-25,0
5300194,54134.4672,1994-12-18,0
808455,54114.6177,1995-01-14,0
1649316,54102.44,1995-02-19,0
5203812,54086.5472,1995-01-30,0
630210,54072.17,1995-02-12,0
4560610,54037.7178,1994-12-14,0
2755458,54013.7904,1995-03-02,0
909792,54012.0672,1995-01-28,0
868612,54000.5,1995-01-24,0
2648323,53995.678,1995-01-16,0
975367,53992.7284,1995-02-23,0
4061314,53965.5969,1995-01-20,0
451684,53965.0232,1995-02-02,0
3050144,53926.0791,1994-12-04,0
1778017,53907.84,1995-01-09,0
5837633,53902.4304,1994-12-25,0
4549570,53884.3984,1995-02-12,0
944071,53876.94,1995-03-14,0
460260,53851.9212,1995-02-05,0
5337957,53790.5048,1995-01-11,0
4108390,53789.6137,1995-02-20,0
5664096,53786.7675,1995-01-03,0
560835,53770.167,1994-12-06,0
2787650,53765.9627,1995-01-25,0
2269383,53764.4856,1994-12-07,0
4648480,53760.6048,1994-12-24,0
5129125,53750.304,1995-01-07,0
4363941,53744.6547,1995-01-11,0
126593,53719.9992,1994-12-20,0
1563495,53712.5771,1995-03-03,0
1367681,53699.6074,1994-12-26,0
3477671,53671.196,1995-02-19,0
2635041,53643.0587,1995-01-17,0
749735,53627.76,1995-01-28,0
2212455,53570.7354,1995-03-14,0
4234503,53567.992,1995-03-11,0
5075427,53540.879,1995-02-10,0
3197698,53530.9328,1994-12-06,0
4460996,53512.9098,1994-12-15,0
1000736,53508.092,1994-12-25,0
5241095,53505.4016,1994-12-24,0
1843429,53501.5236,1995-02-02,0
1209572,53496.5034,1994-12-04,0
1900614,53488.6488,1995-01-15,0
2332102,53480.7,1995-02-02,0
2299333,53478.36,1995-01-13,0
3872709,53470.8732,1995-02-09,0
3032161,53455.0584,1995-01-30,0
2322341,53444.226,1995-02-05,0
510370,53442.4821,1995-01-15,0
4619969,53423.3898,1995-02-25,0
5756933,53409.8288,1994-12-29,0
3891939,53406.2034,1995-03-01,0
5941669,53388.3185,1995-02-04,0
136768,53343.1449,1995-03-02,0
169255,53308.5696,1995-03-04,0
4080673,53303.9052,1995-02-06,0
4051810,53302.806,1995-01-10,0
1704775,53278.688,1995-02-16,0
5743428,53263.938,1995-02-07,0
1406819,53242.332,1995-02-11,0
5157381,53222.007,1995-01-29,0
37507,53194.768,1994-12-09,0
703751,53188.188,1995-02-25,0
2449731,53169.3084,1994-12-24,0
776960,53163.072,1995-01-15,0
1287526,53159.5872,1995-02-23,0
5911968,53140.2116,1994-12-19,0
2703495,53132.4096,1995-01-06,0
785319,53121.98,1995-03-22,0
290817,53096.7183,1995-02-25,0
243078,53092.9605,1995-03-16,0
1744866,53088.678,1994-12-09,0
2257440,53079.1137,1995-01-27,0
4333123,53075.6208,1995-03-13,0
4885218,53071.7749,1995-01-26,0
1880645,53070.92,1995-02-13,0
3040416,53065.584,1994-12-30,0
2281668,53051.3352,1995-01-19,0
1545763,53047.8992,1995-03-04,0
5444804,53022.7968,1994-12-23,0
966663,53022.768,1995-03-05,0
5236324,53014.5,1994-12-26,0
1822819,53009.9818,1995-01-03,0
1492128,53003.5663,1995-02-09,0
3496416,52990.5083,1995-01-23,0
994500,52973.9595,1995-01-08,0
4310817,52964.262,1995-02-10,0
2058434,52960.446,1995-01-13,0
1755333,52942.48,1995-03-16,0
689284,52913.8736,1995-01-14,0
4306758,52903.212,1995-01-16,0
471175,52899.2436,1994-12-18,0
2018918,52879.9776,1994-12-26,0
3017827,52865.5304,1995-03-22,0
3323111,52858.1592,1994-12-14,0
4357767,52857.672,1995-01-31,0
1396896,52824.192,1994-12-10,0
3153604,52815.456,1995-02-06,0
1334243,52813.863,1994-12-19,0
2408869,52810.9003,1995-02-27,0
4081221,52793.3349,1995-02-06,0
2937414,52783.236,1995-01-21,0
2642977,52778.88,1995-02-21,0
4335716,52771.7888,1994-12-21,0
4185509,52760.799,1995-02-22,0
608613,52755.3732,1995-03-17,0
2932768,52736.0286,1995-02-24,0
994789,52731.4215,1995-01-31,0
1474241,52716.1716,1995-03-05,0
867110,52713.516,1994-11-28,0
3085859,52693.0772,1994-12-04,0
2928577,52684.996,1995-01-01,0
3568001,52669.1352,1995-01-28,0
1966661,52667.4555,1995-01-18,0
3148867,52661.8566,1995-01-22,0
5018437,52658.9108,1995-01-13,0
435521,52656.12,1994-12-27,0
3742273,52632.9108,1994-12-23,0
5851587,52608.8718,1995-01-20,0
19393,52606.06,1995-01-15,0
5985767,52558.148,1995-01-26,0
2334468,52545.691,1995-01-10,0
2720711,52544.7648,1994-12-20,0
3467524,52532.2996,1995-01-18,0
2775652,52526.448,1994-12-31,0
97094,52512.68,1995-01-12,0
1100513,52510.7674,1994-12-19,0
1289573,52505.55,1995-02-24,0
4765860,52454.4924,1995-01-15,0
830471,52440.528,1995-03-25,0
2074241,52437.4032,1994-12-19,0
5229476,52435.7568,1995-01-07,0
5979431,52430.9616,1995-03-08,0
5974533,52372.563,1995-01-13,0
1262980,52345.0928,1994-12-17,0
4584390,52318.9464,1995-02-20,0
4369858,52298.2125,1994-12-10,0
2001412,52294.6419,1994-12-11,0
5083620,52286.2786,1994-12-14,0
259328,52284.552,1995-02-22,0
1613093,52274.7836,1995-02-02,0
1910054,52268.4806,1995-02-06,0
3887619,52266.34,1994-12-09,0
4707203,52252.4396,1995-03-11,0
3644768,52247.559,1994-12-06,0
5076869,52238.736,1994-12-31,0
5612359,52238.0628,1994-12-11,0
1749319,52232.2752,1994-12-15,0
3817920,52226.311,1995-01-05,0
4695297,52224.52,1995-02-25,0
2883,52210.7208,1995-01-23,0
4840551,52206.7104,1995-02-01,0
1120803,52202.4244,1995-02-19,0
750496,52198.7004,1995-01-24,0
3223137,52186.816,1995-02-17,0
5476678,52184.916,1995-01-25,0
524199,52175.136,1995-03-05,0
3024258,52168.1946,1995-02-15,0
4744325,52161.669,1994-12-18,0
1598176,52160.7156,1995-03-19,0
1504198,52148.5146,1995-01-10,0
5217159,52145.676,1995-01-25,0
3212835,52144.3864,1995-01-11,0
4621216,52106.6,1994-12-23,0
5795651,52067.8565,1995-02-13,0
4211174,52067.3528,1995-02-18,0
2247649,52055.2442,1995-02-08,0
3257091,52052.3856,1995-01-30,0
4825540,52049.0894,1995-02-10,0
1324195,52035.6149,1995-02-03,0
3719781,52030.968,1995-02-22,0
625568,52020.8507,1995-03-21,0
5038849,52017.174,1995-02-28,0
2876676,52004.9376,1995-01-22,0
59139,51992.84,1995-01-30,0
706471,51985.3876,1994-12-22,0
5566564,51983.3112,1995-03-14,0
4095558,51983.1312,1995-02-14,0
4054021,51978.32,1995-01-19,0
2085957,51953.8305,1995-03-11,0
5179367,51950.745,1995-01-05,0
1633127,51947.73,1995-01-14,0
320615,51927.6696,1995-01-26,0
2542213,51917.1936,1995-02-14,0
836677,51896.7754,1994-12-25,0
5738402,51877.833,1995-03-22,0
567398,51876.99,1995-03-04,0
5901347,51872.73,1995-03-04,0
3274982,51870.8554,1995-01-09,0
3979523,51868.0794,1994-12-24,0
3281635,51866.6666,1994-12-31,0
1393569,51855.1306,1995-03-10,0
5434850,51835.8378,1995-02-25,0
3110468,51810.4312,1994-12-07,0
3354595,51803.7666,1994-12-16,0
2927687,51798.4,1994-12-14,0
124261,51794.931,1995-01-04,0
1641572,51790.8324,1995-01-05,0
810341,51790.0854,1994-12-27,0
4618464,51772.9668,1995-01-26,0
2923463,51766.0938,1995-03-25,0
2747970,51760.08,1994-12-27,0
2355776,51759.6212,1994-12-27,0
3383426,51758.7816,1995-02-20,0
4096325,51756.3,1995-01-13,0
104517,51745.9278,1995-02-14,0
4664229,51729.6,1995-02-03,0
4463270,51726.09,1994-12-31,0
4874624,51724.9339,1995-03-03,0
4224225,51723.0252,1995-01-18,0
2579685,51722.0352,1995-01-07,0
3458087,51719.841,1994-12-17,0
5290436,51695.7276,1995-02-05,0
1458596,51694.825,1995-02-27,0
1988931,51691.104,1994-12-19,0
5957763,51684.2928,1995-01-31,0
815207,51663.622,1995-01-12,0
1909511,51630.8912,1995-01-26,0
63713,51611.5216,1995-01-12,0
617346,51607.972,1994-12-30,0
5321382,51598.1137,1995-03-22,0
4853188,51595.6896,1995-02-28,0
1447840,51592.632,1995-03-26,0
5617637,51589.7144,1995-02-10,0
1996837,51584.239,1995-01-14,0
2715779,51580.125,1995-01-18,0
789348,51576.9444,1994-12-24,0
5943297,51573.564,1994-12-25,0
431555,51569.31,1995-01-21,0
5114594,51560.739,1995-01-26,0
5811009,51546.9156,1994-12-27,0
2172962,51537.4678,1995-03-25,0
3304326,51528.15,1995-01-17,0
4633255,51483.4686,1994-12-08,0
1955559,51478.7924,1994-12-07,0
4766403,51474.2688,1995-02-05,0
3138562,51472.602,1995-01-07,0
1331873,51461.8431,1995-02-03,0
5151681,51444.6336,1995-03-13,0
1585155,51423.744,1994-12-31,0
1802375,51421.8684,1995-01-06,0
3843874,51411.2649,1994-12-25,0
2695462,51404.8896,1995-01-17,0
1256802,51403.9354,1995-01-04,0
5090368,51376.6774,1995-01-08,0
2206464,51354.641,1995-01-24,0
5035783,51332.7628,1995-01-04,0
800098,51325.38,1994-12-18,0
3394817,51323.1147,1995-01-29,0
365415,51295.5264,1994-12-25,0
171008,51289.5348,1994-12-08,0
4027392,51280.047,1995-02-22,0
5324738,51278.2692,1995-01-04,0
2842503,51267.6959,1995-03-02,0
120743,51257.7429,1995-01-16,0
5253478,51251.816,1995-02-27,0
3669286,51244.6368,1995-01-11,0
4777251,51213.7284,1995-01-15,0
4937509,51212.2311,1995-02-04,0
1083653,51191.4858,1995-03-08,0
3217537,51166.53,1995-02-03,0
2125184,51144.8252,1995-01-19,0
1767264,51143.8409,1995-02-09,0
2749895,51132.6144,1995-01-23,0
4060805,51132.3633,1995-01-22,0
4650214,51103.493,1995-01-23,0
735140,51094.2404,1995-02-06,0
5303619,51073.616,1995-03-17,0
293088,51070.7031,1995-02-11,0
5376320,51030.532,1995-01-19,0
5511910,51030.468,1995-01-13,0
4427234,51025.2288,1994-12-28,0
259431,51025.0785,1995-01-28,0
1026496,51018.838,1995-03-09,0
2801314,51013.3626,1995-03-13,0
1528101,51011.6203,1995-03-01,0
5503456,50993.2776,1995-01-20,0
1946880,50990.94,1995-01-12,0
1044192,50989.077,1995-02-13,0
3289284,50987.2832,1995-02-15,0
5077568,50986.0,1995-01-21,0
289861,50984.08,1995-01-28,0
1748518,50973.01,1995-01-14,0
5020005,50954.1232,1995-03-17,0
2415683,50949.024,1995-01-29,0
2013029,50947.38,1995-01-13,0
5076706,50942.1908,1995-01-22,0
4559298,50930.8965,1995-01-09,0
2138402,50925.9375,1995-03-06,0
4375713,50920.067,1994-12-20,0
5605216,50911.275,1994-12-28,0
5493889,50910.246,1995-03-07,0
530244,50872.44,1994-11-30,0
2765922,50859.4563,1995-03-16,0
3833925,50857.7454,1994-12-29,0
4842017,50857.6614,1995-02-08,0
3898433,50857.29,1995-01-30,0
3994756,50847.4694,1995-03-16,0
3082082,50829.4416,1995-02-17,0
5666049,50826.429,1995-01-04,0
4351908,50820.622,1995-01-26,0
2159910,50810.76,1995-02-26,0
3687104,50796.3968,1995-02-26,0
1763744,50793.1776,1995-03-19,0
1743330,50788.064,1994-12-23,0
875042,50764.588,1995-02-05,0
3668422,50753.4948,1995-01-20,0
1341218,50737.6008,1995-02-06,0
4772928,50723.622,1995-02-24,0
5560996,50711.0374,1995-01-18,0
4781921,50710.8096,1995-01-01,0
4948995,50703.7705,1995-03-04,0
5919104,50680.3068,1995-02-19,0
2234373,50652.2733,1995-02-19,0
5174599,50645.98,1995-02-24,0
5383363,50644.2612,1995-02-21,0
4223489,50640.282,1995-02-26,0
5457861,50639.868,1995-01-21,0
1682081,50637.4,1994-12-27,0
1727232,50636.619,1995-02-10,0
2226788,50602.0905,1995-03-12,0
952262,50597.0507,1994-12-15,0
3267618,50594.855,1995-03-23,0
4431814,50559.0168,1995-01-10,0
4501283,50552.064,1995-02-13,0
1628192,50532.381,1994-12-17,0
3298723,50526.6843,1995-01-18,0
482593,50514.6318,1995-01-02,0
1762599,50498.304,1995-03-23,0
4593153,50455.5051,1995-03-16,0
3773634,50431.9365,1995-02-03,0
1928352,50402.4321,1995-02-19,0
3162497,50396.544,1994-12-24,0
1685349,50366.772,1994-12-18,0
4743908,50361.408,1994-12-22,0
4112903,50346.77,1995-01-17,0
5467202,50326.38,1995-03-06,0
4581317,50323.9016,1995-01-12,0
5449059,50320.69,1994-12-03,0
4405857,50308.7347,1995-01-11,0
4940614,50307.92,1995-01-06,0
730689,50294.79,1994-12-28,0
1214435,50285.76,1994-12-18,0
1870242,50275.58,1995-01-18,0
392192,50275.4958,1994-12-22,0
275968,50275.14,1994-12-29,0
2634276,50260.6368,1995-03-05,0
591394,50243.8944,1995-01-28,0
5314082,50240.9488,1995-01-07,0
144167,50234.822,1995-01-26,0
3120871,50231.0025,1995-02-22,0
5548065,50220.477,1994-12-13,0
2700166,50214.141,1995-03-12,0
392197,50191.6722,1995-01-20,0
268386,50184.987,1995-02-16,0
4680356,50179.1928,1994-12-02,0
353895,50162.86,1995-02-20,0
3251845,50155.896,1995-01-28,0
1638432,50152.0896,1994-12-19,0
2693798,50117.3036,1994-12-15,0
437031,50109.38,1995-02-15,0
2392679,50092.9536,1995-03-15,0
5266789,50084.4864,1995-02-06,0
294210,50054.4321,1994-12-19,0
669218,50044.05,1994-12-30,0
3333793,50036.931,1995-02-08,0
765536,50026.9992,1995-03-15,0
4630785,50008.47,1994-12-12,0
5548967,49997.0208,1995-02-26,0
2843203,49984.38,1995-01-28,0
697860,49981.19,1995-02-12,0
1748002,49969.4688,1994-12-07,0
5252003,49968.718,1995-02-04,0
3116198,49967.8104,1995-01-04,0
4945351,49948.536,1994-12-12,0
3184256,49938.001,1995-03-09,0
281543,49936.7592,1995-02-17,0
942822,49931.658,1995-01-03,0
5736485,49930.7848,1994-12-13,0
440832,49918.6961,1994-12-31,0
2473348,49914.3346,1995-01-08,0
5740705,49864.4118,1995-02-14,0
1769765,49849.8104,1995-02-15,0
1664896,49847.7582,1995-03-25,0
2851141,49841.8444,1995-03-22,0
3417026,49837.2864,1995-01-20,0
1282276,49836.96,1995-01-31,0
5553731,49833.4655,1994-12-03,0
5443366,49820.8106,1994-12-12,0
3514657,49817.7216,1994-12-24,0
5119428,49815.32,1995-03-13,0
1010183,49812.126,1995-01-28,0
2728193,49806.9528,1995-03-20,0
3924865,49789.0814,1995-03-25,0
1555749,49782.897,1995-02-16,0
880325,49780.2888,1995-02-25,0
5066018,49753.2672,1994-12-13,0
93280,49745.2595,1995-02-26,0
2673604,49706.014,1994-12-15,0
2196998,49698.411,1994-12-23,0
3818946,49671.398,1995-01-26,0
5768480,49665.7846,1994-12-29,0
1679073,49638.906,1995-01-13,0
1981891,49628.3154,1995-01-06,0
2200224,49621.6038,1994-12-31,0
5802658,49602.7392,1994-12-04,0
1591111,49595.04,1994-12-08,0
443879,49586.2848,1995-02-13,0
1338534,49581.7443,1995-01-02,0
331009,49553.4336,1995-03-18,0
1360102,49547.7639,1995-01-18,0
5963107,49528.3338,1995-01-04,0
938208,49494.6816,1995-03-10,0
4437666,49480.9732,1995-01-30,0
2942183,49473.984,1995-03-25,0
503462,49399.2576,1995-02-22,0
3132679,49399.0764,1995-03-18,0
1189921,49377.141,1995-02-19,0
3420836,49376.25,1995-01-21,0
4464549,49353.486,1995-01-19,0
4817508,49334.0114,1995-03-11,0
5973895,49330.6308,1995-02-04,0
2390565,49321.008,1995-02-04,0
3363972,49320.1644,1994-12-27,0
4773990,49318.4835,1995-01-20,0
4401092,49287.4524,1995-01-14,0
2022977,49285.1268,1995-02-24,0
34592,49277.9232,1995-02-28,0
2535207,49276.6322,1995-01-20,0
5325380,49266.8796,1995-02-27,0
3468867,49260.85,1995-03-06,0
3658528,49259.5146,1995-02-17,0
1926054,49247.352,1995-01-07,0
188833,49234.122,1995-01-10,0
3927425,49223.76,1994-12-04,0
3040099,49219.9785,1994-12-28,0
1382915,49214.298,1994-12-20,0
1979233,49203.198,1995-02-20,0
5421509,49199.9508,1995-02-13,0
5633926,49198.1721,1995-01-10,0
5412551,49194.9045,1995-01-31,0
1714276,49172.016,1995-02-25,0
5721511,49162.2384,1994-12-31,0
4987974,49146.9666,1994-12-18,0
2621381,49144.887,1995-02-14,0
5651652,49128.2463,1995-03-22,0
3702210,49125.9474,1995-01-22,0
444099,49107.0294,1995-01-16,0
3852833,49096.04,1995-03-10,0
5034720,49092.8175,1995-02-03,0
5571236,49087.857,1995-01-12,0
453409,49066.3376,1995-02-26,0
375622,49060.3854,1994-12-15,0
4343074,49057.7076,1995-02-27,0
1931713,49053.4839,1995-01-29,0
3952742,49052.8552,1995-03-19,0
925606,49036.533,1994-11-29,0
5285415,49029.3287,1995-01-29,0
2018464,49028.6355,1995-01-05,0
4742918,49000.174,1994-12-26,0
5726531,48994.5562,1995-01-27,0
3895238,48987.8382,1995-02-16,0
5275111,48983.0845,1995-01-03,0
4249600,48973.5342,1995-01-10,0
1504995,48968.2921,1994-12-26,0
3025635,48958.271,1994-12-26,0
2831170,48953.4864,1995-02-22,0
5790114,48944.1792,1995-02-23,0
4419042,48933.794,1995-03-02,0
1033826,48931.1384,1994-12-23,0
3563043,48911.7222,1995-01-09,0
3300614,48901.32,1994-12-19,0
3541030,48890.496,1995-03-15,0
1827717,48882.5006,1995-03-22,0
3303906,48879.9871,1995-01-11,0
5993123,48870.0924,1995-01-05,0
2626305,48857.0049,1995-01-29,0
4551302,48853.4976,1995-03-14,0
2632645,48853.233,1994-12-27,0
1854080,48847.1424,1995-02-07,0
69281,48844.8,1995-03-08,0
3039427,48832.2432,1995-01-12,0
1230439,48812.036,1995-01-03,0
5218690,48799.3893,1995-03-08,0
4544896,48793.8768,1995-03-04,0
492130,48779.4944,1995-02-05,0
426082,48778.3632,1995-03-16,0
1629799,48748.9641,1994-12-28,0
3501767,48738.48,1994-12-16,0
4059590,48725.3888,1995-01-26,0
5786723,48714.309,1995-02-13,0
1277313,48713.04,1995-01-14,0
2263683,48706.1708,1994-12-27,0
2957094,48701.4892,1995-01-24,0
5926949,48692.6614,1994-12-27,0
2315012,48692.4218,1995-03-03,0
4314311,48681.306,1994-12-17,0
4099301,48629.805,1995-01-11,0
3300325,48610.2141,1995-03-19,0
2591046,48583.48,1995-03-08,0
4575171,48580.422,1994-12-04,0
5915366,48560.6856,1994-12-21,0
1493313,48558.237,1995-02-16,0
1843841,48556.5615,1994-12-20,0
128195,48549.507,1994-12-31,0
5691141,48539.304,1994-12-06,0
5992422,48530.8005,1994-12-29,0
2151011,48530.7102,1995-01-22,0
5355907,48515.7036,1995-02-08,0
4812577,48513.6,1995-01-27,0
5170755,48507.874,1995-03-05,0
1960615,48497.1936,1995-01-02,0
2001600,48495.9623,1995-03-16,0
4173446,48495.1224,1995-02-01,0
767687,48489.0148,1995-02-18,0
1172708,48478.7282,1995-02-07,0
3131426,48475.7757,1995-02-09,0
1176067,48475.341,1995-03-03,0
2200736,48467.7327,1995-03-23,0
2828514,48445.25,1994-12-14,0
4125188,48437.5512,1995-03-02,0
2790055,48435.3914,1995-01-31,0
2657154,48427.4854,1995-01-19,0
1605764,48415.968,1994-12-20,0
3562016,48414.9072,1995-02-23,0
2628577,48409.7643,1995-02-20,0
1246021,48406.68,1995-03-22,0
3666464,48404.603,1995-01-04,0
1974757,48399.399,1995-03-22,0
644450,48383.9031,1995-01-07,0
3656065,48368.196,1995-01-16,0
392260,48356.36,1994-12-12,0
2793094,48335.5125,1995-01-30,0
2482405,48324.276,1995-01-03,0
849575,48303.0,1994-12-06,0
4402791,48300.192,1994-12-28,0
1470823,48296.385,1995-01-28,0
3750244,48283.932,1995-01-08,0
2408226,48283.8831,1995-01-02,0
1785475,48256.7041,1995-02-18,0
4480358,48254.5532,1995-01-13,0
1654304,48246.75,1994-12-15,0
3326530,48199.3904,1995-01-04,0
5568516,48185.4946,1995-02-07,0
865920,48180.3622,1995-01-25,0
3154279,48169.6956,1994-12-07,0
3189732,48150.8776,1994-12-13,0
556839,48132.23,1995-02-09,0
2564770,48127.52,1995-01-06,0
3120773,48113.94,1995-01-02,0
5058723,48093.2179,1994-12-04,0
136256,48087.8212,1995-02-10,0
1781185,48071.793,1995-02-18,0
5748547,48070.9866,1995-03-22,0
4617415,48062.66,1995-01-18,0
2606180,48049.6032,1995-03-05,0
2332325,48034.0815,1994-12-12,0
5799969,48027.1974,1995-03-19,0
3972003,48016.5876,1995-01-14,0
4541766,47998.3974,1994-12-02,0
4452993,47988.6776,1995-02-09,0
2551395,47982.9805,1995-01-23,0
4345346,47979.6453,1995-02-10,0
5807847,47959.135,1994-12-25,0
3128007,47909.9592,1995-01-20,0
2787714,47893.5016,1995-02-26,0
1556711,47891.6955,1995-03-12,0
4519394,47882.4408,1995-01-25,0
2243557,47880.3696,1994-12-19,0
1699012,47871.944,1995-01-10,0
969413,47870.7292,1994-12-27,0
755845,47858.454,1994-12-12,0
5094085,47814.4525,1995-02-22,0
642275,47807.6727,1995-01-24,0
5410533,47793.5534,1994-12-11,0
4216896,47793.264,1995-03-25,0
1366214,47788.4156,1995-01-31,0
3080192,47751.75,1994-12-17,0
519591,47718.818,1994-12-19,0
2438343,47716.6508,1994-12-16,0
2706307,47700.0554,1995-03-09,0
4962311,47693.736,1994-12-03,0
511169,47690.2641,1995-03-10,0
5287394,47668.6518,1994-12-17,0
3274177,47662.4512,1995-02-03,0
5154275,47639.7306,1995-02-16,0
3006112,47633.95,1994-12-23,0
1531621,47626.6254,1995-03-06,0
1807910,47624.3856,1995-02-08,0
4930433,47612.6852,1995-02-10,0
501890,47607.506,1995-02-11,0
4279552,47587.9016,1994-12-18,0
5553760,47581.6068,1995-02-20,0
5244517,47577.6,1995-01-10,0
4536419,47571.953,1995-02-19,0
5296930,47564.1408,1995-01-26,0
1245124,47553.9881,1994-12-19,0
3083941,47546.8032,1995-02-06,0
1842436,47541.5737,1995-03-16,0
5150919,47535.4059,1995-03-02,0
765859,47529.2434,1995-01-08,0
4388161,47527.455,1994-12-01,0
5681925,47521.9698,1995-01-26,0
4084802,47508.0573,1995-01-15,0
4516866,47506.937,1995-01-12,0
1149061,47484.9176,1995-02-13,0
5746784,47484.02,1995-01-31,0
1556071,47474.9376,1995-02-02,0
2855395,47470.367,1995-03-08,0
1678886,47462.1147,1994-12-17,0
1232161,47454.288,1995-03-15,0
1276995,47415.574,1995-02-08,0
1051876,47408.6304,1994-12-31,0
399523,47407.4744,1995-03-22,0
3361538,47403.774,1994-12-16,0
5502375,47397.2347,1995-01-28,0
2127011,47395.348,1995-01-01,0
2319591,47395.095,1995-02-01,0
2762180,47373.71,1995-01-11,0
120742,47371.4415,1995-03-07,0
3944964,47322.8712,1995-01-30,0
1874720,47320.431,1995-01-04,0
4438594,47299.5,1995-01-27,0
3970854,47267.6778,1995-02-08,0
3780292,47239.26,1995-01-02,0
5117253,47234.0308,1995-02-21,0
5037860,47226.8664,1995-03-14,0
1447682,47215.8804,1994-12-21,0
4535459,47209.932,1995-01-21,0
4938752,47208.4062,1995-03-09,0
4419655,47207.0676,1995-01-25,0
1730208,47180.388,1994-12-10,0
4439521,47173.816,1995-01-01,0
80545,47158.3168,1994-12-27,0
1656132,47123.2674,1994-12-03,0
5828193,47111.3685,1994-12-13,0
3708516,47102.1408,1994-12-25,0
1740420,47064.24,1994-12-18,0
4650082,47058.7572,1995-02-24,0
2738721,47056.8375,1995-01-26,0
5156838,47048.6016,1994-11-30,0
3494145,47042.8383,1995-02-28,0
2656807,47036.1592,1995-03-24,0
3843298,47028.602,1995-01-29,0
1191266,47012.502,1995-02-10,0
471239,47005.056,1995-01-24,0
3611136,47002.956,1995-02-27,0
5498341,46999.04,1995-01-06,0
1798976,46998.432,1995-02-05,0
3184487,46970.9868,1995-03-26,0
2863650,46957.1588,1994-12-07,0
3198113,46954.928,1994-12-29,0
5447943,46940.13,1995-02-16,0
2145092,46932.2766,1994-12-16,0
5879937,46922.6538,1995-01-03,0
2884007,46922.5393,1994-12-30,0
2994529,46922.3184,1995-01-06,0
3268129,46919.04,1995-01-20,0
2952101,46856.5152,1995-02-15,0
2892577,46853.928,1995-02-14,0
1729412,46844.7624,1995-01-17,0
4388032,46843.6374,1994-12-30,0
3079427,46840.8178,1995-03-07,0
5396866,46794.4725,1995-02-24,0
5312,46781.4528,1995-02-24,0
5657987,46763.0992,1995-01-29,0
4428289,46737.7525,1995-01-27,0
5897348,46721.5392,1995-01-21,0
2827495,46721.2224,1994-12-10,0
2111491,46702.9908,1995-02-27,0
2398375,46689.6192,1995-03-10,0
2906374,46662.6024,1995-03-25,0
2245888,46646.824,1995-01-16,0
462757,46616.759,1995-03-20,0
4428167,46608.0706,1995-03-14,0
3966340,46601.8944,1995-02-14,0
1710915,46562.0352,1995-01-15,0
3269730,46560.6675,1995-02-04,0
3883460,46553.1876,1995-03-13,0
2221733,46544.6014,1995-01-19,0
1886341,46530.666,1994-12-22,0
4266052,46502.918,1995-02-23,0
5594695,46484.28,1995-01-01,0
1942789,46463.4753,1994-12-28,0
79456,46428.9504,1995-02-02,0
2037476,46391.3109,1995-01-24,0
546629,46382.973,1995-03-14,0
2231236,46378.5,1995-02-20,0
5116199,46370.583,1994-12-24,0
2216327,46354.665,1994-12-19,0
3061959,46348.16,1995-01-07,0
3590083,46346.5872,1995-03-24,0
1959527,46344.474,1995-01-18,0
5729440,46328.7944,1995-01-10,0
1362144,46285.92,1995-02-04,0
3516614,46268.392,1995-01-27,0
767876,46257.2178,1995-01-18,0
1851136,46243.2,1995-01-09,0
542754,46219.68,1995-01-16,0
4353223,46217.12,1995-01-23,0
3713829,46205.7948,1994-12-31,0
5441986,46201.756,1995-01-14,0
5520803,46199.538,1995-01-08,0
4095527,46172.6496,1995-01-24,0
222151,46157.6608,1995-01-25,0
2345826,46141.095,1994-12-07,0
239620,46135.161,1995-01-04,0
1836646,46115.622,1994-12-28,0
2230660,46108.224,1995-02-17,0
1294692,46054.176,1994-12-27,0
4260960,46038.6832,1995-02-28,0
1971366,46036.265,1995-01-15,0
428167,46033.915,1994-12-05,0
681888,46016.5069,1994-12-25,0
3629889,46016.493,1995-01-15,0
1367810,46002.5916,1995-03-23,0
3318592,45997.893,1995-01-17,0
3787680,45976.77,1994-12-20,0
489958,45972.157,1995-02-01,0
5589443,45955.293,1995-02-18,0
1834821,45953.456,1995-03-17,0
1179809,45947.0026,1995-01-23,0
3662592,45940.419,1995-02-13,0
3013408,45924.2463,1995-02-04,0
1554914,45915.2775,1995-01-30,0
4976225,45893.952,1994-12-21,0
873828,45875.0208,1995-02-22,0
2855335,45874.5705,1994-12-31,0
3013633,45864.3548,1994-12-11,0
4614624,45845.2,1994-12-24,0
5732390,45839.52,1995-01-20,0
5551970,45835.02,1995-02-09,0
2819040,45805.7034,1994-12-27,0
162977,45798.8992,1995-02-17,0
1040034,45794.1936,1995-01-28,0
4103650,45778.0875,1995-01-16,0
4225857,45770.3424,1995-01-30,0
2664834,45762.2672,1994-12-23,0
3658149,45753.2748,1995-01-04,0
450983,45728.6552,1995-01-16,0
2031424,45711.3034,1995-01-01,0
3128738,45709.056,1995-02-03,0
1960036,45702.811,1995-01-11,0
357315,45702.496,1994-12-09,0
1992800,45691.5888,1994-12-23,0
5105894,45668.3584,1994-12-06,0
3287939,45663.9237,1995-03-21,0
3152775,45653.542,1994-12-13,0
460135,45639.0432,1995-01-07,0
5615495,45631.5312,1995-01-11,0
4361185,45618.7545,1995-03-25,0
1239974,45605.6965,1995-01-06,0
1325280,45579.989,1995-01-02,0
5535749,45578.9736,1995-02-18,0
4630115,45577.1784,1995-03-07,0
5628484,45574.32,1995-02-17,0
1902405,45569.3712,1995-03-12,0
187137,45559.206,1994-12-23,0
1447200,45544.0095,1995-01-03,0
1547429,45541.3662,1995-02-20,0
1593217,45526.7034,1995-02-17,0
328929,45522.8748,1995-03-03,0
601157,45520.954,1995-01-31,0
1214467,45488.9406,1995-02-24,0
4155011,45470.3535,1995-03-22,0
2088450,45458.496,1995-02-16,0
5521799,45441.909,1995-01-07,0
2181507,45425.3481,1995-02-02,0
4643456,45424.6056,1994-12-30,0
74117,45410.6028,1995-01-09,0
2821346,45406.77,1994-12-24,0
4850501,45401.895,1994-12-09,0
1050656,45388.532,1995-03-13,0
3521316,45388.1856,1995-02-27,0
4203943,45360.7714,1995-01-28,0
5949319,45354.2648,1995-03-16,0
1791748,45350.0801,1995-02-15,0
536289,45349.4349,1995-02-24,0
2619012,45349.304,1995-02-12,0
5673093,45338.256,1995-01-24,0
5279911,45335.952,1995-03-09,0
67527,45329.3916,1995-03-22,0
2577154,45289.008,1995-01-20,0
5207201,45253.9296,1995-01-16,0
1611010,45253.208,1995-01-16,0
3867079,45241.524,1995-01-07,0
2736577,45241.066,1995-02-01,0
3332199,45235.152,1994-12-10,0
3480195,45210.438,1994-12-22,0
966784,45208.048,1995-01-18,0
2833888,45192.9672,1994-12-25,0
4041762,45171.6813,1995-02-14,0
2216773,45161.8644,1995-01-07,0
3416962,45154.76,1995-02-22,0
4008192,45133.875,1995-02-11,0
819015,45131.564,1995-02-14,0
4529637,45103.2516,1995-01-20,0
831719,45095.554,1995-02-12,0
2759841,45089.7174,1994-12-30,0
4563651,45082.917,1994-12-12,0
1019653,45062.0268,1994-12-11,0
532899,45060.336,1995-01-24,0
4471078,45053.7369,1995-02-28,0
3558817,45051.192,1995-01-26,0
5676101,45040.239,1995-01-17,0
4670438,45032.9814,1995-01-31,0
1888256,45032.0008,1995-01-21,0
3447781,45028.368,1994-12-09,0
5602338,45026.7986,1995-02-07,0
5458373,45019.17,1995-01-20,0
3301216,45013.605,1994-12-28,0
2584518,44978.934,1995-01-25,0
1799587,44977.8159,1995-03-17,0
5203687,44947.44,1994-12-22,0
596321,44934.9714,1995-02-07,0
2112711,44926.583,1995-02-07,0
128932,44922.295,1995-03-09,0
4658754,44919.531,1995-01-06,0
3355298,44903.636,1994-12-22,0
1521536,44901.9115,1995-01-22,0
4676163,44862.048,1995-02-06,0
4816001,44861.7216,1995-01-24,0
165475,44856.1386,1995-01-19,0
5033315,44856.1281,1995-01-30,0
3488225,44846.6925,1995-02-24,0
4421507,44841.204,1995-02-11,0
2780291,44819.5224,1994-12-20,0
3846309,44817.774,1995-01-07,0
3103204,44805.8,1994-12-29,0
3397059,44791.1994,1994-12-01,0
2938016,44773.58,1995-02-26,0
3862247,44749.3744,1995-02-25,0
3838593,44723.7787,1995-03-20,0
2806211,44719.6016,1995-03-05,0
3672068,44717.47,1995-01-31,0
2442724,44714.3535,1995-01-03,0
3159042,44710.38,1995-02-03,0
5015557,44704.217,1995-02-13,0
547426,44701.475,1994-12-10,0
1645728,44671.594,1995-02-16,0
3472354,44671.428,1995-01-18,0
776197,44667.954,1994-12-29,0
3139076,44654.1398,1995-03-06,0
2444320,44653.22,1995-01-02,0
134726,44642.1948,1994-12-21,0
1237441,44623.68,1995-01-24,0
3585346,44621.0,1994-12-11,0
1878724,44609.3778,1995-01-22,0
1624865,44608.086,1995-03-21,0
2831013,44596.6816,1995-03-19,0
2567621,44589.3327,1995-01-01,0
3309059,44575.4176,1995-02-20,0
3179781,44573.5952,1994-12-04,0
4461415,44526.092,1995-01-31,0
2017414,44525.052,1995-02-11,0
2170178,44516.496,1995-01-26,0
1530087,44511.2925,1995-03-18,0
1419713,44506.71,1995-03-08,0
2412482,44486.5959,1994-12-09,0
1969061,44484.6721,1995-02-18,0
5561573,44464.383,1995-01-19,0
2204004,44451.6336,1994-12-06,0
2950917,44442.036,1995-01-01,0
4288293,44428.3884,1995-01-12,0
3073475,44420.6544,1995-02-28,0
3487523,44394.1032,1995-02-28,0
1553474,44391.2682,1995-03-08,0
868930,44387.253,1995-02-13,0
2936256,44371.0734,1995-01-11,0
5197443,44324.82,1994-12-21,0
5967584,44311.4,1995-02-27,0
779684,44302.4896,1995-01-23,0
1349731,44270.0832,1994-12-04,0
4453606,44264.8054,1995-02-07,0
5506818,44252.064,1995-02-09,0
5476035,44234.1375,1994-12-19,0
2166246,44234.0608,1995-02-22,0
899523,44222.8644,1995-01-17,0
1779367,44222.5,1995-02-08,0
487942,44222.4672,1995-02-02,0
1882982,44217.81,1995-03-23,0
4895490,44214.7068,1994-12-16,0
3397345,44195.064,1995-01-04,0
5796963,44144.688,1995-01-14,0
2416898,44131.073,1995-03-11,0
4803303,44085.8781,1994-12-19,0
1920288,44062.08,1994-12-15,0
2047653,44042.7092,1995-01-11,0
4550403,44039.3856,1995-01-20,0
4744003,44020.8552,1994-12-20,0
149056,44002.3752,1994-12-22,0
3118083,43944.12,1994-12-13,0
4783107,43942.75,1995-03-10,0
1512581,43936.3673,1994-12-25,0
5375173,43917.7165,1995-02-01,0
2590690,43912.9988,1995-02-22,0
3745255,43912.152,1995-01-28,0
1156069,43903.9072,1994-12-22,0
5288646,43901.76,1995-03-05,0
4091750,43898.9682,1995-01-24,0
3217120,43864.0176,1995-01-26,0
366851,43860.8925,1995-01-08,0
2284544,43833.405,1995-01-19,0
2270343,43814.3712,1995-01-17,0
1396517,43808.304,1995-02-15,0
149506,43798.788,1995-02-07,0
5124261,43777.314,1994-12-08,0
4773031,43742.5776,1994-12-25,0
2638213,43742.0352,1995-02-24,0
1312545,43739.703,1995-03-18,0
3019234,43721.656,1995-02-09,0
2103395,43710.0444,1995-01-05,0
1729095,43698.5,1995-01-13,0
2862368,43638.3115,1995-02-25,0
4253858,43627.729,1995-01-14,0
3862338,43609.7584,1995-02-23,0
3123779,43603.68,1994-12-11,0
1787108,43600.0581,1995-01-31,0
3183873,43592.8752,1994-12-29,0
5689029,43591.68,1995-01-31,0
5419491,43585.356,1994-11-29,0
2960901,43581.3252,1995-01-22,0
2036675,43572.3,1994-12-12,0
5806146,43554.7364,1995-02-23,0
5665248,43550.448,1995-01-20,0
676613,43545.34,1995-01-22,0
2846628,43534.8319,1994-12-11,0
5451108,43534.0608,1995-03-08,0
4220101,43519.6538,1995-02-13,0
1667620,43514.2344,1995-03-21,0
4540230,43506.12,1994-12-20,0
724359,43490.148,1995-02-16,0
4191552,43475.0274,1995-01-22,0
4562759,43466.2335,1995-01-15,0
5451463,43452.7248,1995-03-14,0
3831330,43450.8624,1995-02-16,0
3946402,43438.72,1995-01-18,0
617089,43426.44,1995-03-05,0
4069127,43415.26,1994-12-06,0
5041893,43413.984,1995-02-19,0
3270787,43389.27,1994-12-06,0
1784646,43386.7375,1995-01-12,0
5713729,43377.756,1995-01-10,0
2650947,43372.896,1994-12-24,0
1631943,43350.336,1994-12-06,0
3943363,43324.134,1994-12-22,0
5931301,43321.8432,1995-01-04,0
1927782,43315.92,1995-01-20,0
5200743,43315.3152,1995-01-25,0
2790113,43307.7773,1995-03-09,0
3719077,43303.1808,1995-02-17,0
1693312,43285.06,1994-12-17,0
4045540,43274.169,1994-12-19,0
193796,43263.7632,1994-12-25,0
5365575,43227.7632,1994-12-25,0
5422630,43201.7622,1995-02-17,0
3963105,43177.96,1994-12-23,0
2689444,43171.7715,1994-12-04,0
4895747,43168.2404,1995-01-13,0
2861350,43162.6832,1995-01-07,0
2502690,43160.619,1995-01-13,0
1848005,43150.4535,1995-01-22,0
4209120,43138.8672,1995-01-23,0
5328418,43106.9859,1995-01-09,0
5951557,43104.0064,1995-01-28,0
2161797,43089.9546,1995-01-27,0
2604512,43083.4618,1994-12-17,0
1229056,43080.4908,1994-12-19,0
366337,43061.4275,1994-12-12,0
5458503,43038.7776,1994-11-28,0
1493986,43033.086,1995-01-14,0
5899746,43023.8165,1994-12-24,0
352998,42990.4932,1995-03-04,0
222567,42987.6504,1995-01-24,0
1785285,42977.6889,1994-12-28,0
772358,42976.512,1995-02-20,0
5419072,42931.44,1995-03-25,0
4475844,42918.2208,1995-01-22,0
3834983,42913.4596,1994-12-23,0
1347268,42910.0698,1994-12-02,0
3592483,42887.1546,1995-02-19,0
2777216,42885.223,1995-03-02,0
524419,42868.512,1995-01-24,0
3023234,42853.3875,1995-02-05,0
1965188,42841.555,1995-03-19,0
170630,42811.266,1995-03-25,0
3636416,42806.358,1995-01-25,0
2633857,42797.664,1995-02-17,0
4558340,42777.57,1994-12-22,0
1491556,42757.372,1994-12-22,0
1333286,42725.961,1994-11-30,0
2889057,42697.8552,1995-02-15,0
2430918,42687.3447,1995-01-03,0
1897955,42683.8935,1995-01-22,0
5004864,42678.2928,1995-01-10,0
5658821,42668.6819,1995-01-20,0
654406,42651.385,1995-01-21,0
325056,42650.4276,1994-12-22,0
2475203,42639.8808,1995-02-04,0
2256454,42630.9975,1994-11-30,0
5949765,42628.8942,1995-02-26,0
557253,42615.504,1995-02-02,0
2612353,42592.6972,1994-12-17,0
401094,42587.181,1994-12-10,0
4563523,42577.4813,1995-01-13,0
547424,42574.012,1994-12-14,0
3414946,42565.7652,1994-12-15,0
3817283,42563.403,1994-12-03,0
4513153,42557.242,1995-03-26,0
5034849,42553.8049,1995-02-03,0
4442403,42550.7022,1995-02-27,0
616871,42525.7287,1995-01-01,0
2704064,42503.976,1994-12-19,0
457636,42491.9824,1995-03-07,0
5511042,42489.1504,1995-02-28,0
728576,42473.295,1995-02-24,0
2184960,42467.4225,1994-12-18,0
2343270,42444.7168,1995-03-23,0
411044,42424.9038,1995-02-07,0
4791684,42412.5888,1995-02-13,0
4981475,42410.1266,1994-12-24,0
1667654,42381.3544,1994-12-14,0
4776193,42333.4136,1994-12-14,0
2691682,42330.204,1995-01-05,0
1226503,42327.3562,1995-01-30,0
3113283,42317.1504,1995-02-23,0
2136391,42299.482,1995-01-12,0
2032614,42278.7114,1995-01-09,0
4567363,42270.9936,1995-02-12,0
320610,42269.4206,1995-03-23,0
3147077,42267.225,1994-12-08,0
2049539,42266.07,1995-03-26,0
5081319,42260.2422,1994-12-04,0
3378658,42253.821,1995-03-17,0
761344,42239.9796,1994-12-31,0
487365,42235.8453,1995-02-10,0
5076064,42234.8052,1995-02-05,0
1388706,42230.172,1994-12-24,0
5139335,42195.2544,1995-01-06,0
4262432,42180.7906,1994-12-29,0
5116231,42167.4617,1995-01-02,0
5150882,42166.1856,1994-12-16,0
5118756,42134.1195,1995-02-11,0
5622208,42121.4066,1995-01-23,0
5474372,42104.6802,1994-12-24,0
4971334,42090.6348,1994-12-21,0
1978276,42075.9612,1995-02-01,0
5165953,42065.48,1995-03-04,0
3296164,42060.376,1995-03-10,0
992775,42056.975,1995-02-22,0
983329,42049.161,1995-01-18,0
5094374,42043.4,1994-12-17,0
2031264,42018.1128,1994-12-06,0
378533,42013.37,1995-01-28,0
1631780,41880.8448,1995-02-15,0
3789575,41868.684,1995-01-08,0
4170912,41851.8282,1995-01-28,0
131074,41843.802,1995-01-23,0
4280071,41842.1625,1995-01-27,0
3488679,41836.704,1995-03-16,0
4810053,41811.6972,1994-12-27,0
4451684,41802.6336,1995-01-10,0
3664391,41774.112,1995-01-23,0
4669831,41771.079,1995-02-01,0
205762,41761.6,1995-01-15,0
207842,41756.7024,1994-12-22,0
851972,41752.92,1995-02-16,0
4928423,41752.3536,1995-02-22,0
3169924,41724.3619,1995-01-28,0
2119972,41723.122,1994-12-13,0
721664,41681.8474,1995-03-17,0
4866758,41668.29,1994-12-22,0
2136710,41624.7013,1995-02-24,0
2449797,41619.96,1994-12-27,0
4443808,41598.513,1994-12-26,0
3244199,41553.9234,1995-02-19,0
3686368,41550.144,1994-12-07,0
2681700,41542.935,1995-03-24,0
3684416,41541.0996,1994-12-29,0
1167460,41524.0677,1995-01-19,0
492262,41506.8186,1995-02-16,0
5451171,41487.354,1995-03-05,0
5826438,41484.182,1995-01-21,0
1332806,41484.0888,1995-02-09,0
4390599,41474.1184,1995-03-09,0
925958,41463.744,1994-11-30,0
5682759,41370.525,1995-01-22,0
2693732,41369.004,1994-12-28,0
4302183,41363.9595,1994-12-19,0
2852422,41360.4826,1995-02-28,0
4917127,41322.141,1995-01-13,0
568580,41308.18,1995-01-14,0
2800614,41296.2625,1995-03-08,0
5400967,41292.3784,1995-02-28,0
5747879,41226.276,1995-01-18,0
2450145,41224.8187,1995-01-26,0
4305735,41220.2126,1994-12-15,0
3736194,41200.7182,1994-12-14,0
602789,41198.004,1995-01-31,0
3737056,41172.848,1995-01-08,0
758183,41171.77,1995-02-21,0
3552358,41168.7936,1995-02-27,0
252161,41165.9658,1995-02-23,0
5981767,41155.2414,1994-12-16,0
502342,41117.28,1995-02-17,0
1121794,41113.492,1995-01-06,0
3384775,41095.02,1994-12-23,0
4055812,41087.2,1994-12-25,0
2133507,41085.954,1995-01-13,0
3875463,41076.532,1995-02-23,0
359842,41065.3745,1994-12-07,0
4472005,41027.1131,1995-03-13,0
5727523,41025.216,1995-03-26,0
353894,41021.1395,1995-01-08,0
36033,41019.7824,1994-12-20,0
52578,40981.7592,1995-03-08,0
5422818,40959.7856,1995-03-16,0
2280903,40949.1126,1995-01-13,0
662659,40912.872,1995-02-19,0
3435938,40910.1,1995-02-28,0
5135490,40899.5944,1995-01-13,0
4281184,40864.77,1994-12-09,0
1444641,40838.472,1994-12-31,0
2615175,40837.515,1994-12-23,0
2978213,40818.7912,1995-01-29,0
466084,40817.007,1995-01-15,0
5235329,40797.693,1995-02-04,0
2676579,40787.5468,1995-01-01,0
339527,40786.4704,1995-02-05,0
26529,40774.3138,1995-01-29,0
641860,40773.704,1995-01-01,0
5945572,40769.99,1995-03-02,0
1740674,40763.58,1995-03-05,0
2384741,40760.94,1994-12-17,0
5167267,40747.1064,1994-12-18,0
3035905,40744.296,1995-02-28,0
2684674,40735.7232,1995-03-21,0
3126498,40735.5899,1995-02-23,0
2533121,40730.7264,1995-01-19,0
4550723,40723.58,1995-02-14,0
4133122,40711.4136,1995-01-29,0
83718,40705.239,1995-03-09,0
4218977,40704.516,1994-12-23,0
184581,40689.7152,1995-03-17,0
4146533,40638.213,1995-01-09,0
4295523,40636.155,1995-02-18,0
4641792,40635.6633,1994-12-08,0
4022401,40635.657,1995-01-15,0
3779072,40608.2532,1995-01-19,0
2182052,40601.5491,1995-02-04,0
5193219,40569.4498,1995-02-22,0
3001445,40554.432,1994-12-15,0
2651200,40550.8856,1995-02-12,0
3142818,40523.73,1995-01-06,0
2585732,40511.8136,1995-03-12,0
3071522,40502.253,1994-12-11,0
3313987,40499.6539,1995-01-31,0
4639686,40498.5476,1995-01-21,0
534691,40497.7625,1995-02-04,0
1904801,40496.3572,1995-02-17,0
354241,40496.0428,1995-01-04,0
5584865,40486.2304,1995-01-23,0
3968642,40481.2772,1994-12-25,0
4128324,40471.8516,1995-03-14,0
856933,40467.3408,1995-03-24,0
2319620,40467.0,1994-12-27,0
3689825,40466.3536,1995-02-05,0
1277888,40464.6705,1995-01-27,0
3017089,40461.792,1994-12-20,0
4964672,40452.1754,1994-12-18,0
2584162,40443.3792,1995-02-07,0
2466439,40431.7728,1994-12-29,0
1128513,40425.0507,1995-02-10,0
4545862,40415.7619,1995-01-04,0
5168165,40395.1456,1994-12-20,0
4120231,40381.5968,1995-02-13,0
1562374,40369.42,1994-12-21,0
79015,40344.9758,1995-01-23,0
2409159,40314.1804,1995-03-01,0
1902816,40305.3051,1995-02-01,0
3453223,40295.759,1995-03-11,0
4856484,40290.9352,1995-02-14,0
2403719,40250.565,1994-12-18,0
5765921,40241.5364,1995-01-21,0
4003813,40226.0574,1995-03-07,0
4177474,40217.779,1995-01-22,0
1858785,40208.4594,1995-02-27,0
342624,40198.5945,1995-02-05,0
1948805,40197.7576,1995-02-23,0
1618694,40197.1104,1995-01-07,0
5910244,40196.4104,1995-02-03,0
4942887,40194.0522,1995-01-01,0
76133,40193.23,1994-12-11,0
4482244,40190.567,1995-03-16,0
3378848,40189.44,1995-02-01,0
1583622,40180.725,1994-12-13,0
4305318,40144.6218,1994-12-21,0
1825861,40130.8908,1995-01-05,0
5768833,40128.9798,1994-12-17,0
459107,40128.942,1995-02-20,0
4781703,40127.6875,1995-01-07,0
1478759,40115.1168,1995-01-25,0
1667429,40102.128,1995-02-05,0
1564640,40101.345,1995-03-03,0
3729217,40083.2712,1995-01-21,0
2714851,40066.632,1995-01-17,0
1416288,40031.2976,1995-01-26,0
5038048,40018.086,1995-03-26,0
5273283,39994.8178,1995-02-06,0
4988678,39994.773,1994-12-24,0
3331648,39985.155,1994-12-15,0
540192,39967.977,1995-01-30,0
5076001,39965.967,1995-02-25,0
2240070,39963.3832,1995-01-13,0
3703457,39953.952,1995-02-16,0
3308390,39947.994,1994-12-09,0
841476,39940.992,1994-12-21,0
4770981,39914.4096,1995-02-12,0
3648612,39876.2,1995-01-10,0
2356480,39870.2744,1995-01-09,0
1943015,39858.47,1994-12-22,0
1895264,39849.6661,1995-01-30,0
2416965,39842.81,1995-01-11,0
3008162,39835.5139,1995-01-03,0
3264100,39825.2658,1994-12-26,0
3349889,39799.0446,1994-12-25,0
5777346,39792.7485,1994-12-20,0
2165731,39786.8016,1994-11-29,0
1404007,39783.74,1994-12-08,0
4674438,39782.4192,1994-12-17,0
888096,39762.837,1994-12-08,0
5632579,39761.6184,1994-12-30,0
5567141,39755.885,1994-12-15,0
2639078,39752.5655,1995-02-13,0
38240,39740.7465,1994-12-20,0
4002564,39733.6303,1994-12-15,0
1512290,39731.9342,1995-01-17,0
200898,39705.93,1995-02-26,0
1518660,39705.7878,1995-03-23,0
4669153,39688.866,1994-12-30,0
5919907,39667.959,1994-12-22,0
2169510,39661.3932,1995-03-13,0
1379301,39656.96,1995-01-07,0
4668545,39646.502,1995-01-17,0
5922247,39637.404,1995-01-22,0
4130565,39630.465,1995-02-06,0
4549120,39629.091,1994-12-16,0
2517735,39624.2,1994-12-07,0
1123650,39587.89,1995-01-13,0
5067620,39581.9256,1994-12-12,0
71652,39574.95,1995-01-09,0
210945,39571.092,1995-03-20,0
3066788,39567.726,1995-02-21,0
5707361,39559.4592,1995-03-06,0
5812998,39522.0672,1994-12-11,0
1887460,39519.1545,1995-02-11,0
2908226,39509.2064,1994-12-20,0
4305858,39500.4124,1995-02-04,0
991522,39496.2854,1995-01-15,0
5683556,39486.699,1995-02-18,0
4047075,39470.169,1995-02-16,0
5139522,39468.7232,1995-02-03,0
1360931,39462.6249,1995-02-24,0
2366182,39447.3915,1995-02-04,0
3902182,39431.3472,1995-01-08,0
5925925,39418.0162,1995-01-23,0
4113760,39414.456,1995-03-14,0
5354439,39402.578,1995-02-08,0
4541762,39392.0767,1994-12-31,0
5798150,39388.25,1995-01-07,0
2780514,39382.1983,1995-02-26,0
5869764,39379.97,1995-01-04,0
4542211,39378.8448,1994-12-29,0
5564646,39368.9344,1994-12-26,0
478660,39350.5344,1994-12-18,0
2360481,39326.4963,1994-12-22,0
729447,39325.4004,1995-02-27,0
2490341,39312.819,1994-12-06,0
2581859,39308.5088,1995-03-11,0
1758756,39295.2504,1995-02-24,0
5833475,39295.0998,1995-01-18,0
561383,39293.1396,1995-01-14,0
2558499,39291.906,1995-01-01,0
3839905,39275.3973,1995-01-15,0
269665,39271.1082,1995-03-17,0
5038087,39260.6918,1995-02-16,0
5672259,39257.4483,1995-02-06,0
3363235,39201.2544,1995-01-10,0
361734,39178.5134,1995-02-12,0
5798180,39162.1,1995-01-04,0
4662177,39161.9886,1995-02-06,0
947108,39110.2272,1994-12-22,0
1128517,39098.1314,1995-01-11,0
2779491,39081.2142,1994-12-05,0
5664838,39067.6608,1994-12-31,0
2846884,39066.4,1995-01-24,0
4598373,39044.4152,1995-01-17,0
3948227,39042.3,1995-03-26,0
4181218,39009.012,1994-12-13,0
4792387,39002.245,1994-12-18,0
3805187,38994.208,1995-01-12,0
5422305,38957.8,1994-12-05,0
4120388,38955.5712,1995-01-18,0
5675175,38954.9449,1995-02-03,0
3504611,38932.7668,1995-03-14,0
854403,38914.8032,1994-12-20,0
5439107,38911.386,1995-01-20,0
2232677,38911.3312,1994-12-25,0
1534210,38907.1678,1995-03-23,0
2338628,38895.552,1995-01-19,0
5967457,38883.9789,1995-03-23,0
1097252,38882.4576,1994-12-09,0
316485,38879.61,1995-02-01,0
5831173,38858.976,1995-03-19,0
4443399,38848.1088,1994-12-27,0
4532256,38833.1962,1995-02-02,0
5208068,38830.428,1995-01-14,0
2895200,38805.7656,1994-12-09,0
5046627,38802.18,1995-01-09,0
897188,38795.055,1994-12-14,0
4227876,38777.6236,1995-01-19,0
3897733,38768.3904,1995-01-01,0
798113,38752.7998,1995-01-14,0
1454020,38720.6316,1995-01-08,0
2774439,38711.0686,1995-02-25,0
1541059,38697.868,1995-02-05,0
1561413,38687.978,1995-01-10,0
1259841,38687.6016,1995-01-13,0
3775649,38680.9332,1995-03-07,0
5815333,38677.0176,1994-12-26,0
3688326,38638.0608,1995-01-29,0
336256,38626.7607,1995-01-06,0
787905,38621.5473,1994-12-24,0
1252000,38608.9256,1995-01-08,0
1384837,38601.216,1994-12-07,0
5929381,38590.8908,1994-12-15,0
5367425,38585.514,1994-12-22,0
293699,38580.2326,1995-01-21,0
3687143,38579.2356,1995-01-02,0
77504,38553.1945,1995-01-13,0
4121252,38524.3428,1995-01-09,0
428160,38507.414,1994-12-23,0
4316359,38472.9375,1994-12-13,0
4900037,38471.713,1995-02-12,0
2209601,38471.3252,1995-03-25,0
3640001,38466.7992,1995-01-18,0
1100800,38443.8095,1995-01-27,0
1432640,38442.6002,1995-03-09,0
4403296,38389.6576,1995-03-09,0
5991269,38352.535,1995-02-07,0
4678663,38326.62,1995-02-04,0
2052999,38317.86,1995-02-24,0
364580,38264.436,1994-11-27,0
2834694,38242.953,1995-03-14,0
5301478,38234.7147,1994-12-09,0
337767,38234.3472,1994-12-04,0
2836930,38227.1526,1995-03-01,0
2218336,38204.5328,1994-12-20,0
3609510,38191.6032,1995-03-17,0
4622531,38159.4264,1995-03-23,0
5743171,38154.0265,1995-03-13,0
645764,38148.0414,1995-02-24,0
293668,38131.4384,1994-12-19,0
5036896,38110.176,1994-12-04,0
4047297,38095.6345,1995-01-13,0
2670880,38063.655,1994-12-20,0
1472993,38056.72,1995-01-09,0
1723620,38053.22,1995-01-15,0
3150820,38038.4004,1995-03-01,0
438849,38035.0176,1995-02-06,0
2394180,38034.1108,1995-01-25,0
3819909,38024.0232,1995-01-19,0
5870915,38002.8044,1995-03-18,0
3432288,37999.0,1995-01-06,0
4629248,37973.932,1994-12-30,0
2676259,37957.8204,1994-12-21,0
5492098,37940.8293,1995-02-17,0
3232068,37940.5125,1995-03-09,0
5848996,37938.0638,1995-01-20,0
3732257,37935.6912,1994-12-14,0
5389798,37903.2836,1994-12-28,0
4343234,37888.0326,1994-12-09,0
171427,37882.3392,1994-12-18,0
4732133,37880.2272,1995-02-17,0
4213922,37876.7703,1995-01-14,0
4031554,37859.4048,1995-02-11,0
2857926,37858.359,1995-03-05,0
3841504,37826.1864,1995-01-29,0
835717,37824.801,1995-01-13,0
1191237,37813.0368,1995-03-19,0
3130916,37797.9036,1995-03-06,0
3671201,37784.1846,1995-01-21,0
2949412,37782.6834,1995-02-01,0
242055,37780.4124,1995-02-04,0
4824358,37777.2,1994-12-15,0
2398211,37770.1,1994-12-07,0
3472292,37761.056,1994-12-22,0
1078496,37759.2236,1995-03-12,0
2243973,37747.4306,1995-02-12,0
4731045,37699.86,1994-12-04,0
533765,37694.2626,1995-01-07,0
1493344,37662.7959,1995-03-26,0
2144612,37652.2412,1995-03-21,0
3086884,37625.8701,1995-01-26,0
2102598,37607.9616,1994-12-11,0
3661828,37589.9456,1995-01-08,0
5709540,37587.7684,1995-03-07,0
1180613,37539.0125,1995-03-02,0
3469478,37514.2068,1995-03-07,0
5275938,37505.1586,1995-01-20,0
3899557,37478.304,1995-02-16,0
3169667,37456.7193,1994-12-22,0
2646562,37456.272,1995-01-18,0
4944995,37441.8744,1995-03-17,0
2316323,37428.3744,1995-03-20,0
3094983,37403.2484,1995-01-27,0
4893600,37373.724,1995-02-03,0
904608,37352.2032,1995-01-22,0
663046,37311.729,1995-02-04,0
2769412,37277.0505,1995-01-26,0
5111620,37271.85,1995-03-10,0
1555137,37264.032,1994-12-08,0
1035495,37261.5412,1994-12-14,0
2299618,37241.622,1995-02-23,0
252612,37194.1904,1995-03-04,0
500324,37189.4912,1994-12-18,0
2631014,37189.44,1995-03-23,0
5776033,37175.541,1995-03-11,0
284546,37164.386,1995-01-08,0
6403,37163.178,1995-02-12,0
3377062,37161.1852,1995-01-18,0
248773,37137.5,1995-02-01,0
2164608,37136.126,1995-02-16,0
3185152,37119.6184,1995-03-09,0
2870054,37100.3184,1995-01-26,0
2780743,37087.519,1995-02-06,0
4215489,37087.47,1994-12-21,0
1060290,37071.6024,1995-02-05,0
933888,37064.6013,1995-02-25,0
212998,37060.5378,1995-02-21,0
688545,37055.3677,1995-01-05,0
1794242,37043.528,1995-02-10,0
2776547,37033.2286,1995-02-04,0
1785221,36999.5808,1994-12-25,0
5366657,36996.0975,1995-03-03,0
1760992,36984.4002,1994-12-11,0
4681824,36983.128,1995-02-27,0
5841154,36972.8864,1995-02-27,0
1064101,36958.746,1995-03-06,0
568002,36958.04,1995-03-07,0
242692,36952.3104,1995-01-10,0
64071,36942.4638,1994-12-20,0
3731942,36934.9105,1995-01-28,0
1413383,36932.48,1994-12-27,0
5517473,36930.3858,1995-01-22,0
1236643,36911.2128,1995-02-26,0
1336934,36908.203,1995-03-05,0
4984704,36882.8736,1995-03-13,0
4459008,36873.4212,1995-01-29,0
2038049,36873.3638,1994-12-11,0
1320608,36862.56,1995-02-08,0
4680198,36803.589,1995-02-14,0
2633890,36794.88,1994-12-19,0
2501504,36790.9633,1995-01-09,0
554850,36788.6265,1994-12-11,0
4526758,36778.8,1995-03-10,0
5561382,36774.14,1995-02-18,0
3410276,36772.2344,1995-01-16,0
5551330,36770.1243,1994-12-16,0
1107079,36767.8,1995-01-17,0
1167204,36761.4027,1995-01-09,0
1103333,36731.0217,1995-02-10,0
1803074,36713.982,1995-03-17,0
3418054,36709.58,1994-12-18,0
3338339,36701.6184,1995-01-06,0
3067104,36667.3034,1995-02-04,0
675171,36614.7488,1995-02-13,0
1221540,36610.6188,1995-03-10,0
412903,36610.5936,1994-12-14,0
5940135,36596.5974,1995-02-03,0
5232512,36596.3346,1995-02-25,0
3627910,36595.52,1995-02-10,0
3096230,36557.6166,1995-02-11,0
5737763,36541.2192,1994-12-17,0
768868,36534.9204,1995-02-08,0
1410406,36533.376,1995-01-13,0
5782400,36520.5294,1995-01-12,0
2210721,36493.9317,1995-01-31,0
4665698,36470.253,1994-12-07,0
302305,36469.6464,1995-02-05,0
4726533,36469.018,1995-02-14,0
1717473,36464.6464,1995-02-28,0
1068775,36451.79,1995-03-06,0
3100613,36449.7408,1995-01-15,0
3094690,36442.674,1995-01-09,0
2927876,36438.938,1995-01-18,0
3398434,36420.5926,1995-03-13,0
5125952,36403.62,1994-12-22,0
4502210,36394.8,1994-12-29,0
2153923,36390.231,1994-12-28,0
3430790,36378.384,1995-01-28,0
3737827,36373.167,1995-02-11,0
5004993,36361.4103,1994-12-29,0
4678816,36333.5769,1995-03-06,0
4969280,36323.316,1995-02-08,0
3129924,36313.8016,1995-03-19,0
630659,36312.5196,1994-12-31,0
5275943,36309.0362,1995-03-08,0
455458,36297.99,1995-01-24,0
1112928,36275.52,1995-01-13,0
2450499,36244.8888,1995-01-08,0
1588710,36236.07,1995-02-14,0
1598023,36234.8304,1995-01-24,0
5736865,36203.244,1994-12-26,0
3528774,36189.846,1995-02-07,0
4755142,36175.6815,1995-03-07,0
2137058,36162.126,1995-03-17,0
5782117,36143.3169,1995-03-18,0
265031,36126.2682,1995-01-05,0
4476007,36118.6371,1994-12-22,0
2413730,36117.4,1995-01-11,0
5806625,36107.904,1994-12-26,0
2136738,36105.3186,1995-01-19,0
3197154,36096.3008,1995-01-05,0
4164193,36095.9208,1995-03-22,0
3429186,36084.4424,1995-02-05,0
1593540,36064.9536,1995-01-27,0
5447010,36057.375,1995-02-13,0
1866086,36050.062,1994-12-20,0
1263328,36018.255,1994-12-08,0
5243171,36007.2066,1995-01-18,0
5961094,36004.7457,1995-01-15,0
642727,35990.3544,1995-02-04,0
3694755,35972.7564,1995-03-10,0
969382,35970.0936,1995-02-15,0
2712224,35948.8152,1994-12-22,0
3372775,35934.822,1995-03-14,0
716613,35924.0904,1994-12-25,0
5796992,35902.848,1994-12-09,0
3845857,35895.132,1995-01-24,0
622817,35866.716,1994-12-21,0
388353,35866.6308,1994-12-13,0
5519168,35840.079,1994-12-25,0
4361543,35830.6756,1994-12-18,0
1774372,35817.57,1994-12-30,0
3183331,35808.25,1995-01-23,0
299750,35775.86,1994-12-12,0
923654,35752.5616,1995-02-13,0
1909347,35749.35,1995-02-08,0
594630,35740.2612,1994-12-15,0
4183042,35737.856,1995-02-06,0
2457541,35734.5216,1994-12-19,0
4859330,35684.4852,1994-12-28,0
4627872,35677.5312,1994-12-12,0
1653665,35659.1636,1995-03-14,0
1570087,35650.0674,1995-02-03,0
199808,35648.32,1994-12-10,0
3670113,35616.2688,1995-03-01,0
4509954,35612.9564,1995-03-07,0
1348418,35603.1621,1994-12-26,0
3536481,35586.621,1994-12-06,0
2603265,35583.3828,1994-12-31,0
4789383,35581.0911,1995-01-30,0
2811713,35535.1626,1995-02-16,0
5773606,35526.744,1995-03-01,0
1672676,35457.218,1995-01-23,0
2789606,35422.6608,1995-03-13,0
1225026,35420.4078,1995-01-26,0
3367940,35415.2106,1995-01-30,0
3839072,35414.3592,1995-01-15,0
5961254,35393.2488,1995-01-14,0
2841191,35374.536,1994-12-07,0
2199527,35372.8125,1994-12-24,0
1349185,35353.4412,1995-02-25,0
2633409,35338.3296,1995-03-13,0
5710402,35329.9638,1995-02-04,0
3872967,35320.32,1995-01-11,0
1181924,35291.3548,1994-12-12,0
3165383,35287.164,1995-02-22,0
4339781,35266.448,1995-03-05,0
3063397,35247.7224,1995-03-19,0
890405,35241.7604,1995-03-24,0
3832967,35235.783,1995-01-29,0
5415875,35232.6719,1995-03-14,0
46402,35232.175,1995-01-09,0
5178309,35231.9052,1995-01-03,0
2916994,35231.0112,1994-12-24,0
4111332,35222.1644,1995-02-03,0
526114,35214.106,1994-12-27,0
544902,35168.6012,1995-02-17,0
658403,35166.6596,1994-11-28,0
4064869,35164.4242,1994-12-11,0
1380386,35133.75,1994-12-20,0
5488192,35128.34,1994-12-31,0
1015429,35122.0,1995-03-14,0
542210,35114.9832,1994-12-17,0
2689029,35106.7626,1994-12-31,0
5423588,35105.958,1995-02-25,0
2848512,35104.706,1994-12-12,0
3919174,35104.44,1994-12-05,0
5769991,35104.335,1995-02-13,0
144707,35097.772,1995-03-09,0
2170727,35091.644,1995-01-24,0
2562242,35056.53,1995-03-08,0
4244163,35047.3328,1995-01-16,0
1513440,35045.0538,1995-02-06,0
2524962,35044.4945,1994-12-22,0
299588,35042.814,1995-01-31,0
5735206,35026.749,1995-02-16,0
5622272,35023.213,1995-02-25,0
387303,35006.967,1994-12-23,0
2469920,34999.02,1994-12-24,0
2308420,34998.3696,1994-12-25,0
3635168,34993.2864,1995-01-02,0
4201415,34974.2,1994-12-29,0
3574018,34969.194,1995-03-18,0
123617,34966.0191,1994-12-26,0
4618787,34965.8244,1995-01-12,0
3896448,34959.246,1995-01-02,0
2883361,34930.2432,1995-01-02,0
4190625,34927.9892,1995-03-01,0
4825700,34927.6752,1994-12-18,0
2510950,34926.1164,1994-12-22,0
4269185,34907.3415,1995-02-06,0
4165285,34900.668,1994-12-16,0
5754817,34884.1952,1995-03-15,0
3838050,34872.6336,1995-01-18,0
4402854,34866.632,1994-12-15,0
2219680,34864.0292,1995-01-07,0
1934439,34854.6562,1995-02-12,0
3446721,34833.159,1995-02-07,0
1901248,34829.9028,1994-12-18,0
3339078,34829.8392,1995-01-25,0
4375363,34801.5754,1995-01-31,0
609793,34797.3696,1995-02-15,0
3000551,34793.5605,1994-12-21,0
3436994,34749.252,1994-12-30,0
2501890,34745.04,1995-03-04,0
5158561,34727.649,1995-03-21,0
981156,34716.2088,1995-01-05,0
3801954,34694.5704,1994-12-30,0
231174,34655.4656,1994-12-31,0
3578439,34648.096,1995-02-15,0
2099558,34583.6832,1995-01-11,0
4239811,34579.5976,1995-02-22,0
1379076,34548.75,1995-01-31,0
2217857,34547.436,1995-01-12,0
3698087,34532.7892,1995-03-16,0
5316230,34531.284,1994-12-16,0
872800,34523.7728,1995-01-31,0
5351621,34519.8532,1995-03-18,0
5371814,34510.2758,1995-01-10,0
3212354,34490.484,1994-12-16,0
1608322,34486.701,1995-01-04,0
5687141,34478.028,1994-12-21,0
3539718,34464.3255,1995-02-27,0
5519907,34450.6162,1995-02-11,0
2040068,34446.0556,1995-02-17,0
2693383,34435.4074,1995-02-01,0
1107077,34431.6672,1995-01-10,0
1530375,34417.056,1995-02-05,0
5593056,34396.7055,1995-02-01,0
2883460,34391.3752,1995-03-10,0
4551269,34384.541,1994-12-31,0
4214304,34381.44,1994-12-11,0
900006,34370.4756,1995-01-18,0
1823653,34361.7111,1995-01-01,0
4638305,34351.1658,1995-02-16,0
4013412,34345.872,1994-12-15,0
3502532,34343.712,1995-01-07,0
4231589,34338.0688,1995-02-01,0
5544002,34319.4138,1995-01-21,0
1193957,34284.4866,1995-02-03,0
1571175,34278.3306,1995-01-29,0
5646407,34263.9792,1995-02-02,0
5677991,34243.86,1995-01-18,0
5551265,34234.029,1995-01-08,0
699685,34230.0868,1995-01-19,0
4395751,34229.0124,1995-01-27,0
4853764,34216.38,1995-01-18,0
1633445,34213.1072,1994-12-07,0
2938305,34212.9105,1995-02-05,0
352322,34174.0041,1994-12-27,0
1064673,34156.68,1995-01-17,0
5759525,34148.947,1994-12-15,0
341222,34147.2936,1994-12-24,0
1923431,34142.7552,1995-02-18,0
2617154,34132.4178,1995-01-17,0
3234118,34074.768,1995-02-23,0
991906,34069.035,1995-01-31,0
3136578,34026.993,1995-03-02,0
416869,33990.7104,1995-02-19,0
1050305,33973.2816,1995-01-08,0
5413252,33968.78,1995-02-17,0
2018787,33963.4836,1994-12-28,0
3842052,33939.918,1995-02-06,0
4235142,33927.3408,1995-02-13,0
4600227,33924.31,1995-02-22,0
2610306,33920.997,1995-03-08,0
892130,33907.1964,1995-01-13,0
541959,33858.323,1995-02-10,0
2031559,33856.5024,1995-01-30,0
4007329,33850.512,1994-12-12,0
1927526,33842.5128,1995-03-21,0
77126,33823.1496,1995-01-06,0
1151013,33818.256,1995-03-04,0
3679680,33817.0437,1994-12-19,0
4598627,33816.51,1994-12-30,0
655136,33815.8548,1995-01-17,0
3260647,33782.7728,1994-12-08,0
2261506,33760.9288,1995-01-15,0
3181665,33753.6576,1994-12-21,0
2541250,33752.411,1994-12-15,0
4813861,33693.219,1995-01-22,0
1346946,33689.4064,1995-01-05,0
3174626,33659.755,1995-01-07,0
3646020,33648.0156,1994-12-29,0
4795585,33618.8032,1995-01-05,0
1508065,33613.671,1995-01-11,0
3265921,33604.7418,1995-01-09,0
1720934,33599.133,1995-03-01,0
2393701,33577.2346,1994-12-03,0
4309988,33569.4002,1994-12-31,0
5618368,33556.956,1994-12-10,0
180742,33550.242,1995-01-09,0
5745062,33546.751,1995-02-19,0
2773890,33534.9234,1995-01-08,0
4812548,33517.852,1995-01-05,0
1780100,33481.5772,1995-02-16,0
2241063,33452.8896,1994-12-22,0
3072321,33452.2,1994-12-19,0
1633412,33426.5268,1995-02-05,0
1482693,33403.986,1994-12-29,0
5187589,33403.887,1995-03-04,0
1058656,33393.01,1994-12-29,0
714594,33388.586,1995-01-11,0
1453447,33354.64,1995-02-09,0
4507717,33347.475,1995-01-06,0
347330,33335.4021,1995-02-16,0
4602112,33294.2043,1995-01-11,0
3548130,33256.041,1995-02-10,0
2404001,33201.696,1995-01-03,0
3285825,33173.8254,1995-01-07,0
4470662,33143.902,1995-01-17,0
2155011,33134.784,1995-01-04,0
2894693,33130.1064,1995-01-15,0
2065890,33091.8798,1995-02-07,0
2141734,33083.2,1995-01-10,0
851461,33071.976,1995-01-04,0
185796,33068.892,1995-01-13,0
237062,33045.1172,1994-12-14,0
78246,33036.2928,1995-02-25,0
4845158,33020.7696,1994-12-31,0
4292998,33013.9694,1995-01-20,0
1743904,33008.5184,1995-01-05,0
2449318,32992.9572,1995-02-26,0
445636,32976.875,1995-02-04,0
1141765,32961.599,1995-02-04,0
5664834,32949.8,1995-02-06,0
3233026,32944.4712,1995-03-04,0
2058341,32938.001,1995-02-18,0
3212289,32932.2204,1995-01-19,0
3654691,32899.9104,1995-01-06,0
2289124,32898.56,1994-12-20,0
5877217,32898.006,1995-01-08,0
431234,32895.2624,1995-02-22,0
5689637,32875.1198,1994-12-29,0
1476226,32850.4308,1995-01-19,0
279014,32848.1717,1995-02-01,0
4913730,32844.76,1995-01-31,0
3567686,32819.2704,1995-01-07,0
1851235,32816.408,1995-03-03,0
720483,32777.9595,1995-02-15,0
449185,32754.4812,1994-12-12,0
400642,32753.2608,1994-12-09,0
4778407,32743.6109,1995-01-21,0
15748,32729.0436,1994-12-13,0
1207744,32715.075,1994-12-23,0
3676512,32707.3344,1995-02-27,0
3558375,32699.7,1995-02-06,0
1091045,32679.7416,1994-12-28,0
2061030,32671.6564,1995-02-19,0
1926305,32661.743,1995-01-10,0
3288448,32656.932,1995-02-01,0
2975302,32629.9428,1995-01-22,0
3140994,32607.7716,1994-12-14,0
5994533,32604.39,1995-02-08,0
759140,32548.7904,1995-02-27,0
43712,32543.3108,1995-03-25,0
1914341,32536.7832,1995-02-08,0
2064675,32535.1774,1995-01-02,0
4285286,32512.116,1994-12-20,0
1769894,32511.4706,1995-01-02,0
3455650,32509.7846,1995-01-23,0
5133667,32502.8704,1995-03-02,0
435974,32492.9878,1994-12-19,0
2188161,32492.3028,1994-12-21,0
5389472,32489.548,1994-12-13,0
4505411,32474.325,1995-02-16,0
4401025,32469.0525,1995-02-11,0
1085412,32450.145,1995-01-16,0
5008355,32445.0126,1995-01-01,0
4712802,32405.2168,1994-12-22,0
107460,32377.6345,1995-01-26,0
2131527,32377.3632,1995-01-11,0
3030561,32374.888,1995-03-07,0
4031938,32370.937,1995-01-16,0
5964515,32366.016,1995-01-31,0
389858,32359.095,1995-03-17,0
2105029,32333.1264,1995-01-01,0
121733,32330.4099,1995-01-30,0
3270113,32314.08,1994-12-15,0
387617,32292.2953,1995-02-01,0
5030695,32290.5765,1995-02-01,0
1625569,32286.114,1995-01-27,0
5277668,32276.0691,1994-12-12,0
748935,32271.8544,1994-12-27,0
2479813,32269.3782,1995-02-01,0
587172,32255.5632,1995-02-05,0
5977702,32254.97,1994-12-25,0
1927777,32234.6304,1995-02-13,0
5152647,32230.7388,1995-02-06,0
3338023,32221.528,1994-12-19,0
5723558,32216.8,1995-02-06,0
1292293,32163.49,1995-03-01,0
727268,32159.3878,1995-03-11,0
2811552,32156.433,1995-01-19,0
497447,32155.2192,1995-01-28,0
2344066,32151.9852,1995-01-02,0
4883300,32148.298,1995-01-08,0
1380035,32147.837,1995-02-23,0
3429794,32087.652,1995-03-13,0
4220519,32086.5968,1995-01-07,0
934049,32071.66,1995-02-21,0
2046372,32066.784,1994-12-19,0
4440582,32064.528,1995-02-17,0
1486530,32050.6976,1995-03-05,0
5744161,32045.754,1994-12-10,0
1953538,32032.836,1995-03-07,0
684804,32028.6002,1995-03-01,0
1899840,32027.094,1995-03-21,0
3561987,32019.678,1995-01-12,0
3349830,31982.1069,1995-02-19,0
1861923,31936.6575,1995-01-27,0
2687328,31934.8029,1995-03-20,0
1347525,31929.87,1995-02-09,0
2869671,31929.8004,1995-01-23,0
2946370,31911.44,1994-12-13,0
5310944,31902.0552,1995-01-23,0
3647527,31893.96,1995-03-21,0
888833,31869.655,1995-02-21,0
3555874,31869.4992,1995-02-19,0
4037569,31862.16,1995-03-10,0
245575,31852.7482,1995-01-03,0
4424551,31839.507,1995-01-12,0
3557569,31802.8935,1994-12-20,0
4979459,31792.9536,1995-02-23,0
3106915,31789.0275,1995-01-04,0
2462981,31779.077,1995-01-23,0
3413767,31777.17,1995-01-02,0
3326821,31775.9112,1995-01-08,0
4656740,31764.771,1995-02-01,0
5199942,31737.579,1994-12-26,0
3497633,31725.421,1995-01-05,0
194722,31704.4704,1995-03-05,0
2485031,31696.2314,1995-03-07,0
3982500,31687.74,1994-12-18,0
4150149,31672.8952,1994-12-13,0
5230914,31643.2872,1995-01-13,0
328737,31631.0148,1995-01-03,0
947905,31614.1216,1995-03-11,0
163396,31599.774,1995-02-09,0
5166951,31599.576,1995-03-04,0
1449030,31533.768,1995-03-11,0
4187973,31505.04,1995-02-01,0
5073187,31494.4221,1994-12-31,0
997283,31446.008,1995-02-21,0
155239,31441.1126,1995-02-14,0
2992678,31419.864,1994-12-25,0
493283,31413.2475,1994-12-19,0
474341,31399.102,1995-01-14,0
4584549,31389.8613,1995-02-17,0
5297732,31368.8592,1995-02-25,0
924647,31365.4095,1995-01-03,0
1077696,31361.9852,1995-01-03,0
4787111,31359.9924,1994-12-21,0
966594,31349.475,1994-12-28,0
5412898,31345.9272,1995-02-16,0
4673447,31328.388,1995-01-22,0
1318947,31325.7288,1995-01-29,0
2545699,31309.599,1995-02-23,0
5919265,31291.7038,1995-02-24,0
2073060,31290.2172,1995-03-15,0
3185317,31279.43,1994-12-20,0
5510626,31261.4302,1994-12-02,0
4980322,31255.5795,1995-01-07,0
822247,31238.7208,1995-02-17,0
2470212,31230.7578,1995-02-07,0
366119,31213.8612,1995-03-20,0
5382695,31198.3137,1995-02-28,0
3313190,31196.718,1994-12-25,0
741347,31128.96,1995-01-30,0
2983457,31123.9008,1995-02-07,0
2832871,31115.8904,1994-12-23,0
4521955,31104.2368,1995-03-01,0
2019238,31100.16,1995-02-07,0
342564,31087.2294,1995-02-17,0
5957473,31077.692,1995-03-20,0
5992519,31071.26,1995-02-17,0
2162402,31060.56,1995-03-23,0
457383,30989.868,1995-03-17,0
3410694,30936.906,1995-02-14,0
4086594,30935.0052,1995-01-30,0
2808098,30933.63,1995-03-02,0
1263874,30924.742,1995-03-09,0
1229603,30902.9196,1994-12-19,0
178884,30900.4696,1995-01-07,0
2561442,30890.9725,1995-02-04,0
2939906,30878.592,1995-01-05,0
2269348,30859.9045,1995-02-03,0
4190469,30859.5574,1995-02-04,0
71491,30859.4748,1994-12-27,0
5488423,30851.28,1994-12-24,0
4187236,30838.5792,1995-01-23,0
413250,30820.3726,1995-01-20,0
177249,30795.2127,1995-01-10,0
3554945,30763.56,1995-01-14,0
413504,30719.9074,1994-12-21,0
2877154,30716.0938,1995-02-05,0
1810439,30710.987,1995-02-18,0
2736161,30696.78,1994-12-13,0
1983778,30669.5028,1994-12-11,0
479236,30646.585,1994-12-21,0
430243,30632.2533,1994-12-24,0
3161216,30623.1554,1995-02-21,0
5545088,30616.128,1994-12-03,0
2861348,30583.494,1995-02-26,0
3649443,30574.6656,1995-02-04,0
3466308,30497.1552,1994-11-30,0
5601665,30491.1936,1995-01-11,0
3943457,30474.279,1995-02-18,0
4847811,30452.4128,1994-12-28,0
321728,30451.2768,1995-03-07,0
3538176,30443.9117,1995-02-11,0
214945,30435.696,1995-02-09,0
3122912,30434.22,1994-12-16,0
4246403,30431.5088,1995-01-24,0
1857282,30430.2726,1995-02-26,0
1196359,30426.7887,1995-01-03,0
5187456,30415.599,1994-12-19,0
1330405,30394.6608,1995-02-21,0
103075,30391.8262,1995-01-30,0
3165603,30384.135,1994-12-18,0
4186119,30381.75,1995-01-06,0
5508581,30358.4736,1994-12-27,0
5940481,30336.32,1994-12-10,0
276322,30323.2545,1995-03-20,0
1527776,30319.02,1995-01-19,0
1740197,30313.17,1995-03-22,0
5636583,30303.1712,1995-02-04,0
5533537,30271.6744,1995-02-13,0
4513184,30253.51,1994-12-23,0
2240485,30235.3536,1995-02-27,0
4328482,30231.729,1994-12-27,0
3271847,30223.8442,1995-03-21,0
2277541,30217.932,1995-01-29,0
2805120,30170.5696,1995-01-07,0
5044647,30134.208,1994-12-13,0
2673319,30133.3824,1995-01-23,0
6273,30129.264,1995-02-06,0
2400709,30128.9625,1995-03-07,0
2415845,30116.5319,1995-03-21,0
3812163,30109.5648,1995-01-30,0
2324768,30077.9325,1994-12-13,0
281184,30008.68,1995-01-07,0
5494469,30005.829,1995-02-16,0
5735232,29985.2608,1994-12-10,0
2166433,29981.12,1995-02-02,0
4929857,29976.765,1995-01-21,0
4209346,29963.722,1995-01-19,0
5117185,29956.257,1995-01-01,0
3845280,29937.369,1995-02-11,0
5266564,29933.52,1995-01-25,0
1891237,29909.3994,1995-01-04,0
2043783,29891.1342,1995-03-17,0
2333383,29889.0368,1994-12-06,0
4277540,29872.4517,1995-01-11,0
893760,29847.744,1995-01-03,0
4238628,29840.864,1994-12-11,0
1595203,29836.8,1995-03-21,0
3105923,29816.9658,1994-12-11,0
691043,29795.85,1994-12-15,0
5398788,29775.508,1994-12-23,0
5670688,29774.79,1995-02-02,0
5125827,29733.2168,1995-02-17,0
3227171,29707.2006,1995-01-27,0
1401988,29706.6024,1995-01-02,0
3183204,29694.2052,1994-12-23,0
3733857,29691.09,1995-01-07,0
5742308,29688.022,1995-03-16,0
843298,29678.8854,1995-01-20,0
4810148,29672.392,1995-02-14,0
2663783,29656.3855,1995-01-10,0
3288385,29642.0839,1995-01-14,0
5553313,29583.29,1995-03-23,0
4831204,29561.44,1994-12-16,0
1023840,29559.789,1994-11-30,0
2491138,29552.5,1995-01-31,0
5501894,29511.6864,1995-02-25,0
3034112,29500.92,1995-03-02,0
4537956,29500.6464,1995-01-11,0
3674342,29468.32,1995-03-04,0
2855334,29463.0256,1995-03-11,0
4773635,29450.106,1995-03-06,0
2719525,29436.2136,1995-02-13,0
3214336,29433.5357,1995-01-06,0
1086499,29433.51,1994-12-04,0
1524934,29426.5496,1995-03-07,0
4604035,29423.7536,1994-12-07,0
5140423,29409.3476,1994-12-10,0
1611556,29356.012,1994-12-05,0
260195,29353.803,1994-12-31,0
211555,29322.8645,1995-03-08,0
179716,29321.16,1995-01-08,0
1075488,29309.7792,1995-03-18,0
1032359,29297.6163,1994-12-17,0
4184417,29296.995,1995-02-09,0
3326246,29289.8664,1995-02-05,0
487779,29221.056,1995-01-30,0
2846626,29217.174,1995-01-07,0
4500832,29216.775,1994-12-22,0
4933479,29214.6666,1994-12-23,0
4482211,29208.24,1995-02-07,0
3828868,29207.5344,1994-12-13,0
2811430,29203.5531,1995-01-05,0
2527046,29201.499,1995-01-14,0
2751360,29194.678,1995-01-11,0
5310851,29184.2076,1995-02-09,0
4630209,29178.2208,1995-02-02,0
686373,29163.771,1995-01-02,0
877507,29153.0484,1995-03-09,0
2490727,29124.4008,1994-12-16,0
594368,29076.7136,1994-12-01,0
2530049,29059.7166,1995-03-20,0
802951,29054.6648,1995-03-16,0
2263328,29048.0036,1995-03-01,0
989250,29037.4228,1994-12-13,0
2344709,29032.4492,1995-01-31,0
2518148,29026.0278,1994-12-18,0
800899,29006.05,1994-12-25,0
4854631,28977.5304,1994-12-06,0
1496422,28971.7785,1994-12-12,0
4675873,28947.618,1994-12-07,0
865830,28897.27,1995-01-10,0
4015841,28895.59,1994-12-13,0
640359,28889.4886,1995-01-15,0
172837,28872.012,1995-01-23,0
4551395,28871.14,1995-01-17,0
3231777,28840.7229,1995-02-04,0
2537796,28793.2528,1994-12-25,0
2967619,28785.429,1995-01-19,0
4466433,28784.86,1995-02-11,0
2216871,28775.025,1994-12-29,0
880996,28771.0688,1994-12-09,0
4158272,28761.7212,1994-12-29,0
4410951,28722.9,1994-12-04,0
2239143,28709.672,1995-01-03,0
2716161,28707.0327,1995-03-11,0
551747,28699.6927,1995-03-11,0
1243685,28694.85,1995-02-04,0
337988,28693.7065,1995-01-07,0
383716,28662.1135,1995-02-27,0
1774016,28657.9024,1995-01-24,0
5437959,28647.54,1995-02-02,0
2704967,28604.62,1994-12-20,0
2003942,28578.043,1994-12-05,0
3552641,28572.885,1995-01-02,0
3473122,28565.9136,1995-02-08,0
4521094,28561.5045,1995-01-30,0
238246,28541.97,1995-01-28,0
1475814,28532.052,1995-03-10,0
1950181,28531.8103,1995-03-25,0
1080993,28530.117,1994-12-29,0
3571329,28497.9554,1995-02-08,0
173093,28494.009,1995-02-06,0
5969443,28472.8016,1994-12-13,0
3425188,28459.074,1995-01-06,0
4500742,28452.3785,1994-12-28,0
2459239,28449.8032,1995-02-02,0
3026311,28449.63,1995-01-03,0
5984262,28448.1456,1994-12-29,0
515047,28429.8861,1995-03-19,0
1985668,28429.3032,1994-12-23,0
3093863,28419.1635,1995-01-22,0
593732,28405.692,1994-12-01,0
2188775,28401.208,1995-03-05,0
3813475,28374.672,1995-01-10,0
5169155,28363.676,1995-03-13,0
3806949,28361.281,1995-01-07,0
4117633,28323.872,1995-02-12,0
3078694,28295.436,1995-01-15,0
3849763,28285.1976,1995-02-26,0
4238082,28280.6735,1995-02-13,0
1002759,28260.6,1994-12-10,0
3521255,28251.178,1995-02-24,0
1176706,28242.1656,1995-02-07,0
5971142,28171.248,1995-01-31,0
1275943,28141.9992,1995-01-18,0
5262148,28141.8012,1995-01-30,0
1282375,28138.0008,1994-12-25,0
5518436,28125.0757,1995-02-09,0
1843111,28112.9856,1995-01-27,0
5182342,28111.3065,1994-12-25,0
2569569,28089.4068,1995-03-10,0
5066855,28075.2948,1994-12-09,0
4915687,28074.2765,1995-03-01,0
2516775,28072.12,1995-01-31,0
4103937,28053.975,1995-03-19,0
1510531,28041.186,1995-01-17,0
4939424,28012.9536,1995-01-09,0
4287970,27995.7132,1994-12-25,0
3619139,27960.159,1995-02-05,0
2177219,27904.3512,1995-01-26,0
4201636,27899.163,1995-01-15,0
3028290,27896.2979,1995-02-20,0
4831652,27884.1516,1995-02-04,0
1606976,27882.7659,1994-12-17,0
4589797,27881.958,1995-02-20,0
2377511,27880.578,1994-12-18,0
2858757,27875.4816,1994-12-21,0
805795,27867.9708,1995-02-04,0
536643,27859.7376,1994-12-10,0
220102,27825.525,1995-01-31,0
2049735,27815.3514,1995-01-03,0
1006437,27807.4185,1995-01-03,0
3002022,27772.1136,1995-01-10,0
4431462,27755.1274,1994-12-18,0
4289026,27751.0688,1995-02-11,0
4260961,27750.684,1995-03-05,0
3625506,27739.8369,1995-02-21,0
1925284,27727.0014,1995-01-29,0
5658818,27725.88,1994-12-17,0
3647361,27719.9832,1994-12-23,0
2044834,27706.1376,1995-01-24,0
4346085,27671.5936,1995-01-03,0
2204294,27671.3184,1995-03-13,0
35264,27650.007,1995-03-14,0
5929124,27633.9046,1994-12-25,0
201223,27626.589,1994-12-18,0
710752,27605.404,1995-01-23,0
933408,27591.552,1994-12-31,0
2370535,27581.4528,1995-03-12,0
1012547,27571.7698,1995-01-14,0
4392196,27557.075,1995-02-06,0
4015398,27521.1,1995-01-16,0
1931175,27511.6248,1994-12-15,0
4115334,27429.0795,1994-12-16,0
3785956,27422.0748,1995-02-02,0
363106,27414.3456,1995-03-13,0
5489153,27412.56,1994-12-06,0
643463,27406.8,1995-03-07,0
5777571,27405.4488,1995-01-15,0
1192963,27404.75,1995-03-10,0
3752967,27377.595,1995-01-05,0
645826,27371.8854,1995-01-28,0
952868,27361.8576,1995-03-08,0
1604868,27337.6845,1995-01-09,0
5977507,27331.7878,1994-12-01,0
5783844,27286.2072,1995-03-18,0
4538022,27279.3339,1995-01-10,0
5810944,27266.988,1995-02-09,0
2027812,27258.231,1995-01-20,0
4204833,27250.9152,1995-03-12,0
4522720,27244.8036,1995-01-21,0
773156,27241.0726,1995-01-05,0
738823,27235.8,1994-12-31,0
3153088,27235.1898,1995-01-08,0
993254,27233.6512,1995-02-27,0
5777573,27223.344,1995-03-24,0
282692,27221.5465,1994-12-15,0
256070,27214.75,1994-12-10,0
1865698,27168.372,1995-02-06,0
513959,27137.0008,1995-01-08,0
4820420,27131.734,1994-12-28,0
5127463,27122.0292,1994-12-15,0
1707300,27072.767,1995-02-19,0
4089478,27070.176,1995-03-04,0
2547108,26997.8163,1994-12-06,0
4049030,26996.4635,1995-02-07,0
3365863,26991.7284,1995-01-14,0
4978951,26966.8732,1995-02-22,0
1397441,26966.3544,1995-01-20,0
4457059,26964.5175,1995-01-17,0
2541351,26954.0593,1994-12-25,0
5322502,26917.9479,1995-03-17,0
4020422,26906.5665,1994-12-29,0
3635940,26886.144,1995-03-21,0
4549511,26806.435,1995-02-27,0
5880162,26792.8012,1995-02-23,0
2670753,26787.456,1995-01-22,0
4687876,26765.7348,1995-01-24,0
5125218,26756.1021,1995-01-13,0
5307459,26754.327,1995-02-01,0
470403,26738.9766,1994-12-24,0
4750086,26734.2338,1995-02-15,0
217536,26691.8496,1995-01-05,0
437990,26647.31,1994-12-20,0
2139298,26629.7584,1995-02-01,0
2096866,26626.3625,1994-12-24,0
5097185,26618.1267,1995-03-07,0
2278115,26614.952,1995-02-01,0
2721155,26602.2306,1995-02-24,0
4587491,26601.2964,1995-01-25,0
5236096,26595.333,1995-02-11,0
1062246,26592.0342,1995-03-08,0
1439618,26581.23,1994-12-26,0
1925634,26574.4512,1995-01-27,0
5092966,26565.4656,1994-12-21,0
4943010,26559.8784,1995-03-17,0
382023,26543.817,1995-01-04,0
5256995,26530.175,1995-01-31,0
3593958,26522.37,1994-12-05,0
5775778,26505.6228,1995-03-20,0
1616448,26501.2992,1995-01-16,0
4665600,26473.44,1994-12-29,0
3483845,26468.4276,1995-02-10,0
2484832,26458.245,1995-01-24,0
1150594,26448.3072,1995-01-23,0
4063812,26447.6655,1994-12-07,0
2048101,26437.6692,1994-12-15,0
1167778,26414.6848,1994-12-11,0
5972485,26403.6136,1995-01-10,0
2391270,26396.4492,1995-01-08,0
4356899,26387.9412,1995-02-17,0
3589186,26376.7008,1994-12-25,0
4892641,26337.6,1995-01-15,0
1731424,26329.7628,1995-02-11,0
299299,26325.6266,1994-12-19,0
4795623,26323.9986,1994-12-27,0
5393091,26316.4133,1995-01-05,0
1419234,26306.3903,1994-12-19,0
1574726,26300.3328,1995-01-24,0
1188322,26299.0098,1994-12-03,0
2048772,26285.448,1994-12-21,0
3451618,26277.6288,1994-12-30,0
828484,26272.607,1995-03-25,0
2106241,26271.4716,1995-02-22,0
4199939,26246.136,1995-02-14,0
1383554,26241.3561,1994-12-19,0
3915584,26231.031,1995-01-30,0
3814177,26222.85,1995-03-26,0
3824448,26222.76,1994-12-23,0
5780229,26214.661,1994-12-11,0
1874534,26209.2285,1994-12-19,0
5913312,26203.6866,1995-01-04,0
889410,26189.622,1995-03-20,0
1858467,26175.996,1995-02-05,0
3840100,26164.1184,1995-02-05,0
911940,26152.6122,1995-01-19,0
2219971,26142.1932,1995-01-13,0
340999,26137.8107,1995-01-29,0
3121825,26125.6935,1995-02-24,0
2463777,26117.74,1995-01-04,0
4888385,26109.1008,1995-02-18,0
4895586,26103.6384,1995-02-05,0
2467556,26094.068,1994-12-20,0
2592709,26091.4654,1995-01-13,0
1001221,26070.9232,1995-03-19,0
2370727,26066.5944,1995-01-21,0
3115013,26047.7384,1995-02-19,0
4651941,26000.0256,1995-01-28,0
5138883,25970.3136,1994-12-30,0
967649,25968.288,1994-12-24,0
3010403,25952.1262,1995-03-18,0
127810,25925.8392,1994-12-02,0
590402,25915.0176,1994-12-12,0
2921121,25914.4795,1995-02-15,0
811200,25910.006,1994-12-01,0
2155776,25902.9375,1995-03-12,0
2829570,25856.796,1995-02-16,0
3877696,25834.19,1995-02-14,0
1656353,25804.3401,1995-01-20,0
4953222,25774.623,1994-12-22,0
2367141,25748.5473,1994-12-11,0
1532066,25735.8325,1995-01-04,0
767841,25724.79,1995-02-04,0
5774817,25713.7486,1995-01-24,0
4816897,25693.9072,1995-01-28,0
3472322,25686.4272,1994-12-07,0
2041381,25656.33,1995-01-23,0
3912484,25643.331,1995-02-14,0
677440,25631.0096,1995-02-23,0
3516455,25619.22,1995-02-01,0
3348997,25595.5776,1994-12-08,0
1959424,25590.929,1995-02-03,0
3042018,25586.4,1995-03-14,0
990822,25561.809,1994-12-11,0
183110,25540.4095,1994-12-14,0
4160070,25533.76,1995-02-27,0
2304195,25514.467,1995-02-19,0
999750,25509.029,1994-12-10,0
787875,25485.15,1995-02-27,0
1202852,25476.267,1995-01-29,0
3000962,25460.494,1995-01-17,0
1401799,25436.592,1995-02-28,0
3168289,25436.528,1995-01-03,0
3131431,25436.079,1994-12-17,0
277667,25428.0135,1995-02-12,0
1600165,25417.5456,1995-01-24,0
1646883,25388.1264,1995-01-03,0
1242979,25375.469,1995-03-07,0
4753668,25365.15,1995-01-08,0
3448896,25345.44,1994-12-30,0
5653250,25339.05,1994-12-30,0
5590816,25338.18,1995-01-01,0
1737446,25315.2528,1995-01-03,0
622373,25311.9662,1995-03-05,0
5296932,25311.4904,1995-02-19,0
5448135,25306.1088,1995-02-16,0
562567,25297.209,1995-01-07,0
5555716,25273.6848,1995-01-18,0
2208357,25266.7696,1994-12-21,0
3257762,25251.056,1995-01-14,0
2435393,25216.6848,1994-12-04,0
3818785,25197.5304,1995-01-16,0
5549319,25186.15,1995-01-17,0
3672293,25165.72,1994-12-04,0
1630113,25161.3824,1995-01-26,0
1467015,25160.2065,1995-03-23,0
3628322,25148.2782,1995-01-09,0
1173060,25140.9067,1995-03-21,0
5011589,25122.528,1994-12-07,0
3404423,25112.1689,1995-02-03,0
62721,25111.8,1994-12-15,0
2053574,25092.889,1995-01-12,0
5168001,25079.2,1994-12-31,0
2057028,25077.312,1994-12-28,0
2141607,25055.055,1994-12-20,0
5982400,25043.76,1995-02-04,0
3874081,24998.832,1995-02-15,0
1710976,24981.91,1994-12-01,0
1701991,24968.5902,1995-02-09,0
4783939,24915.27,1995-03-22,0
5979105,24877.0,1995-02-18,0
5030245,24862.53,1995-01-10,0
2468231,24828.7755,1994-12-30,0
1484518,24819.687,1995-01-27,0
332804,24818.3332,1995-03-06,0
2041703,24817.3926,1995-01-06,0
3593888,24811.2774,1995-03-23,0
4037925,24808.904,1994-12-08,0
4357251,24773.2632,1994-12-09,0
1728867,24766.8246,1995-01-25,0
5433284,24758.4158,1995-01-08,0
1870467,24741.33,1995-02-02,0
1726437,24740.1,1995-03-06,0
4171975,24717.055,1995-01-09,0
357287,24697.2735,1995-03-05,0
3469349,24686.7064,1995-02-06,0
3110304,24678.1405,1995-02-11,0
3301346,24677.4198,1995-01-16,0
3421735,24658.53,1995-01-05,0
321830,24640.443,1995-01-10,0
1446081,24635.8989,1994-12-23,0
4779911,24602.9252,1995-03-01,0
5040321,24593.4,1994-12-30,0
3629446,24521.7285,1994-12-29,0
380736,24520.1068,1995-01-28,0
2133796,24471.174,1995-01-14,0
1511458,24442.284,1995-01-21,0
3362406,24437.8128,1995-03-11,0
5279683,24426.7084,1995-03-05,0
375591,24406.536,1995-01-10,0
4172321,24396.858,1995-02-13,0
212293,24387.8661,1994-12-07,0
1517030,24375.1872,1995-01-30,0
5872131,24359.79,1995-02-07,0
1547399,24353.4214,1995-01-23,0
346980,24336.606,1994-12-27,0
2516099,24336.48,1995-03-16,0
4149382,24313.1752,1995-01-31,0
707811,24313.0086,1994-12-24,0
5682661,24297.84,1995-01-26,0
4544898,24294.9252,1995-01-14,0
1158112,24264.8896,1995-02-08,0
2530659,24256.96,1995-03-19,0
5805827,24245.4465,1995-01-14,0
1683622,24206.8992,1995-02-02,0
3182534,24196.9882,1995-03-16,0
4174402,24177.132,1995-01-08,0
1745153,24173.2296,1994-12-05,0
4269633,24171.0728,1995-01-15,0
4732101,24162.8415,1994-12-21,0
5826084,24151.3984,1994-12-02,0
5323173,24150.9434,1995-01-20,0
2430369,24146.1728,1994-12-09,0
3460486,24133.8552,1994-12-21,0
1221504,24107.9376,1995-02-06,0
1188097,24099.4992,1994-12-17,0
2856321,24082.7375,1994-12-20,0
4824545,24082.4145,1994-12-16,0
3670499,24071.472,1994-12-09,0
732257,24065.314,1994-12-07,0
3985056,24059.61,1995-01-26,0
1356992,24037.7137,1994-12-30,0
1302752,24037.5135,1995-02-21,0
4903651,24016.8276,1995-02-11,0
4272550,24016.32,1995-01-20,0
2223589,23969.7694,1995-01-20,0
856227,23969.3202,1995-03-05,0
3867104,23920.776,1995-02-21,0
5636066,23913.974,1995-01-31,0
5378403,23889.0,1994-12-05,0
2438982,23879.04,1995-03-08,0
124801,23869.51,1995-01-01,0
1155618,23865.5912,1995-01-10,0
5111457,23864.0883,1995-02-11,0
2055745,23863.455,1995-02-20,0
4525188,23861.0604,1995-01-24,0
5159973,23851.52,1995-01-15,0
858368,23843.8216,1995-03-01,0
5981254,23789.862,1995-03-25,0
966215,23784.943,1995-01-23,0
2937126,23749.476,1995-03-20,0
877924,23729.3185,1995-01-07,0
3826983,23723.0667,1995-01-16,0
3160994,23692.7625,1995-02-08,0
520070,23613.7044,1995-03-18,0
2531460,23607.084,1995-03-03,0
2538720,23604.2812,1995-03-23,0
27425,23568.24,1995-02-07,0
55843,23567.2164,1995-03-19,0
2705221,23540.1488,1995-03-22,0
4613985,23515.52,1995-01-20,0
4354758,23510.2872,1995-01-09,0
3940866,23498.097,1995-01-04,0
3684033,23491.1085,1994-12-26,0
4434918,23474.6764,1994-12-23,0
4511520,23471.8575,1995-02-07,0
1547232,23469.522,1994-12-15,0
978023,23457.1788,1995-02-27,0
1386372,23448.6656,1995-03-12,0
5318178,23431.5648,1994-12-23,0
1776645,23429.824,1995-03-17,0
5569122,23424.156,1995-02-21,0
5315749,23376.1152,1995-02-06,0
5281734,23375.3025,1995-03-17,0
5770724,23373.8036,1994-12-27,0
4761280,23364.0134,1994-12-01,0
1053382,23349.3744,1994-12-18,0
4604005,23330.4192,1994-12-05,0
707782,23328.1314,1995-03-07,0
4484483,23313.4941,1995-01-16,0
3878822,23285.2272,1994-12-28,0
2435424,23280.795,1994-12-25,0
945153,23273.328,1995-01-17,0
3468034,23270.13,1995-01-09,0
1602917,23260.7973,1995-02-06,0
1454338,23259.3592,1995-01-09,0
4680256,23224.296,1994-12-16,0
5564352,23204.822,1995-03-19,0
3049377,23188.968,1994-12-21,0
3609638,23177.1288,1995-01-07,0
5946630,23159.4775,1995-01-23,0
2340160,23149.1956,1994-12-16,0
1397282,23145.3495,1995-02-03,0
4787874,23129.9145,1995-01-26,0
5159331,23122.521,1994-12-21,0
5099875,23116.155,1995-03-07,0
4014658,23079.924,1995-01-31,0
1283687,23073.6,1995-01-18,0
1090597,23066.775,1995-01-14,0
232034,23049.4314,1995-03-12,0
4176583,23046.2688,1994-12-14,0
306435,23020.9344,1995-02-10,0
5715235,23008.05,1995-02-22,0
1672004,22986.929,1995-01-26,0
2228609,22974.66,1995-02-22,0
1645319,22955.4204,1995-03-17,0
3313058,22913.9064,1994-12-15,0
981829,22903.3728,1995-03-11,0
5639076,22895.152,1995-01-09,0
4765603,22875.8689,1995-02-22,0
4640705,22867.4073,1995-01-24,0
3630630,22842.2285,1994-12-21,0
227713,22795.2816,1995-01-01,0
703622,22785.792,1994-12-27,0
4640837,22783.464,1995-02-26,0
539270,22781.6064,1994-12-17,0
4885862,22770.5244,1995-01-06,0
5425440,22763.0221,1995-01-07,0
5118529,22733.7,1995-03-22,0
3146823,22698.907,1995-01-30,0
4012544,22688.3916,1995-01-06,0
3127330,22679.8656,1995-02-05,0
5656774,22668.282,1994-12-29,0
1687552,22660.5834,1995-02-02,0
1394402,22649.94,1995-01-07,0
4320576,22647.6032,1994-12-15,0
4770658,22626.1728,1995-01-22,0
5762625,22602.888,1995-02-07,0
4451395,22578.2438,1995-01-06,0
4540160,22555.07,1995-03-11,0
5348549,22528.8,1995-01-10,0
988580,22488.0656,1995-02-05,0
211584,22483.4046,1995-03-02,0
44198,22462.8495,1995-01-05,0
668256,22432.865,1994-12-15,0
2438947,22390.056,1995-01-31,0
5209733,22369.9848,1994-11-29,0
3108901,22365.486,1995-01-29,0
663104,22356.6336,1995-03-20,0
4820066,22348.56,1995-01-19,0
199878,22324.26,1995-02-03,0
3534017,22319.262,1994-12-24,0
4256771,22319.172,1995-02-27,0
1630562,22294.5918,1994-12-13,0
1495239,22263.5222,1995-03-13,0
5225088,22249.1328,1995-02-22,0
1159489,22244.7225,1995-01-30,0
2643617,22244.2025,1995-01-21,0
195653,22236.8058,1995-02-25,0
960384,22220.8434,1995-02-25,0
1732163,22209.4278,1994-12-23,0
1403841,22202.7806,1994-12-19,0
1637316,22185.0756,1994-12-28,0
3571110,22176.7338,1995-01-30,0
5118468,22167.1094,1995-02-26,0
3766789,22127.1264,1994-12-25,0
160647,22082.984,1994-12-31,0
5444933,22069.456,1995-03-20,0
926341,22062.144,1994-12-12,0
609728,22051.248,1995-02-07,0
3608386,22041.5909,1995-03-22,0
5728390,22035.661,1995-01-28,0
2557601,22019.8536,1995-03-19,0
823395,22005.6575,1995-01-05,0
4386948,21974.0416,1995-01-22,0
2239782,21973.3314,1995-01-11,0
1550983,21963.807,1995-02-09,0
3441249,21959.8,1995-01-12,0
4018212,21935.004,1995-01-12,0
5861319,21929.292,1995-01-26,0
5422756,21870.33,1995-03-20,0
5009378,21864.9915,1995-01-01,0
596006,21810.15,1994-12-12,0
1464227,21803.9122,1995-01-27,0
109061,21796.45,1994-12-16,0
5822887,21788.7306,1995-01-12,0
5418084,21779.091,1994-12-12,0
3302496,21771.5355,1995-01-02,0
5223200,21733.44,1995-01-18,0
5835906,21727.3056,1994-12-24,0
1958048,21704.1408,1995-02-19,0
2675908,21702.2368,1995-01-11,0
4407397,21696.608,1995-03-11,0
347333,21649.236,1995-03-26,0
158178,21646.1015,1995-02-17,0
1041728,21634.104,1995-02-02,0
440038,21627.8928,1995-01-11,0
2649830,21623.9252,1995-01-29,0
5105476,21595.5648,1995-01-14,0
2110433,21584.16,1995-03-24,0
2452768,21576.0204,1995-01-01,0
4479424,21567.546,1995-01-11,0
1198434,21560.148,1994-12-05,0
4948452,21559.395,1995-02-11,0
879396,21545.136,1994-12-14,0
2972455,21520.242,1995-01-04,0
1775619,21506.661,1995-01-23,0
1715046,21501.141,1995-02-27,0
733920,21491.1648,1994-12-29,0
4919296,21444.0954,1995-02-06,0
1954501,21441.993,1995-01-26,0
3607431,21383.8944,1995-01-12,0
4343938,21383.1095,1995-01-31,0
3393217,21354.19,1995-01-11,0
680995,21340.5984,1995-01-22,0
1872579,21328.032,1995-01-26,0
2388645,21327.3459,1994-12-17,0
2884003,21327.1295,1994-12-26,0
75075,21313.8828,1995-01-09,0
2740288,21299.1768,1995-01-31,0
1651617,21297.627,1994-12-25,0
644448,21291.9985,1995-02-06,0
984005,21287.4636,1995-01-29,0
3167682,21284.4093,1994-12-19,0
1406629,21280.1512,1995-02-23,0
5408486,21260.6092,1995-02-08,0
1906112,21249.5712,1995-01-06,0
1105380,21241.086,1995-03-01,0
200483,21235.5828,1995-01-25,0
2358247,21214.5342,1995-02-08,0
5547335,21207.9804,1995-01-08,0
3782914,21204.144,1994-12-14,0
4940421,21168.567,1995-01-04,0
715399,21160.3,1995-01-15,0
2382658,21158.6752,1995-01-01,0
1389603,21155.5932,1994-12-07,0
1957185,21152.586,1994-12-22,0
4742823,21149.4816,1994-12-18,0
2241639,21147.6124,1995-01-12,0
1137062,21125.7464,1995-01-01,0
5689606,21119.265,1995-02-16,0
137955,21119.0616,1995-01-09,0
1244388,21088.382,1995-02-05,0
433477,21063.84,1994-12-20,0
2617605,21049.7067,1995-02-23,0
1749221,21035.4882,1995-01-10,0
2687682,21032.2332,1995-01-28,0
4350467,21029.4576,1995-01-25,0
1300902,21005.2206,1995-01-27,0
4158981,20998.9425,1995-01-09,0
997957,20987.9054,1994-12-22,0
1405024,20986.064,1994-12-13,0
844547,20966.2376,1994-12-27,0
136867,20962.017,1995-03-26,0
4557159,20927.6993,1995-01-07,0
5672455,20910.5512,1995-01-14,0
1202468,20901.52,1995-01-23,0
411014,20901.254,1995-01-01,0
3271748,20889.855,1994-12-25,0
3579367,20876.9,1994-12-31,0
859332,20871.291,1995-03-08,0
4857923,20864.151,1994-12-27,0
2443360,20853.9744,1995-03-16,0
812869,20852.8254,1995-02-18,0
5776293,20847.834,1994-12-20,0
1210787,20829.648,1995-01-25,0
1580804,20822.6655,1995-03-18,0
3390724,20803.353,1995-02-16,0
3065477,20802.264,1994-12-18,0
4508100,20775.0816,1994-12-07,0
5872358,20756.4084,1995-03-04,0
61731,20748.399,1995-03-17,0
5000103,20719.1903,1995-01-11,0
3322374,20707.7985,1995-03-22,0
2293031,20656.881,1995-01-25,0
90854,20642.3574,1995-01-15,0
1131428,20641.5944,1994-12-23,0
261254,20635.14,1994-12-18,0
80037,20609.544,1995-01-21,0
5502887,20603.7195,1995-01-07,0
1152544,20602.752,1995-03-26,0
1757920,20597.2032,1995-01-30,0
986373,20570.8228,1995-02-13,0
2751075,20565.1824,1994-12-27,0
4225159,20554.8156,1995-02-10,0
804421,20521.4655,1995-02-01,0
2418882,20514.2976,1994-12-22,0
177475,20491.832,1995-03-01,0
952929,20467.3833,1995-01-31,0
2717860,20448.5382,1995-01-22,0
978049,20448.4308,1994-12-02,0
277924,20434.176,1995-02-21,0
3754499,20416.8195,1995-01-16,0
2744292,20412.0735,1994-12-21,0
4391364,20386.278,1995-02-12,0
2462628,20372.9682,1995-02-27,0
2367622,20339.4114,1995-03-25,0
4910496,20326.383,1995-01-09,0
544131,20324.16,1994-12-29,0
1442240,20287.6896,1994-12-11,0
4267616,20247.6,1995-01-01,0
3088167,20246.9222,1995-02-07,0
1495264,20223.7893,1995-02-16,0
5888389,20200.7344,1994-12-18,0
1793350,20130.3375,1995-01-06,0
2933095,20128.923,1994-12-29,0
764802,20125.579,1995-02-12,0
5508898,20109.024,1994-12-01,0
2305761,20101.9474,1995-01-25,0
1244230,20097.828,1994-12-27,0
982053,20088.1908,1994-12-28,0
4256358,20083.9584,1995-01-25,0
728897,20060.4252,1995-03-15,0
650278,20059.5122,1994-12-22,0
916804,20053.74,1995-01-04,0
4498308,20035.2768,1995-01-15,0
2348231,20009.0618,1995-01-14,0
4968068,19937.412,1995-03-11,0
4266019,19932.4915,1995-01-12,0
4701926,19914.174,1995-01-27,0
3723653,19863.778,1995-02-03,0
4135809,19854.5292,1995-01-01,0
5530370,19827.99,1994-12-20,0
4400064,19813.3155,1995-02-08,0
5463619,19812.7215,1994-12-02,0
807140,19798.2514,1994-12-08,0
341572,19796.5782,1995-01-09,0
686433,19796.4558,1994-12-05,0
3323809,19782.5264,1995-02-14,0
5389250,19779.84,1995-02-08,0
3472576,19777.7216,1995-01-29,0
2891718,19764.36,1995-03-12,0
73347,19742.208,1995-01-08,0
2575715,19740.672,1995-02-16,0
3630919,19686.8331,1995-01-14,0
4716896,19675.44,1995-01-03,0
350304,19658.9568,1995-03-03,0
624419,19632.2524,1995-01-01,0
3181894,19626.9804,1995-01-11,0
1212834,19625.6094,1995-02-26,0
3915552,19620.874,1994-12-28,0
2484578,19609.326,1994-11-28,0
3975879,19602.0188,1995-02-10,0
5508933,19593.5376,1995-02-12,0
1634530,19587.4,1995-02-23,0
384806,19587.1392,1994-12-18,0
5205957,19576.4114,1995-03-07,0
3361121,19532.52,1994-12-10,0
2304037,19530.2954,1994-12-05,0
3946403,19511.31,1995-01-15,0
687623,19478.958,1995-01-21,0
2133893,19475.1788,1995-01-12,0
4254115,19468.4716,1995-02-04,0
5296034,19459.8992,1994-12-19,0
2938726,19446.5193,1994-12-10,0
3763463,19442.0736,1994-12-20,0
3865409,19418.1696,1995-02-18,0
52391,19410.06,1994-12-13,0
4606819,19386.4566,1994-12-19,0
2859907,19369.8196,1994-12-09,0
4841792,19349.8869,1995-01-14,0
1770693,19339.5132,1994-12-16,0
5164608,19329.2,1995-02-02,0
2403716,19298.8768,1994-12-18,0
5509281,19294.1518,1995-01-03,0
3831458,19280.16,1995-01-13,0
3246885,19259.5952,1995-01-12,0
3229568,19243.467,1994-12-26,0
5631078,19233.1272,1995-02-13,0
1649891,19209.0,1995-01-19,0
1696676,19205.4408,1994-12-30,0
4742787,19202.2752,1994-12-24,0
2029830,19168.0002,1995-01-24,0
3244551,19159.36,1995-02-17,0
153701,19143.168,1995-02-23,0
3064389,19124.7048,1994-12-10,0
5982886,19119.2316,1994-12-16,0
2987778,19078.717,1994-12-22,0
5141059,19071.072,1994-12-26,0
4670080,19047.8925,1995-01-03,0
1150912,19035.0342,1995-02-05,0
2721379,19032.273,1995-01-26,0
5035589,19021.9393,1995-02-06,0
2070464,19019.8645,1995-01-07,0
3398977,19009.0608,1995-01-27,0
627044,18999.6048,1995-02-20,0
2298849,18997.7992,1995-01-18,0
5731331,18990.321,1994-12-23,0
2078662,18952.0695,1995-03-16,0
1383943,18934.1004,1995-01-23,0
5097956,18912.7125,1995-01-04,0
3016002,18898.011,1995-01-15,0
308801,18896.4158,1994-12-11,0
1903392,18857.998,1995-02-04,0
1659744,18811.2584,1994-12-19,0
3067009,18801.7284,1994-12-26,0
2206944,18722.2222,1994-12-12,0
3810816,18717.8409,1995-01-30,0
2635841,18700.689,1995-02-25,0
1883072,18655.8816,1994-12-22,0
1376897,18632.9979,1994-12-19,0
293063,18611.7552,1994-12-08,0
1505125,18611.64,1994-12-12,0
3079719,18603.264,1995-03-01,0
1595238,18600.54,1995-03-09,0
264160,18596.5878,1994-12-19,0
1742850,18575.904,1995-02-15,0
2467748,18574.9179,1994-12-21,0
4856838,18571.284,1995-03-06,0
4314434,18567.538,1995-03-19,0
4806406,18567.212,1995-01-26,0
2428549,18512.1,1995-02-19,0
4632962,18504.36,1995-03-14,0
3557286,18490.4832,1994-12-12,0
3563648,18428.85,1995-02-13,0
5956068,18415.3244,1995-03-06,0
5062790,18407.389,1994-12-20,0
4866532,18387.74,1995-03-21,0
3931044,18352.1088,1995-01-04,0
1629252,18315.783,1995-03-01,0
5833127,18312.4796,1995-01-11,0
2828481,18278.988,1995-01-18,0
4025446,18274.7656,1995-01-07,0
3163749,18272.569,1994-12-13,0
1951462,18269.6379,1995-01-05,0
873089,18254.7552,1995-01-22,0
3033859,18227.0418,1995-01-22,0
443972,18188.544,1994-12-16,0
3226818,18161.76,1994-12-10,0
2279910,18152.6488,1994-12-20,0
1560036,18148.078,1995-03-19,0
5953344,18146.4738,1994-12-11,0
2185987,18137.1028,1994-12-03,0
5592865,18121.884,1994-12-08,0
783235,18116.6895,1995-01-20,0
1359941,18114.4704,1995-01-15,0
1195525,18102.288,1995-03-03,0
4378433,18101.2515,1995-02-02,0
2952129,18099.4744,1995-03-01,0
880806,18096.312,1995-03-20,0
3931941,18059.5764,1995-01-01,0
3806016,18029.6512,1995-01-17,0
3510310,18016.104,1995-02-28,0
4241506,18008.7446,1995-01-08,0
194310,18008.64,1995-03-21,0
2740806,18001.3824,1994-12-28,0
2854372,17987.7867,1994-12-07,0
4197127,17973.6675,1994-12-04,0
2350467,17969.4768,1994-12-22,0
4507205,17952.6528,1995-01-14,0
597126,17932.7489,1995-01-05,0
2746019,17931.42,1995-01-27,0
1118437,17926.7418,1995-01-12,0
456069,17909.0512,1995-02-22,0
3758372,17891.555,1995-02-03,0
2545700,17887.73,1995-03-08,0
5275266,17886.7872,1994-12-20,0
2196261,17856.2767,1995-02-06,0
2470688,17847.7695,1995-03-05,0
4044866,17798.991,1994-12-09,0
4011618,17791.9335,1995-03-08,0
3908643,17784.8244,1995-01-03,0
2019077,17779.7939,1995-03-01,0
5012007,17771.7716,1995-01-26,0
3533283,17753.2332,1995-02-09,0
641221,17743.635,1995-02-21,0
3079879,17742.9784,1995-03-23,0
517157,17740.38,1995-01-02,0
2565632,17733.852,1995-01-12,0
2770276,17728.428,1995-01-14,0
5038627,17648.1732,1995-03-26,0
2727558,17630.0784,1995-03-24,0
191715,17611.668,1995-01-13,0
4241383,17557.74,1995-02-07,0
5220640,17540.4,1994-12-07,0
3921061,17535.8877,1995-01-25,0
552929,17534.321,1994-12-14,0
4815651,17509.8192,1995-02-19,0
3295392,17505.8701,1995-01-17,0
1158788,17455.6629,1995-01-24,0
4194407,17446.2636,1995-01-23,0
2077031,17445.554,1995-02-10,0
3364291,17431.7439,1994-12-17,0
71489,17425.9248,1995-02-21,0
608672,17407.317,1995-03-14,0
3852960,17406.0102,1995-01-01,0
2292672,17378.478,1995-01-17,0
3402915,17365.7952,1995-02-11,0
4580930,17350.681,1994-12-05,0
1776004,17348.1084,1995-01-28,0
4001828,17325.8349,1995-03-19,0
5041313,17313.202,1995-01-29,0
4011969,17305.344,1995-01-23,0
262147,17300.8836,1994-12-30,0
411584,17291.2212,1995-03-05,0
2006917,17285.73,1995-02-08,0
1248896,17280.3657,1994-12-24,0
4835104,17274.264,1995-03-15,0
5126853,17254.941,1994-12-29,0
3024677,17254.9286,1995-01-04,0
4015234,17239.9192,1995-03-23,0
1550274,17235.9716,1995-02-04,0
1110531,17205.4388,1994-12-23,0
5385666,17203.6608,1994-12-12,0
5761543,17203.626,1995-03-21,0
5883877,17135.7576,1995-01-03,0
1434053,17079.275,1995-01-08,0
1058625,17023.8672,1995-01-10,0
3541824,17013.9552,1995-01-13,0
5418531,17010.776,1995-03-01,0
4068966,16993.6998,1995-03-03,0
5747812,16986.437,1994-12-28,0
3107201,16977.2108,1994-11-28,0
81572,16975.2512,1995-03-10,0
1608518,16942.6026,1994-12-09,0
830310,16927.1596,1994-12-30,0
2956163,16919.6608,1995-03-20,0
2844197,16907.0625,1995-01-06,0
1257029,16898.154,1994-12-07,0
5606757,16897.9712,1995-03-17,0
3822691,16823.3652,1995-01-07,0
124613,16783.206,1995-03-23,0
5237600,16783.137,1995-02-19,0
2746976,16780.124,1995-02-04,0
5149159,16750.2924,1995-01-02,0
1878561,16746.9456,1995-01-26,0
5270470,16740.4644,1995-02-25,0
5010210,16725.7772,1995-02-28,0
5059492,16722.9106,1994-12-29,0
1261344,16720.6,1995-02-27,0
1708513,16719.9676,1995-02-26,0
2157217,16705.44,1994-12-16,0
3311396,16705.0296,1994-12-13,0
1492608,16700.5944,1995-02-05,0
2265570,16622.987,1995-02-18,0
4058375,16622.7156,1994-12-21,0
5582214,16621.6655,1995-01-03,0
3602083,16617.174,1995-01-14,0
3131078,16616.8652,1995-03-12,0
4585411,16616.5263,1995-01-08,0
5769186,16598.34,1994-12-30,0
5593472,16567.7967,1995-02-26,0
276132,16557.6866,1994-12-23,0
363296,16534.098,1995-02-10,0
3554980,16503.75,1995-01-25,0
4193831,16499.34,1994-12-31,0
5274977,16489.1272,1995-02-28,0
1932261,16467.262,1995-03-15,0
1593285,16444.8273,1994-12-13,0
4166753,16428.5055,1995-01-30,0
5705889,16428.39,1995-02-05,0
5351010,16395.0087,1995-01-31,0
3981699,16390.2354,1995-02-26,0
2446784,16382.5659,1995-03-15,0
5502785,16367.3328,1994-12-06,0
5636037,16365.7989,1995-01-22,0
4916644,16335.216,1994-12-15,0
5386213,16327.6968,1995-01-19,0
2639906,16316.0594,1994-12-19,0
1093990,16290.1728,1995-03-17,0
1403170,16268.6799,1995-02-03,0
3608482,16229.577,1995-01-07,0
1737703,16187.1424,1995-01-18,0
1445796,16168.9776,1995-02-11,0
964321,16151.664,1995-01-22,0
5618311,16125.024,1995-01-25,0
688676,16104.6704,1995-01-21,0
4524866,16080.428,1995-01-06,0
4043047,16068.6096,1994-12-05,0
4653188,16008.6084,1994-12-09,0
4942177,16008.6084,1994-12-13,0
5614241,15983.4935,1995-02-01,0
1129477,15965.1947,1995-01-10,0
2394821,15961.1232,1994-12-21,0
5688449,15928.512,1995-01-10,0
3370342,15927.2448,1994-12-09,0
5125894,15921.1143,1995-01-31,0
3754435,15903.8484,1995-02-07,0
3669958,15893.6349,1995-02-13,0
5922817,15891.2754,1995-01-05,0
4430368,15879.2,1995-03-04,0
584293,15873.1972,1995-02-07,0
5176609,15830.6652,1994-12-19,0
1498692,15827.6048,1995-02-23,0
1749152,15818.0325,1995-01-30,0
237795,15811.38,1995-01-04,0
5316578,15789.123,1995-03-11,0
5382918,15766.47,1995-03-01,0
5776325,15729.012,1995-03-10,0
52994,15704.847,1994-12-09,0
5994625,15685.0092,1995-01-25,0
265411,15670.9296,1995-02-18,0
3235907,15665.5224,1995-01-28,0
5976582,15659.3664,1995-01-02,0
4488544,15658.3812,1994-12-18,0
1808295,15649.02,1995-01-04,0
1444417,15630.979,1995-01-20,0
3913444,15607.53,1994-12-03,0
5832549,15545.9956,1994-12-17,0
350693,15541.05,1995-01-05,0
2398818,15507.36,1995-03-23,0
3772036,15505.1227,1995-02-24,0
4176967,15448.9275,1995-01-21,0
1275303,15405.5174,1995-02-27,0
4628643,15389.2024,1995-02-15,0
2505796,15380.4924,1994-12-20,0
4633701,15372.2808,1995-02-13,0
4096993,15340.4361,1995-01-08,0
1455268,15331.7934,1995-02-15,0
361601,15309.0945,1995-01-22,0
4909831,15281.662,1994-12-13,0
5616675,15255.856,1994-12-29,0
1153472,15241.4925,1995-03-22,0
932997,15240.2796,1995-02-20,0
4929280,15220.4349,1995-03-18,0
3670085,15197.3586,1995-03-26,0
5758658,15196.2,1995-02-12,0
4257825,15155.0289,1995-01-01,0
640454,15154.8243,1995-02-08,0
4109281,15145.5472,1994-12-31,0
4736674,15125.5104,1994-12-18,0
3611014,15117.9534,1995-01-16,0
4481537,15105.9216,1995-03-09,0
4599360,15099.2564,1994-12-31,0
5977154,15099.2205,1995-02-06,0
4287462,15098.3118,1995-01-21,0
5176225,15091.23,1995-02-09,0
2191781,15074.8176,1995-03-02,0
2181988,15074.3664,1994-12-08,0
5693927,15072.12,1995-01-14,0
552608,15032.6528,1995-02-24,0
2519556,14993.678,1995-01-13,0
5848134,14980.4416,1995-02-02,0
3823237,14957.826,1994-12-19,0
5586375,14942.5892,1995-02-27,0
372195,14940.396,1995-01-13,0
5516194,14934.9174,1995-01-09,0
2299334,14917.5544,1994-12-31,0
4966338,14885.952,1994-12-19,0
5527937,14855.5782,1995-03-04,0
5552199,14795.8342,1995-03-03,0
3283205,14761.1584,1995-01-04,0
414916,14738.448,1995-02-06,0
1725120,14735.292,1995-01-04,0
151554,14734.5716,1995-01-29,0
4465990,14733.132,1995-02-13,0
1176037,14686.278,1995-02-20,0
5766468,14673.2949,1995-02-14,0
4363394,14611.136,1995-01-08,0
5220545,14573.376,1994-12-16,0
304353,14558.0526,1994-12-15,0
2532289,14556.9764,1995-03-10,0
4230118,14551.5006,1995-01-15,0
1773921,14538.0144,1995-02-06,0
5198785,14537.812,1995-01-05,0
4786529,14528.1248,1995-03-23,0
126116,14523.396,1995-01-31,0
939042,14518.2609,1995-02-23,0
291332,14497.551,1995-01-09,0
3055874,14479.6176,1994-12-14,0
2826405,14463.3208,1995-01-06,0
1088641,14458.95,1994-12-02,0
2889862,14417.2688,1994-12-28,0
2570240,14377.794,1994-12-22,0
3415235,14365.14,1995-01-11,0
4835394,14329.5372,1994-12-01,0
1137025,14227.1444,1995-01-21,0
5959590,14217.723,1994-12-28,0
3875521,14180.3234,1994-11-30,0
35364,14163.8224,1994-12-13,0
1316292,14159.904,1994-12-22,0
2865632,14158.4625,1995-01-06,0
1996897,14142.4976,1995-03-03,0
701251,14105.4032,1994-12-11,0
2473568,14104.004,1995-01-25,0
3975652,14101.8,1995-03-12,0
1366082,14074.9328,1994-12-16,0
2515365,14072.7312,1994-12-23,0
5360387,14059.088,1995-01-20,0
4604199,14021.4888,1995-02-18,0
4997153,14019.5664,1995-01-05,0
5234948,13982.04,1994-12-18,0
5892964,13973.85,1994-12-06,0
2006432,13968.3489,1994-12-09,0
4272576,13963.5936,1994-12-25,0
1394116,13950.7844,1995-01-03,0
3273024,13901.5632,1995-01-30,0
996932,13896.6552,1995-01-09,0
3202404,13883.1795,1995-02-10,0
4579621,13878.4828,1994-12-26,0
3145061,13858.0704,1994-12-22,0
3745442,13806.204,1995-01-10,0
5623846,13801.032,1994-12-02,0
4801122,13783.608,1995-02-23,0
4424613,13771.9824,1994-12-26,0
1747238,13770.2268,1994-12-19,0
5192004,13756.86,1995-01-03,0
576610,13752.31,1995-02-03,0
1552513,13750.5856,1995-02-20,0
4571399,13723.0976,1995-02-23,0
5475556,13717.6488,1995-01-20,0
1847393,13685.661,1995-02-18,0
3659781,13684.72,1995-02-06,0
3008738,13668.06,1994-12-15,0
1840899,13639.86,1994-12-03,0
1240641,13639.5009,1995-02-05,0
3535328,13631.1552,1994-12-22,0
576870,13596.264,1995-01-11,0
5728581,13594.0948,1994-12-20,0
5132704,13547.1336,1995-01-27,0
2988612,13537.968,1995-02-19,0
2798821,13529.6568,1995-01-06,0
5855233,13527.2016,1995-03-25,0
1855813,13513.77,1995-01-04,0
805057,13506.668,1995-03-05,0
2605287,13492.3968,1995-01-18,0
2431142,13462.3368,1994-12-25,0
827140,13455.1368,1995-01-06,0
704066,13444.604,1994-12-27,0
3512485,13439.3444,1995-01-16,0
1769824,13438.8792,1995-03-12,0
131779,13430.2014,1995-01-20,0
5333603,13424.6888,1995-01-18,0
5735264,13398.48,1995-02-08,0
5581479,13397.1096,1995-01-05,0
1440609,13397.045,1994-12-09,0
811943,13396.4284,1994-12-29,0
4058023,13388.4355,1994-12-11,0
3361859,13370.22,1995-01-07,0
1487589,13365.7941,1995-02-27,0
4583747,13352.794,1995-01-22,0
688356,13333.383,1995-01-14,0
765027,13298.175,1995-02-25,0
3728871,13285.1895,1995-01-13,0
1358659,13276.008,1995-02-21,0
2721440,13262.9718,1995-03-11,0
4101600,13251.2562,1995-03-02,0
3604422,13239.8175,1994-12-08,0
3415072,13223.457,1995-02-03,0
1717122,13196.3104,1994-12-08,0
4288546,13189.275,1995-02-02,0
2171041,13131.3588,1995-01-03,0
4472836,13130.7072,1995-02-11,0
3569442,13113.3816,1994-12-06,0
5425345,13112.1792,1995-01-24,0
3637479,13105.1872,1995-01-23,0
996483,13086.1731,1994-12-18,0
3101062,13049.631,1995-01-07,0
2596036,13048.128,1994-12-12,0
344385,13030.6534,1995-03-17,0
5651619,13007.54,1994-12-18,0
2846944,12982.2084,1995-01-22,0
3798883,12962.95,1995-02-09,0
5360512,12961.5192,1994-12-10,0
2144066,12958.7931,1994-12-05,0
5940805,12955.4558,1995-03-26,0
106434,12949.146,1994-12-19,0
4143588,12944.5288,1994-12-29,0
5119426,12938.604,1994-12-07,0
3341056,12937.76,1995-02-08,0
3639651,12927.4464,1994-12-29,0
4494274,12909.0108,1995-02-23,0
2673157,12906.2376,1995-03-07,0
4091457,12880.9044,1994-12-24,0
1866692,12877.2756,1995-01-08,0
4800034,12864.78,1994-12-21,0
79907,12838.5576,1995-03-18,0
825959,12834.2148,1995-01-30,0
5145730,12831.4095,1995-01-05,0
2672646,12830.5206,1995-02-15,0
4758753,12822.4,1994-12-18,0
748002,12819.0244,1995-03-26,0
547392,12818.7731,1995-01-30,0
922530,12812.544,1995-02-17,0
4968484,12800.9952,1995-01-13,0
5731364,12800.8188,1995-02-25,0
5887269,12788.958,1995-01-11,0
249187,12784.662,1995-02-23,0
3892226,12780.1344,1994-12-11,0
1908580,12759.5424,1994-12-19,0
2383076,12740.2254,1995-01-03,0
4610977,12726.8141,1994-12-19,0
1403491,12696.0,1995-02-17,0
2099940,12679.7594,1995-01-09,0
3917220,12671.9604,1994-12-15,0
2230561,12668.3232,1995-01-27,0
1901988,12648.987,1995-03-21,0
4922720,12645.2844,1994-12-19,0
2490496,12642.1152,1995-03-21,0
378881,12635.7504,1995-02-07,0
1763104,12613.404,1994-12-25,0
4992066,12591.5064,1995-02-20,0
163046,12578.9118,1995-01-02,0
3466688,12570.696,1994-12-30,0
2538690,12525.84,1995-01-23,0
97539,12510.0085,1995-02-24,0
5082051,12486.276,1994-12-15,0
1356231,12440.5992,1994-12-12,0
5079552,12436.1568,1995-03-17,0
3684354,12395.2675,1995-03-07,0
4805797,12392.4528,1995-01-26,0
1065537,12385.156,1995-01-14,0
4236514,12368.7707,1995-02-23,0
5315586,12315.4288,1995-01-27,0
4508805,12292.0,1995-02-08,0
2311751,12278.7819,1994-12-25,0
3599175,12269.4726,1995-03-19,0
893696,12258.6688,1995-01-06,0
1036163,12250.5084,1995-02-11,0
124419,12234.1632,1994-12-16,0
3442724,12226.7937,1995-01-29,0
4960100,12217.4585,1995-02-23,0
521826,12184.2928,1995-03-14,0
2540802,12182.8212,1994-12-03,0
1127680,12179.048,1995-03-13,0
3939781,12164.0652,1995-03-19,0
60231,12149.3496,1995-01-15,0
3456002,12144.132,1995-02-16,0
4100224,12120.732,1995-03-03,0
1613220,12093.624,1995-02-19,0
1833767,12083.4945,1995-01-07,0
3770405,12080.884,1995-02-06,0
2011649,12080.3606,1994-12-31,0
1239909,12077.373,1995-01-04,0
3770980,12046.112,1995-02-08,0
2941728,11999.697,1995-03-26,0
1368359,11980.539,1995-01-10,0
2955269,11965.2412,1995-01-18,0
1942213,11936.8704,1995-03-20,0
545252,11936.712,1994-12-12,0
357921,11934.9545,1995-02-02,0
2560962,11929.986,1994-12-26,0
1494113,11927.43,1995-02-21,0
479201,11913.588,1995-01-05,0
4816928,11901.2544,1994-12-06,0
3060512,11858.1336,1995-03-14,0
3699940,11853.1686,1995-02-10,0
94017,11820.3618,1994-12-12,0
1115239,11780.66,1995-01-21,0
4275684,11777.74,1994-12-29,0
513027,11764.8531,1994-12-20,0
581606,11760.696,1994-12-07,0
3737094,11727.2418,1994-12-27,0
5440902,11725.9521,1995-02-03,0
771108,11699.9712,1995-02-18,0
5830471,11686.644,1995-02-05,0
5565952,11684.832,1994-12-14,0
4140614,11675.3175,1995-01-27,0
4289701,11658.792,1995-01-20,0
1537888,11654.4736,1995-02-18,0
1686050,11631.3054,1995-01-28,0
3789253,11616.472,1995-01-28,0
521188,11577.0732,1994-12-31,0
1585574,11574.04,1994-12-14,0
1834530,11544.528,1995-01-13,0
674624,11518.5438,1994-12-27,0
5320935,11496.24,1994-12-27,0
2858595,11491.1251,1995-01-10,0
3809858,11473.002,1994-12-18,0
394823,11464.6752,1995-03-16,0
1169537,11428.56,1995-01-18,0
955137,11401.824,1994-12-04,0
3162851,11398.9752,1995-01-18,0
5689568,11331.1122,1995-02-18,0
3234055,11323.62,1995-01-20,0
5343109,11299.6367,1994-12-05,0
4998949,11280.1962,1995-01-15,0
3331559,11251.3488,1995-02-08,0
2692224,11216.358,1995-01-14,0
1888546,11207.58,1994-12-22,0
1230436,11146.5312,1994-12-28,0
2255585,11126.6652,1995-03-23,0
1455750,11113.83,1995-02-13,0
1997669,11084.1588,1995-02-16,0
1702884,11079.243,1994-12-05,0
1257024,11078.7264,1995-01-21,0
643079,11063.016,1995-01-26,0
385764,11043.28,1995-02-21,0
1048128,11040.986,1995-02-20,0
2264711,11012.256,1995-02-04,0
5734950,10993.0912,1995-03-12,0
1780487,10992.429,1995-01-03,0
4592580,10972.44,1994-12-07,0
1576039,10931.1744,1995-01-28,0
258470,10924.392,1994-12-08,0
5178503,10919.3346,1995-03-03,0
2579207,10917.991,1995-03-17,0
4873188,10907.76,1994-12-15,0
501319,10895.8596,1995-01-11,0
1712483,10791.744,1994-12-23,0
2076295,10783.1724,1995-01-10,0
2842951,10758.8124,1994-12-10,0
4387460,10718.644,1995-01-11,0
3184806,10698.2016,1995-02-01,0
577412,10683.4308,1995-03-23,0
2675015,10643.388,1995-01-28,0
1360483,10612.887,1994-12-18,0
4386497,10594.74,1994-12-18,0
5671846,10578.854,1994-12-09,0
4947332,10570.944,1995-02-04,0
148229,10557.184,1995-01-20,0
2250372,10539.13,1995-02-13,0
3480737,10529.622,1995-03-24,0
5531010,10525.3344,1994-12-15,0
1088487,10507.6608,1994-12-22,0
1636833,10505.7666,1994-12-17,0
698818,10467.404,1994-12-24,0
320000,10444.644,1995-02-02,0
1817025,10432.3644,1994-12-11,0
2021605,10411.7013,1995-01-09,0
811366,10395.4976,1995-01-15,0
2685154,10393.9308,1995-01-27,0
1167104,10387.3374,1995-01-14,0
1880354,10386.6035,1994-12-12,0
799424,10372.7547,1995-01-09,0
5794310,10329.174,1994-12-24,0
5872452,10280.2884,1995-02-03,0
4501382,10276.8687,1995-03-14,0
380646,10271.8314,1995-01-26,0
824448,10267.6149,1995-02-12,0
5263488,10191.596,1994-12-04,0
3178499,10190.3256,1995-01-02,0
5478337,10187.6544,1995-02-13,0
14178,10170.5184,1995-01-01,0
453508,10139.0016,1995-02-18,0
2650211,10118.0838,1995-01-20,0
5635618,10113.822,1995-03-09,0
3770689,10103.4528,1995-01-11,0
5731393,10089.7132,1994-12-12,0
535717,10081.76,1995-03-02,0
5508517,10079.0784,1994-12-31,0
1046401,10061.415,1994-12-02,0
795975,10051.38,1995-02-20,0
2865701,10049.8132,1995-01-02,0
2403781,10030.3203,1995-02-08,0
772870,9977.8508,1994-12-23,0
4689478,9939.3792,1995-03-23,0
2537060,9920.8476,1995-03-17,0
4635328,9913.491,1995-01-20,0
687111,9894.654,1995-02-11,0
1056257,9888.39,1995-02-03,0
5556418,9875.856,1995-01-29,0
4576999,9872.1888,1995-01-26,0
3261991,9844.344,1995-01-27,0
2351520,9829.2432,1994-12-26,0
4277442,9828.36,1995-01-14,0
1726432,9735.8166,1995-01-10,0
1964994,9733.2613,1994-12-07,0
1160194,9711.147,1995-02-27,0
710272,9691.776,1995-01-17,0
4700390,9689.3388,1995-01-30,0
4101863,9685.5264,1995-02-21,0
5099520,9654.1008,1995-01-16,0
4144546,9629.088,1995-02-05,0
3354177,9584.4,1995-02-08,0
5552960,9570.2448,1995-01-03,0
4461184,9531.3792,1995-01-17,0
4793541,9519.039,1995-02-15,0
1127585,9498.888,1995-01-12,0
4821665,9482.5136,1995-01-12,0
4624708,9481.8696,1995-03-17,0
4248162,9464.28,1994-12-13,0
1833829,9462.672,1995-01-09,0
2033473,9460.176,1995-01-12,0
5282981,9456.4512,1995-01-22,0
1364832,9442.7625,1994-12-21,0
5674117,9427.542,1995-02-14,0
5803841,9419.319,1995-02-12,0
755203,9390.5136,1995-01-21,0
687494,9375.3,1994-12-23,0
1485698,9372.4204,1994-11-27,0
3305670,9370.746,1995-02-22,0
4963683,9359.8065,1994-12-18,0
1025892,9356.768,1995-01-02,0
2020259,9334.45,1995-03-13,0
5501639,9320.652,1995-01-03,0
2349283,9312.1455,1995-01-15,0
5564641,9303.06,1994-12-31,0
5616935,9258.0976,1994-12-13,0
3718272,9245.628,1994-12-14,0
1585664,9219.6576,1995-03-08,0
3941254,9198.37,1995-02-11,0
3868128,9195.818,1995-03-06,0
5728870,9191.567,1995-01-26,0
3194855,9183.66,1995-01-01,0
1579302,9181.56,1994-12-17,0
4895140,9134.2475,1995-03-05,0
1311042,9123.876,1995-01-20,0
635461,9105.621,1995-02-09,0
3642020,9101.19,1994-12-10,0
5445124,9089.518,1995-02-04,0
4222469,9080.6744,1995-01-10,0
2134278,9071.3088,1995-03-07,0
5880772,9063.6,1995-01-23,0
4252192,9017.2512,1995-01-29,0
430497,8999.0712,1994-12-19,0
4899105,8998.3117,1994-12-05,0
103235,8948.7855,1995-03-10,0
656487,8925.2064,1994-12-23,0
5311015,8905.6325,1994-12-07,0
3851810,8873.6832,1994-12-24,0
3715811,8858.6225,1995-01-16,0
856290,8854.434,1995-02-09,0
4509958,8828.9376,1995-03-17,0
3995939,8812.6304,1995-01-02,0
3045633,8799.861,1994-12-06,0
774433,8795.271,1995-03-02,0
5915489,8778.084,1994-12-23,0
3268801,8752.464,1995-01-21,0
5784993,8751.12,1995-01-13,0
1772769,8750.6874,1995-01-06,0
5690148,8747.98,1995-02-24,0
5287300,8734.32,1994-12-14,0
2314146,8725.528,1994-12-08,0
3008036,8706.926,1995-02-10,0
1474,8706.3225,1995-01-09,0
3425959,8683.722,1995-01-10,0
3398759,8674.8746,1994-12-19,0
2357700,8648.22,1995-01-06,0
2413350,8636.752,1995-03-09,0
4010756,8577.5872,1995-03-17,0
5347143,8547.6648,1995-03-02,0
5127936,8532.1455,1995-03-03,0
107937,8501.736,1994-12-10,0
5044038,8493.513,1995-01-19,0
1027200,8444.2995,1994-12-19,0
5407552,8439.768,1995-03-24,0
349602,8436.864,1994-12-16,0
5038337,8383.15,1994-12-09,0
1226502,8355.501,1995-02-12,0
5059077,8328.6672,1995-01-09,0
1918759,8311.5774,1995-02-01,0
2890818,8306.952,1994-11-30,0
3280100,8292.1239,1995-02-03,0
2454146,8274.6006,1995-03-24,0
241505,8258.166,1995-03-04,0
2557991,8238.4344,1994-12-20,0
1676065,8237.0508,1994-12-23,0
5630599,8234.7008,1995-03-15,0
991527,8226.9082,1995-03-05,0
5435681,8199.415,1995-01-24,0
2699525,8197.2324,1994-12-10,0
1120963,8127.49,1995-03-09,0
5370368,8118.324,1995-01-05,0
1027013,8089.8,1994-12-28,0
1481922,8062.9065,1995-01-10,0
4304071,8056.7685,1994-12-11,0
1928290,8049.15,1995-01-27,0
747364,8031.988,1994-11-28,0
2426407,8030.73,1994-12-17,0
3109095,8023.7248,1995-01-22,0
5078437,8007.2568,1994-12-07,0
4154337,8004.4542,1995-01-17,0
2820608,7996.1668,1994-12-09,0
558594,7974.7112,1994-12-18,0
2833799,7936.6644,1995-03-26,0
1757510,7935.893,1995-02-27,0
2478630,7913.934,1995-01-07,0
5927397,7912.5888,1994-12-29,0
3682279,7903.35,1995-02-07,0
4164743,7892.9,1995-02-20,0
374372,7817.5152,1995-02-13,0
5634599,7804.524,1994-12-04,0
5320037,7789.62,1995-01-05,0
2217381,7787.52,1995-01-27,0
4542374,7751.9611,1995-01-25,0
153953,7731.2298,1995-02-05,0
5385765,7725.6774,1995-02-18,0
5295233,7682.0436,1995-01-11,0
5356674,7665.522,1995-02-15,0
4368545,7656.7764,1995-02-06,0
904706,7647.6288,1995-03-21,0
2798788,7624.512,1995-01-30,0
3872101,7623.123,1995-02-04,0
676321,7598.4174,1995-02-13,0
2519712,7575.56,1995-01-18,0
5508131,7534.5066,1995-02-18,0
4226628,7507.95,1995-01-17,0
2066560,7399.392,1995-01-01,0
5942784,7372.152,1995-01-30,0
3228448,7359.975,1995-01-14,0
2552228,7350.525,1995-03-14,0
4024769,7346.745,1995-01-26,0
2393734,7340.0715,1994-11-30,0
2642341,7338.87,1994-12-16,0
972807,7327.8828,1995-02-19,0
1646657,7319.6886,1995-01-05,0
3189475,7305.648,1995-01-03,0
5100643,7303.0575,1995-03-01,0
3679299,7300.566,1995-01-27,0
5545447,7290.5728,1995-03-25,0
3245670,7263.803,1994-12-21,0
5144067,7257.544,1995-01-31,0
2521347,7249.2504,1995-02-10,0
3195495,7237.1,1994-12-11,0
5874082,7230.2976,1995-02-03,0
5750305,7222.032,1995-03-16,0
398535,7210.8612,1995-03-16,0
2249607,7209.2748,1995-03-11,0
2480833,7195.923,1995-02-19,0
940166,7158.7593,1994-12-21,0
4056611,7151.334,1995-02-17,0
4753383,7139.424,1995-02-02,0
152037,7122.72,1994-12-09,0
2781091,7090.6472,1994-12-18,0
1050435,7055.7342,1995-01-13,0
60323,7027.28,1994-12-10,0
2584992,7027.2,1994-12-18,0
3432323,7003.381,1995-03-03,0
4036323,6969.312,1994-12-01,0
3245377,6944.4756,1995-02-15,0
2292864,6929.2006,1995-01-11,0
3812451,6904.3944,1995-01-09,0
147843,6840.6065,1994-12-17,0
3938916,6837.0624,1995-01-10,0
5732288,6792.1434,1994-12-04,0
4956900,6787.4004,1995-01-08,0
5391910,6777.225,1994-12-28,0
3970982,6777.196,1995-02-24,0
1217797,6758.3556,1994-12-25,0
2761156,6736.002,1995-01-17,0
985251,6703.8074,1995-01-26,0
5985,6674.6232,1995-01-12,0
5895650,6664.06,1994-12-17,0
1034370,6605.4552,1994-12-21,0
5242053,6558.752,1994-12-25,0
5101858,6558.16,1995-03-20,0
2385667,6556.8,1995-01-20,0
2653669,6524.4168,1995-01-31,0
5837476,6510.198,1995-01-31,0
5665539,6509.5704,1994-12-26,0
638629,6504.8942,1995-03-14,0
3543360,6487.0476,1995-02-04,0
4010304,6479.1612,1995-01-14,0
787428,6475.713,1995-03-19,0
549765,6438.8402,1995-02-09,0
3179298,6411.15,1994-12-02,0
565315,6399.4752,1994-12-11,0
1888871,6391.2912,1995-01-01,0
3594278,6381.7875,1995-01-20,0
5613703,6364.26,1995-01-21,0
2044839,6363.63,1995-02-10,0
4695008,6359.832,1995-03-10,0
4973601,6356.925,1994-12-11,0
1131975,6353.7408,1995-01-05,0
5363206,6347.5596,1994-12-25,0
3949574,6326.55,1995-01-01,0
5147715,6309.8016,1995-02-09,0
4932903,6294.64,1995-03-02,0
274752,6291.4752,1995-01-13,0
4322401,6281.6064,1995-02-13,0
3520742,6261.35,1995-02-04,0
2027335,6252.36,1995-01-04,0
3812292,6243.7824,1994-12-01,0
5008743,6240.85,1994-12-09,0
170817,6221.7096,1995-03-03,0
590368,6178.986,1994-12-31,0
2704197,6140.6238,1994-12-16,0
3040098,6139.622,1994-12-09,0
2799329,6107.976,1995-03-17,0
576007,6080.6592,1995-03-12,0
3377987,6070.6704,1995-02-01,0
1835522,6058.98,1995-01-04,0
291584,6057.576,1995-01-05,0
110599,6034.3465,1995-01-11,0
2928803,6021.47,1995-02-16,0
1109314,6014.1312,1995-02-10,0
2619585,6012.9732,1995-02-14,0
3198400,6007.392,1994-12-05,0
649507,6005.938,1995-03-07,0
115200,6004.7296,1994-12-25,0
2342983,6001.344,1994-12-21,0
4779074,5936.05,1994-12-14,0
3784865,5927.7528,1994-12-19,0
5758919,5903.68,1995-02-02,0
5050853,5894.0256,1995-03-01,0
4481282,5883.4809,1995-01-06,0
4633281,5865.5124,1995-01-18,0
5040001,5857.6525,1994-12-22,0
1133216,5830.0492,1995-01-13,0
1391335,5819.1804,1995-01-26,0
1421606,5796.9184,1995-01-24,0
3186563,5776.1648,1995-02-19,0
3436227,5771.4612,1995-02-08,0
4369441,5761.1872,1995-03-13,0
4155136,5758.9288,1995-02-06,0
592865,5749.7076,1995-01-10,0
2747491,5745.429,1995-02-22,0
2548737,5740.1496,1995-01-13,0
3566688,5737.104,1994-12-21,0
5119809,5732.5336,1995-02-22,0
2011686,5727.8096,1995-02-15,0
5116514,5718.49,1995-02-18,0
2188966,5696.91,1995-03-19,0
5596837,5685.225,1995-02-27,0
494407,5665.2036,1994-12-31,0
2872417,5650.141,1995-03-10,0
5346658,5645.442,1995-02-20,0
5625895,5636.5036,1994-12-18,0
508677,5594.5545,1995-01-16,0
3734566,5572.002,1994-12-24,0
2532007,5567.184,1995-01-12,0
5720322,5563.0575,1994-12-25,0
4906913,5529.7662,1994-12-20,0
5283777,5529.485,1995-01-09,0
2389572,5525.2992,1995-02-16,0
3690400,5501.64,1994-12-18,0
3797249,5452.6416,1995-01-31,0
4148645,5446.2078,1995-01-01,0
849795,5439.7475,1994-12-27,0
4491972,5423.3505,1995-01-18,0
4387938,5419.944,1995-01-16,0
4143521,5382.2882,1995-01-09,0
5519936,5370.6105,1994-12-23,0
2188258,5369.7024,1995-03-10,0
4899303,5364.945,1995-01-01,0
871906,5343.084,1995-01-25,0
3976928,5312.972,1994-12-14,0
3264615,5310.819,1994-12-13,0
3329572,5296.998,1994-12-23,0
3375424,5295.9708,1995-01-03,0
1862501,5295.1131,1994-12-06,0
920644,5289.7592,1995-03-25,0
2991072,5269.46,1995-02-08,0
5796034,5209.173,1995-02-24,0
4117893,5197.1328,1995-01-23,0
4336195,5182.8216,1994-12-10,0
3998148,5153.787,1995-01-21,0
2107425,5142.578,1995-03-05,0
3062819,5132.565,1995-01-13,0
520387,5117.2704,1994-12-18,0
2772581,5110.5978,1995-02-14,0
376131,5105.034,1994-12-27,0
1073122,5085.9234,1995-01-08,0
2720704,5060.6136,1995-01-05,0
1112643,5021.6124,1995-02-10,0
59937,5005.8304,1994-12-29,0
930594,5000.3,1995-03-23,0
290114,4998.728,1995-02-10,0
5603718,4997.4705,1995-03-15,0
3290402,4981.4835,1994-12-06,0
1189793,4963.536,1995-01-12,0
2357697,4934.2452,1994-12-28,0
2350082,4888.8672,1995-02-21,0
3379203,4870.2633,1994-12-08,0
5601313,4849.7769,1995-01-18,0
5234338,4782.9633,1995-01-16,0
266564,4782.5412,1995-01-07,0
1280870,4766.15,1994-12-18,0
3514181,4754.7955,1995-02-02,0
5182180,4751.0406,1994-12-15,0
2091714,4746.016,1995-03-06,0
3921287,4720.6,1995-02-11,0
3140327,4705.617,1995-01-25,0
1430821,4704.2187,1995-03-03,0
2394215,4695.6455,1995-02-01,0
4837090,4683.8325,1994-12-27,0
5652610,4682.1456,1995-01-01,0
837888,4673.9328,1994-12-02,0
4290019,4657.5966,1994-12-07,0
5777830,4645.35,1995-03-19,0
2578594,4572.56,1995-02-15,0
5403525,4558.788,1995-02-19,0
3281733,4520.52,1995-03-11,0
4111969,4517.2092,1995-01-06,0
1671232,4500.198,1995-01-23,0
349062,4477.71,1994-12-29,0
5605121,4473.531,1994-12-23,0
3742720,4462.2,1995-03-25,0
1541286,4457.433,1995-01-25,0
3341253,4432.545,1995-01-06,0
1700099,4414.536,1995-01-04,0
704579,4372.785,1995-01-12,0
3430305,4339.7445,1994-12-12,0
4338244,4328.504,1994-12-22,0
1639907,4327.1136,1995-03-19,0
2305600,4324.5,1994-12-02,0
1508517,4308.16,1995-02-22,0
4821922,4291.9965,1995-02-05,0
249635,4278.2688,1995-02-09,0
5940609,4248.045,1994-11-29,0
3207332,4233.9856,1994-12-20,0
5804645,4175.4582,1995-01-29,0
1351458,4164.2145,1995-01-18,0
3435969,4155.798,1995-02-26,0
4695975,4124.8755,1994-12-14,0
5491463,4042.6395,1995-03-12,0
2938465,4008.6112,1995-02-21,0
699777,3995.6895,1994-12-31,0
4426560,3952.536,1994-12-27,0
1318049,3928.8102,1995-01-14,0
310213,3883.2768,1995-03-01,0
4727109,3864.6828,1995-01-06,0
4721123,3861.6237,1995-01-05,0
2921798,3851.72,1995-03-25,0
3276870,3848.688,1994-12-17,0
2414339,3843.4914,1994-12-04,0
1015557,3838.2201,1995-03-17,0
5352679,3783.7618,1994-12-18,0
768903,3777.0054,1994-12-27,0
3129347,3766.851,1994-12-13,0
2001857,3765.249,1995-01-06,0
3145058,3754.5872,1995-01-15,0
5227911,3753.94,1995-02-02,0
5361602,3743.8848,1994-12-20,0
3692164,3737.171,1994-12-16,0
3485735,3693.546,1994-12-13,0
5369505,3687.6296,1995-02-01,0
1428835,3685.66,1994-11-29,0
941671,3684.6726,1995-01-07,0
1346500,3659.328,1995-01-26,0
3845666,3656.5508,1994-12-01,0
4887777,3582.792,1995-01-28,0
5117862,3495.219,1995-01-26,0
3785446,3461.6036,1994-12-16,0
2284770,3455.8888,1995-01-04,0
2061541,3444.6654,1995-02-09,0
5046981,3444.5898,1994-12-24,0
5917990,3438.9912,1995-02-18,0
5943492,3434.9643,1995-02-15,0
4823264,3428.6274,1994-12-14,0
3053604,3410.4434,1994-12-01,0
2095909,3402.399,1995-02-24,0
635846,3399.8944,1995-02-20,0
1606370,3384.3396,1995-01-05,0
2113442,3360.45,1995-02-21,0
5380384,3359.18,1994-12-06,0
1309219,3312.4125,1994-12-21,0
2669312,3295.7433,1995-03-09,0
2344515,3286.0278,1994-12-19,0
2722977,3273.4746,1995-02-12,0
5272387,3254.4264,1995-02-09,0
1235811,3249.0136,1995-02-28,0
5897729,3229.5345,1995-01-22,0
299078,3172.456,1994-12-11,0
1356775,3158.8284,1994-12-20,0
1328195,3153.3,1995-03-01,0
162880,3135.1068,1995-01-10,0
2313760,3129.84,1995-01-15,0
3084641,3109.8795,1994-12-30,0
518084,3073.573,1995-02-26,0
906789,3063.5136,1994-12-28,0
2722500,3045.87,1994-12-11,0
4962658,3021.7374,1995-03-23,0
4230689,2997.364,1995-01-28,0
4480002,2990.386,1994-12-03,0
15106,2972.8635,1995-01-28,0
3403142,2957.274,1994-12-16,0
4374115,2954.9,1995-01-19,0
444805,2954.61,1995-03-19,0
2586114,2912.0904,1995-03-02,0
4508581,2893.3974,1995-02-24,0
3112513,2889.7464,1995-02-25,0
1722529,2886.72,1995-03-25,0
5434117,2801.862,1995-01-06,0
1287492,2799.5968,1995-01-25,0
3392611,2778.0844,1995-01-19,0
3014212,2752.7864,1995-01-02,0
1770567,2728.78,1994-12-09,0
3093798,2707.1408,1995-02-27,0
3360102,2675.3124,1995-02-11,0
2944131,2643.408,1995-01-03,0
2054529,2636.6436,1995-01-12,0
2722946,2563.7824,1994-12-25,0
1770272,2504.16,1994-12-27,0
4037731,2502.832,1995-02-19,0
3805953,2497.1874,1995-01-16,0
5098054,2491.6956,1994-12-15,0
3339296,2485.5366,1995-03-23,0
5558918,2459.7356,1994-12-06,0
5010982,2455.9568,1995-02-03,0
3770341,2445.012,1995-01-03,0
5935073,2374.3764,1995-01-29,0
925825,2344.6696,1995-02-13,0
1838471,2337.2804,1995-02-19,0
4677281,2299.05,1995-01-07,0
2814912,2290.0696,1994-12-24,0
864928,2250.5592,1995-01-21,0
1150117,2169.8304,1995-02-13,0
5476512,2149.122,1995-01-06,0
4565541,2141.585,1994-12-15,0
112928,2140.632,1995-01-15,0
304484,2136.2116,1995-01-03,0
2706181,2099.0574,1994-12-30,0
1693217,2044.944,1994-12-19,0
4570118,2012.94,1994-12-20,0
4225473,1994.97,1995-02-24,0
5331173,1936.5164,1995-02-24,0
3337127,1917.553,1995-01-30,0
948578,1899.9435,1994-12-26,0
3020450,1886.4954,1995-01-05,0
4988454,1885.52,1995-03-06,0
4787526,1884.895,1995-01-10,0
2251488,1828.746,1995-03-08,0
2083749,1806.75,1994-12-12,0
4358660,1786.5557,1994-12-06,0
3855044,1773.7784,1995-03-03,0
5170947,1750.5687,1995-01-19,0
4814535,1715.49,1995-01-16,0
1857504,1711.615,1994-12-12,0
2581638,1680.8063,1995-01-07,0
3482177,1670.192,1995-01-13,0
1962597,1617.8745,1994-12-09,0
1581540,1611.8175,1995-02-17,0
5762306,1606.0256,1994-12-12,0
2912097,1595.4642,1994-12-17,0
4302085,1585.4949,1995-02-22,0
5620803,1571.1744,1994-12-26,0
879937,1570.224,1994-11-28,0
3446304,1566.64,1994-12-29,0
4629632,1566.585,1995-03-16,0
5550149,1564.83,1994-12-29,0
3592357,1555.5924,1995-01-21,0
2966724,1532.1537,1995-03-01,0
845348,1522.5365,1994-12-22,0
2963781,1499.949,1994-12-10,0
2825696,1457.808,1995-01-29,0
5808704,1450.0992,1995-01-30,0
4142726,1448.2559,1995-01-13,0
2827170,1445.01,1995-02-11,0
1668613,1425.5605,1994-12-31,0
428801,1424.3124,1995-02-11,0
2067812,1422.46,1995-02-04,0
3879461,1404.2853,1995-02-21,0
135490,1403.7716,1994-12-20,0
4524839,1389.1206,1995-03-23,0
395456,1377.7764,1995-01-14,0
5837415,1352.1312,1995-03-20,0
2406240,1350.974,1995-02-15,0
4436164,1339.5999,1995-01-02,0
316481,1317.3888,1995-01-15,0
4093604,1294.9785,1995-02-09,0
2770368,1286.46,1995-02-16,0
3101541,1267.1252,1995-02-22,0
5110275,1254.0864,1995-02-15,0
3658913,1249.248,1995-02-06,0
5344800,1243.5456,1994-12-12,0
1743651,1227.5928,1995-01-27,0
5108387,1208.8608,1994-12-27,0
2292865,1166.6304,1995-02-03,0
3341634,1136.0258,1994-12-12,0
5325828,1119.4673,1995-03-26,0
2953734,1115.6064,1994-12-12,0
4541856,1101.0664,1995-03-13,0
1323718,1090.771,1995-02-06,0
3096707,1079.8974,1995-03-21,0
5795111,1068.8355,1995-01-13,0
5035648,1061.3728,1994-12-30,0
5954082,1058.4045,1995-01-28,0
2339777,1052.469,1995-01-04,0
4897824,1000.01,1994-11-30,0
3781186,990.5523,1995-02-18,0
4638597,967.8768,1994-12-22,0
4985222,958.4085,1994-12-14,0
1433479,935.5698,1994-12-25,0
5259970,913.7594,1994-12-11,0
3225057,894.2768,1995-03-13,0
